Feature,Score,p_value,selection_frequency
hsa-mir-571,71.19097745683115,1.2720471699507e-14,0.68
hsa-mir-4663,38.3567040932429,9.458738717521004e-08,0.43
hsa-mir-3973,34.193548387096754,6.800901374340507e-07,0.41
hsa-mir-8082,34.193548387096754,6.800901374340507e-07,0.48
hsa-mir-451b,18.50816871353489,0.0009815199124088411,0.26
hsa-mir-4300,18.0289382106204,0.0012181302868577932,0.28
hsa-mir-631,13.97939993169274,0.007361093690845567,0.19
hsa-mir-1253,12.856372527064678,0.011999329035204627,0.2
hsa-mir-6071,11.121702370484675,0.025229764844210925,0.21
hsa-mir-4460,10.296171624566984,0.03572355410338407,0.01
hsa-mir-3907,9.154019886605338,0.057362920828720555,0.23
hsa-mir-4468,9.1384784754613,0.05772985767809572,0.15
hsa-mir-591,9.049967247223655,0.05986260015297041,0.14
hsa-mir-3683,8.787023691243544,0.06664900744518733,0.11
hsa-mir-1282,7.9412078689302055,0.09375572158535676,0.12
hsa-mir-891a,7.921378362228949,0.09450103404901829,0.16
hsa-mir-936,7.7398972531396275,0.10158440614015712,0.06
hsa-mir-6719,7.738202091973041,0.10165284856062191,0.02
hsa-mir-4508,7.683884048709157,0.10386885975677773,0.0
hsa-mir-575,7.672772249196821,0.10432770218472762,0.08
hsa-mir-548c,7.368835878038257,0.11763410579300321,0.0
hsa-mir-4450,6.463761966667059,0.16708804127761231,0.04
hsa-mir-6835,6.189887377698822,0.18540906684062713,0.01
hsa-mir-4488,5.719941846198406,0.22106217713618817,0.0
hsa-mir-1272,5.453687255215568,0.2438305006308041,0.05
hsa-mir-647,5.249451247903535,0.26264629748268425,0.05
hsa-mir-367,5.234285714285734,0.26409182643136697,0.0
hsa-mir-6083,5.234285714285734,0.26409182643136697,0.01
hsa-mir-6127,5.234285714285734,0.26409182643136697,0.0
hsa-mir-3972,5.234285714285734,0.26409182643136697,0.0
hsa-mir-921,5.234285714285734,0.26409182643136697,0.0
hsa-mir-4264,5.234285714285734,0.26409182643136697,0.01
hsa-mir-1299,5.234285714285734,0.26409182643136697,0.0
hsa-mir-4418,5.234285714285734,0.26409182643136697,0.0
hsa-mir-6090,5.234285714285734,0.26409182643136697,0.0
hsa-mir-4302,5.234285714285734,0.26409182643136697,0.01
hsa-mir-1972-1,5.234285714285734,0.26409182643136697,0.0
hsa-mir-4440,5.2342857142857335,0.26409182643136714,0.0
hsa-mir-3665,5.2342857142857335,0.26409182643136714,0.0
hsa-mir-3686,5.106335274384411,0.2765598185697029,0.0
hsa-mir-1539,5.019428685987438,0.2853097939956973,0.0
subtype,4.899228318442607,0.2977944569194238,0.0
hsa-mir-4776-2,4.676144238371229,0.3221691088057217,0.0
hsa-mir-661,4.655281712004372,0.3245300137785631,0.0
hsa-mir-888,4.513682231576536,0.3409282027238644,0.05
hsa-mir-6088,4.508029782579815,0.3415964169310179,0.02
hsa-mir-7107,4.476407880198567,0.3453540682378609,0.06
hsa-mir-6864,4.341823367946005,0.3617172173514257,0.0
hsa-mir-6077,4.198444452748607,0.37981497942639003,0.0
hsa-mir-3196,4.1071373668618865,0.3917005176918768,0.0
hsa-mir-6770-3,4.10260928122077,0.392297267771818,0.05
hsa-mir-5704,4.006648720235084,0.4051067910931316,0.01
hsa-mir-6165,4.00543334404509,0.4052710259622278,0.0
hsa-mir-3937,3.975816219315278,0.40928866234123307,0.06
hsa-mir-4735,3.948821536125456,0.4129764085377674,0.0
hsa-mir-6084,3.9357704433183054,0.41476815851003423,0.0
hsa-mir-8085,3.908381005354162,0.4185471082328752,0.02
hsa-mir-3688-1,3.874658182102212,0.42323470525961626,0.0
hsa-mir-6859-4,3.8250472350587406,0.43020059045035164,0.0
hsa-mir-578,3.823148039617299,0.43046890633748025,0.0
hsa-mir-4666b,3.811345682233939,0.43213905204805003,0.0
hsa-mir-6076,3.801402618492735,0.433549730524172,0.0
hsa-mir-890,3.7713677219184807,0.4378311483883358,0.02
hsa-mir-6841,3.7599943308715553,0.43946031773009964,0.02
hsa-mir-6889,3.74671435199076,0.4413680892786651,0.0
hsa-mir-1825,3.7276504409482376,0.44411710576261854,0.0
hsa-mir-8083,3.7196466242313444,0.44527488511213775,0.0
hsa-mir-4320,3.663696096188698,0.4534281170547406,0.0
hsa-mir-548ax,3.4598379050607075,0.48401129706622037,0.0
hsa-mir-6080,3.428149921173215,0.48888705889429707,0.0
hsa-mir-3155b,3.3678930417916604,0.49824755497055273,0.05
hsa-mir-6768,3.3441275186540143,0.5019711445524482,0.0
hsa-mir-4737,3.2919529361219233,0.5102082538097552,0.0
hsa-mir-3165,3.282214671901143,0.5117551140157499,0.0
hsa-mir-4516,3.2173359936679007,0.5221354448777789,0.0
hsa-mir-4720,3.2079106497279035,0.5236541890847608,0.0
hsa-mir-5681a,3.140405148364634,0.5346099540959863,0.01
hsa-mir-4462,3.1260295426731095,0.5369605984270023,0.0
hsa-mir-548w,3.096031060387921,0.5418854225225131,0.0
hsa-mir-4503,3.0706808726556765,0.5460675931660811,0.0
hsa-mir-4779,3.064962256394664,0.5470135951038446,0.0
hsa-mir-4471,3.0610930637800244,0.5476541896713933,0.0
hsa-mir-6765,3.010814071955222,0.5560173249535946,0.0
hsa-mir-4722,2.9355123907920406,0.5686746047740443,0.0
hsa-mir-4512,2.9264452997909274,0.5702091036048625,0.0
hsa-mir-4448,2.899533958132049,0.5747764653873702,0.0
hsa-mir-3142,2.895567300741,0.5754513050213848,0.01
hsa-mir-5700,2.8870906130567335,0.5768948139229565,0.0
hsa-mir-8079,2.882169154651115,0.5777337608027696,0.01
hsa-mir-4492,2.871360577056451,0.5795784837898688,0.0
hsa-mir-617,2.8526100422066194,0.582785847588994,0.0
hsa-mir-4428,2.837463278539202,0.5853833469077754,0.0
hsa-mir-4642,2.8327443697383754,0.5861937769765515,0.0
hsa-mir-4436a,2.7918902634460587,0.5932334082074648,0.0
hsa-mir-548as,2.787010827564027,0.5940769502907942,0.0
hsa-mir-1265,2.771531271832016,0.596756845966963,0.02
hsa-mir-323a,2.761571065651123,0.5984842657582667,0.0
hsa-mir-7849,2.6562682994612503,0.6168884922694309,0.02
hsa-mir-6831,2.641113354269293,0.6195576191000902,0.0
hsa-mir-5591,2.6267005559272234,0.6221005972719401,0.0
hsa-mir-3661,2.6211433760813696,0.6230822726248485,0.0
hsa-mir-1269b,2.612703825750894,0.6245743537964283,0.0
hsa-mir-4695,2.5974299922384585,0.6272784571480027,0.0
hsa-mir-548ak,2.5961973687803863,0.6274968911777898,0.06
hsa-mir-323b,2.584562662637588,0.6295602022168354,0.0
hsa-mir-6866,2.5768857967456498,0.6309231156408868,0.0
hsa-mir-1184-1,2.5422077922078063,0.6370941163371575,0.0
hsa-mir-3689d-1,2.5422077922078063,0.6370941163371575,0.0
hsa-mir-1184-3,2.5422077922078063,0.6370941163371575,0.0
hsa-mir-4535,2.5422077922078063,0.6370941163371575,0.0
hsa-mir-4317,2.5422077922078063,0.6370941163371575,0.0
hsa-mir-5186,2.5422077922078063,0.6370941163371575,0.0
hsa-mir-4441,2.5422077922078063,0.6370941163371575,0.0
hsa-mir-1469,2.5422077922078063,0.6370941163371575,0.0
hsa-mir-4459,2.5422077922078063,0.6370941163371575,0.0
hsa-mir-548f-5,2.5422077922078063,0.6370941163371575,0.0
hsa-mir-548h-5,2.5422077922078063,0.6370941163371575,0.0
hsa-mir-4276,2.5422077922078063,0.6370941163371575,0.0
hsa-mir-4278,2.5422077922078063,0.6370941163371575,0.0
hsa-mir-2909,2.5422077922078063,0.6370941163371575,0.0
hsa-mir-6131,2.5422077922078063,0.6370941163371575,0.0
hsa-mir-4776-1,2.536832422863001,0.6380527443482198,0.0
hsa-mir-4435-2,2.526279916622232,0.639936230643176,0.0
hsa-mir-4651,2.524180529560566,0.6403111921762595,0.0
hsa-mir-4697,2.520095134341968,0.6410410992722502,0.0
hsa-mir-4315-2,2.519936179061906,0.6410695048586501,0.0
hsa-mir-3120,2.5112901736306066,0.6426152600488748,0.0
hsa-mir-3650,2.509810305425438,0.6428799716050383,0.0
hsa-mir-6130,2.50726173237111,0.6433359410532665,0.01
hsa-mir-548ah,2.4926775294438333,0.6459474730728985,0.0
hsa-mir-302c,2.4749537177569145,0.649126263621643,0.0
hsa-mir-5196,2.4740828190798325,0.6492826012383728,0.0
hsa-mir-378j,2.458289488629607,0.6521199542051801,0.0
hsa-mir-1184-2,2.454726344442058,0.6527606732323221,0.0
hsa-mir-4504,2.451119783231469,0.6534094148062796,0.0
hsa-mir-802,2.4507700513542163,0.6534723354057765,0.0
hsa-mir-4752,2.4373747076055867,0.6558838164029294,0.0
hsa-mir-6504,2.4042248505975747,0.6618639006603577,0.02
hsa-mir-4698,2.3927399880836866,0.6639396653044746,0.0
hsa-mir-8075,2.3880745352431743,0.6647834571111939,0.0
hsa-mir-548ay,2.383662228450828,0.6655817594401785,0.0
hsa-mir-4493,2.3552687573532363,0.6707255524169813,0.0
hsa-mir-4489,2.340279986392718,0.6734454274288637,0.0
hsa-mir-8066,2.334938375193923,0.6744154430112015,0.0
hsa-mir-6823,2.3314482021075436,0.6750494457994278,0.0
hsa-mir-8052,2.3295407344366934,0.6753960108909725,0.01
hsa-mir-3133,2.3264128144024765,0.6759644193444359,0.0
hsa-mir-3689c,2.3223737315783373,0.6766985895199288,0.0
hsa-mir-6500,2.315266751887001,0.6779908991555283,0.0
hsa-mir-5583-1,2.284472785244564,0.6835974445411969,0.0
hsa-mir-1285-1,2.2767987264227445,0.6849963459208418,0.0
hsa-mir-718,2.272924286620288,0.6857028650696801,0.0
hsa-mir-892a,2.268045029495188,0.6865928501458165,0.0
hsa-mir-711,2.2540951281877817,0.6891387385349008,0.0
hsa-mir-892b,2.252123422601919,0.6894987429728527,0.0
hsa-mir-6869,2.24002969017024,0.691707739715675,0.0
hsa-mir-3119-2,2.232377434180802,0.6931062162737316,0.0
hsa-mir-5011,2.2272643956371714,0.6940409534301878,0.0
hsa-mir-6872,2.175082790575122,0.7035935821104243,0.0
hsa-mir-941-1,2.1613449152805546,0.7061120668056061,0.0
hsa-mir-6796,2.1584750698552138,0.7066383453205869,0.0
hsa-mir-3128,2.144235130815898,0.7092504984146613,0.0
hsa-mir-3121,2.134748109131178,0.7109914850421102,0.0
hsa-mir-6873,2.120890964776927,0.7135353709877921,0.0
hsa-mir-563,2.1150121251816394,0.7146149145350484,0.0
hsa-mir-5584,2.10792665583271,0.7159162625879935,0.0
hsa-mir-5702,2.1009591179082627,0.7171961811258931,0.0
hsa-mir-663a,2.086375435541119,0.7198758425361103,0.0
hsa-mir-1193,2.0861995807744687,0.7199081599599961,0.0
hsa-mir-1267,2.0839477266942117,0.7203220010812983,0.0
hsa-mir-3167,2.0820305403512123,0.7206743524647967,0.0
hsa-mir-4655,2.078770288425357,0.7212735704582447,0.0
hsa-mir-593,2.0784099472572297,0.7213398016605986,0.0
hsa-mir-147a,2.076609671818044,0.7216707014658393,0.0
hsa-mir-6722,2.06856458055634,0.723149561020278,0.0
hsa-mir-1289-2,2.051214844874654,0.726339454565784,0.0
hsa-mir-489,2.0401402224523846,0.7283759917788812,0.0
hsa-mir-5694,2.037403239509501,0.7288793382332924,0.0
hsa-mir-4525,2.028656746249102,0.7304879475202661,0.0
hsa-mir-5691,2.026963366732131,0.7307993974318308,0.0
hsa-mir-1178,2.019324085184379,0.7322044705516719,0.0
hsa-mir-187,2.012018529405707,0.7335482106673465,0.0
hsa-mir-3927,2.0093100307634053,0.7340464040559302,0.0
hsa-mir-4666a,2.0016342790415047,0.7354582735460711,0.0
hsa-mir-378f,1.9923003308103526,0.737175153837,0.0
hsa-mir-3915,1.9894025816480556,0.7377081593678034,0.0
hsa-mir-3180-2,1.9882051004986758,0.7379284202482157,0.0
hsa-mir-603,1.9875044057545264,0.7380573034569191,0.0
hsa-mir-137,1.9796150948884366,0.7395084108396304,0.0
hsa-mir-1297,1.9676949990197476,0.7417007947110297,0.0
hsa-mir-4712,1.9671591018121068,0.7417993542773677,0.0
hsa-mir-1281,1.966472356861553,0.7419256563696713,0.0
hsa-mir-6766,1.947884253174338,0.7453439391527777,0.0
hsa-mir-6740,1.9396024676340096,0.7468666732603989,0.0
hsa-mir-6826,1.9338060242644857,0.747932323691815,0.0
hsa-mir-4773-1,1.9285971499340966,0.7488898622479253,0.0
hsa-mir-4694,1.9269219768955541,0.7491977871879041,0.0
hsa-mir-4726,1.9240441497361536,0.749726757189429,0.0
hsa-mir-5587,1.923157134079783,0.7498897924836418,0.0
hsa-mir-4730,1.9139521431327224,0.751581511706329,0.0
hsa-mir-4520-1,1.8981175028236121,0.7544908055842008,0.0
hsa-mir-876,1.8913215404171426,0.7557390584090847,0.0
hsa-mir-372,1.8897603774355805,0.7560257721972404,0.0
hsa-mir-548u,1.8861723652477091,0.7566846750971068,0.0
hsa-mir-449b,1.8626134329462118,0.7610091576498922,0.0
hsa-mir-1302-3,1.8624427515611361,0.7610404750832876,0.01
hsa-mir-378e,1.861842620901655,0.7611505883458063,0.0
hsa-mir-3921,1.8591024497591782,0.7616533295062915,0.0
hsa-mir-4749,1.848996023652266,0.7635071029899889,0.0
hsa-mir-548m,1.8482809439403325,0.7636382383176965,0.0
hsa-mir-1207,1.8443568649903925,0.7643577888923636,0.0
hsa-mir-668,1.8360335398931737,0.7658836221679588,0.0
hsa-mir-548ab,1.835121540110463,0.7660507762072372,0.0
hsa-mir-7853,1.8338650048035543,0.7662810665187155,0.0
hsa-mir-5692a-1,1.832483729360722,0.7665342033323805,0.0
hsa-mir-4426,1.832324453347637,0.7665633917226671,0.0
hsa-mir-3202-1,1.8307976444328453,0.766843178801407,0.0
hsa-mir-6801,1.8215772823720027,0.7685323797391557,0.0
hsa-mir-4804,1.804437367745676,0.7716704096596829,0.0
hsa-mir-7113,1.8019746492422533,0.7721210591506986,0.0
hsa-mir-630,1.7968218063172503,0.773063772579617,0.0
hsa-mir-922,1.7855968536062443,0.7751164183306289,0.0
hsa-mir-4435-1,1.7776525259596978,0.7765683231181234,0.0
hsa-mir-4682,1.755707749451988,0.780575113528681,0.0
hsa-mir-1278,1.7461076816174912,0.7823260575102459,0.0
hsa-mir-4650-1,1.7441414336616394,0.7826845299052251,0.0
hsa-mir-4310,1.741585325916707,0.7831504640064415,0.0
hsa-mir-761,1.7399368215885958,0.7834509109475098,0.0
hsa-mir-3149,1.7385693687697399,0.783700106979389,0.0
hsa-mir-4690,1.738127386364063,0.7837806456119359,0.0
hsa-mir-6073,1.7315266443904052,0.7849831198595159,0.0
hsa-mir-4790,1.7307514157268142,0.7851243052343473,0.0
hsa-mir-554,1.7262504595185673,0.7859438545380155,0.0
hsa-mir-449c,1.7230451523686359,0.7865273097278307,0.0
hsa-mir-891b,1.7210693182076895,0.7868868918403762,0.0
hsa-mir-541,1.7201915909438468,0.787046611009472,0.0
hsa-mir-6745,1.718201637582308,0.7874086785806185,0.0
hsa-mir-548ag-1,1.7167452096775553,0.7876736349702543,0.0
hsa-mir-5093,1.7118112926208675,0.7885709857180486,0.0
hsa-mir-4510,1.7097839968632917,0.7889395903180143,0.03
hsa-mir-4721,1.7058241293826306,0.7896593933435527,0.0
hsa-mir-770,1.696812886679202,0.7912964857941697,0.0
hsa-mir-3180-5,1.6959974142348808,0.7914445701496035,0.0
hsa-mir-548ac,1.6939470782673471,0.7918168495945332,0.0
hsa-mir-373,1.6872513405782228,0.7930321114618902,0.0
hsa-mir-892c,1.685107683290196,0.7934210221818621,0.0
hsa-mir-663b,1.6843059812649441,0.7935664501318198,0.0
hsa-mir-3141,1.6786742784091813,0.7945877256542347,0.0
hsa-mir-4417,1.6693185263488244,0.7962831131766686,0.0
hsa-mir-3941,1.6685095952308258,0.7964296293059218,0.0
hsa-mir-3180-4,1.6680621064134116,0.7965106748218252,0.0
hsa-mir-3668,1.647988378751519,0.8001424670330377,0.0
hsa-mir-4470,1.645990989933785,0.8005034229873209,0.0
hsa-mir-6759,1.6442985257058367,0.8008092141717599,0.0
hsa-mir-6087,1.6410573273357547,0.8013946711598244,0.0
hsa-mir-4461,1.6349613303137773,0.8024952259714013,0.0
hsa-mir-5004,1.6285596122012977,0.803650168598001,0.0
hsa-mir-3688-2,1.6279351417961476,0.80376278530627,0.0
hsa-mir-875,1.625828416571428,0.8041426517929863,0.0
hsa-mir-550b-1,1.621119209085712,0.8049914415227059,0.0
hsa-mir-4681,1.618571981409617,0.8054503608494861,0.0
hsa-mir-4673,1.5994427582248516,0.8088922858687683,0.0
hsa-mir-371a,1.5959545911557227,0.8095190385773414,0.0
hsa-mir-4254,1.5952955917522398,0.8096374163864699,0.0
hsa-mir-4263,1.5950190411258618,0.8096870909619889,0.0
hsa-mir-3159,1.5942232410763268,0.8098300244205978,0.0
hsa-mir-3184,1.5924867886744047,0.8101418579266294,0.0
hsa-mir-2682,1.5891312068857684,0.8107442593845273,0.0
hsa-mir-1268b,1.587988858048738,0.8109492768910197,0.0
hsa-mir-4794,1.5796336551235575,0.8124478561235741,0.0
hsa-mir-6770-2,1.5720739728267934,0.8138023179653666,0.0
hsa-mir-4773-2,1.5707521224215375,0.8140390105500119,0.0
hsa-mir-3689e,1.561203281626293,0.8157475611942859,0.0
hsa-mir-7856,1.55597770445775,0.8166815947487571,0.0
hsa-mir-599,1.5515850400300537,0.8174662131169201,0.0
hsa-mir-3181,1.5492390771455677,0.8178850457796468,0.0
hsa-mir-3199-1,1.5415024733031748,0.8192652699630403,0.0
hsa-mir-3126,1.539781383350435,0.819572100885338,0.0
hsa-mir-380,1.5393958507251864,0.8196408217182003,0.0
hsa-mir-6751,1.5230408054312634,0.822552390756318,0.0
hsa-mir-449a,1.5056589683670296,0.8256385815361521,0.0
hsa-mir-4765,1.5031674680447646,0.8260802423524379,0.0
hsa-mir-548at,1.5028308596820612,0.8261398979948184,0.0
hsa-mir-4679-1,1.50168229719352,0.82634342773133,0.0
hsa-mir-378b,1.500469471480441,0.8265583030602628,0.0
hsa-mir-6848,1.499696792963845,0.8266951752627589,0.0
hsa-mir-933,1.4961262183603679,0.8273274368976593,0.0
hsa-mir-3131,1.4945780983703116,0.8276014532592724,0.0
hsa-mir-6736,1.4900515826935798,0.8284022315473483,0.0
hsa-mir-3166,1.4866192076626092,0.8290090342944052,0.0
hsa-mir-3182,1.4819052238853745,0.8298418235412326,0.0
hsa-mir-4729,1.4670366389860385,0.8324640298205368,0.0
hsa-mir-6862-2,1.464049854280436,0.8329899306111221,0.0
hsa-mir-6862-1,1.4533885512079552,0.8348647707899908,0.01
hsa-mir-675,1.4491240705264032,0.8356136535503462,0.0
hsa-mir-4439,1.4426659559791335,0.8367466017829176,0.0
hsa-mir-4446,1.440890862157719,0.8370577602402862,0.0
hsa-mir-4421,1.44036168113113,0.8371505003448423,0.0
hsa-mir-516a-1,1.4373860538694134,0.8376718075181856,0.0
hsa-mir-544a,1.4266777099125856,0.8395453015146186,0.0
hsa-mir-4675,1.4248715853435756,0.8398609004573029,0.0
hsa-mir-4733,1.4224656172248489,0.8402811362382283,0.0
hsa-mir-3680-2,1.4192730087155447,0.8408384527054463,0.0
hsa-mir-2467,1.4167707775755194,0.8412749994721962,0.0
hsa-mir-3910-1,1.414747660377454,0.8416277942978743,0.0
hsa-mir-1827,1.4104791140361896,0.8423716660661755,0.0
hsa-mir-6717,1.4071041833336095,0.8429593398573587,0.0
hsa-mir-4711,1.401475014431537,0.8439386113020185,0.0
hsa-mir-548ao,1.3991310925413558,0.844346022713008,0.0
hsa-mir-202,1.3979151951843969,0.8445572845862712,0.01
hsa-mir-466,1.3932835365809282,0.8453615262714878,0.0
hsa-mir-4520-2,1.3887419799455158,0.846149335563366,0.0
hsa-mir-3939,1.3822708958912024,0.8472704923237984,0.0
hsa-mir-6126,1.3817651529899266,0.8473580475568483,0.0
hsa-mir-6785,1.3792412126397435,0.8477948489307612,0.0
hsa-mir-4692,1.3702718740635849,0.8493450960639914,0.0
hsa-mir-6855,1.3606443101607166,0.8510055564835641,0.0
hsa-mir-513a-1,1.3559338950303108,0.8518165968725003,0.0
hsa-mir-4419b,1.3516463814570179,0.8525540338433313,0.0
hsa-mir-516a-2,1.3429416265501646,0.8540488820079881,0.0
hsa-mir-653,1.3420412425253696,0.8542033224353519,0.0
hsa-mir-889,1.3408577929772518,0.8544062644728547,0.0
hsa-mir-3692,1.3387416203345355,0.854769005879463,0.0
hsa-mir-5195,1.3382442459647486,0.8548542352818834,0.0
hsa-mir-5094,1.334519861013754,0.8554921070864745,0.0
hsa-mir-7111,1.3283652619179835,0.8565448996070364,0.0
hsa-mir-5690,1.3261574243906553,0.8569221697026457,0.0
hsa-mir-4688,1.3228239147429683,0.8574913908576314,0.0
hsa-mir-7158,1.3138515100414474,0.8590210737192281,0.0
hsa-mir-4774,1.312119131147697,0.8593160123064731,0.0
hsa-mir-548f-4,1.3106820258844794,0.8595605787808902,0.0
hsa-mir-5692c-2,1.3086954320940354,0.859898504963003,0.0
hsa-mir-378h,1.3060040198731044,0.8603560402091632,0.0
hsa-mir-8073,1.3022272359123894,0.8609975348125182,0.0
hsa-mir-3177,1.3005224758197569,0.8612868796270922,0.0
hsa-mir-1204,1.2997148356710881,0.8614239121689746,0.0
hsa-mir-329-1,1.2977664384706953,0.861754374493488,0.0
hsa-mir-3125,1.2967957006134498,0.8619189537296202,0.0
hsa-mir-6513,1.295535130744207,0.8621326065358541,0.0
hsa-mir-409,1.2950683750055103,0.8622116979652085,0.0
hsa-mir-3175,1.2833994564182596,0.8641856993703989,0.0
hsa-mir-638,1.2816943361014026,0.8644736159962232,0.0
hsa-mir-3143,1.280253118264972,0.8647168643606837,0.0
hsa-mir-3680-1,1.2798894225113013,0.8647782332755055,0.0
hsa-mir-606,1.2796268225553062,0.8648225396900178,0.0
hsa-mir-3197,1.276223887146275,0.8653963933090588,0.0
hsa-mir-3122,1.276095256537098,0.8654180740832957,0.0
hsa-mir-378g,1.2752041105662302,0.8655682555928391,0.0
hsa-mir-4464,1.2686960637635196,0.8666638754190186,0.0
hsa-mir-1264,1.2675544792100681,0.866855848499243,0.0
hsa-mir-3924,1.2662638407330693,0.8670728107853313,0.0
hsa-mir-376a-2,1.266007515939745,0.8671158905181956,0.0
hsa-mir-4327,1.2640409802845582,0.8674462936238206,0.0
hsa-mir-4284,1.2635161327599702,0.8675344427709177,0.0
hsa-mir-6849,1.2626633498164788,0.8676776405434337,0.0
hsa-mir-493,1.2611326817065862,0.8679345781089127,0.0
hsa-mir-499b,1.2559216393147936,0.8688084368589848,0.0
hsa-mir-3689b,1.2551889837808679,0.868931190763676,0.0
hsa-mir-4736,1.2532565962060194,0.8692548275481486,0.0
hsa-mir-4289,1.251252636589757,0.8695902544884481,0.0
hsa-mir-5703,1.248807118663208,0.8699993179171921,0.0
hsa-mir-520e,1.2450992716898146,0.8706189578239043,0.0
hsa-mir-642b,1.2405546578408262,0.8713774847638726,0.0
hsa-mir-6863,1.2343217826568067,0.8724160774902523,0.0
hsa-mir-548t,1.2337368152276451,0.8725134488206987,0.0
hsa-mir-548au,1.231051447954978,0.8729602170309305,0.0
hsa-mir-6750,1.2261321670185736,0.8737776717042361,0.0
hsa-mir-601,1.2199400102797426,0.8748048407319403,0.0
hsa-mir-526b,1.216600339989523,0.8753579909545832,0.0
hsa-mir-6790,1.2163847934031669,0.8753936715926794,0.0
hsa-mir-548x,1.2134820248526308,0.875873941491105,0.0
hsa-mir-4648,1.2103128593170362,0.8763977716652805,0.0
hsa-mir-4537,1.2095505829378868,0.8765236873968044,0.0
hsa-mir-4719,1.2092961327961085,0.8765657114668685,0.0
hsa-mir-422a,1.2060148674856754,0.8771073196868452,0.0
hsa-mir-3146,1.1957593801238646,0.8787963135282884,0.0
hsa-mir-4308,1.1909126345933252,0.879592515228756,0.0
hsa-mir-657,1.1904337619102943,0.879671111374253,0.0
hsa-mir-6893,1.1888093524532637,0.8799376261405674,0.0
hsa-mir-6081,1.187056777638554,0.8802250032190458,0.0
hsa-mir-3150b,1.1864159634662004,0.8803300372024572,0.0
hsa-mir-514b,1.1863402529499758,0.8803424451688153,0.0
hsa-mir-4764,1.1854090038237992,0.880495038393697,0.0
hsa-mir-548ad,1.1840048362275095,0.8807250310771225,0.0
hsa-mir-6811,1.1838730837211664,0.880746605497049,0.0
hsa-mir-4523,1.1801817333378497,0.8813506635641145,0.0
hsa-mir-4656,1.1800437258989918,0.8813732323281864,0.0
hsa-mir-650,1.1751756816613288,0.8821686238280703,0.0
hsa-mir-5192,1.1749293847727202,0.882208830377319,0.0
hsa-mir-6506,1.1739459332923647,0.8823693384972989,0.0
hsa-mir-410,1.172910514141881,0.8825382682003837,0.0
hsa-mir-7977,1.171315973977843,0.8827982984422982,0.0
hsa-mir-612,1.1700372975665532,0.8830067131644034,0.0
hsa-mir-4782,1.1698773344027762,0.8830327793214658,0.0
hsa-mir-4321,1.1693486793461685,0.8831189136649908,0.0
hsa-mir-6775,1.1684870713624622,0.8832592617281151,0.0
hsa-mir-548az,1.1662378151742918,0.8836254420990926,0.0
hsa-mir-2113,1.1639997497131511,0.8839895085105264,0.0
hsa-mir-4710,1.1622704014677185,0.8842706215645094,0.0
hsa-mir-519b,1.154304096471298,0.8855633093020747,0.0
hsa-mir-3168,1.1541576093350443,0.8855870445695995,0.0
hsa-mir-4678,1.153226020345126,0.8857379598319567,0.0
hsa-mir-4734,1.1526996747860936,0.8858232037848381,0.0
hsa-mir-6861,1.152036619777227,0.8859305649572791,0.0
hsa-mir-548ag-2,1.1510744155293793,0.8860863174640893,0.0
hsa-mir-3938,1.1489972409573752,0.8864223622964414,0.0
hsa-mir-512-1,1.1417567690340116,0.8875916982273335,0.0
hsa-mir-31,1.140915568464403,0.887727346772063,0.0
hsa-mir-4487,1.1402662249732534,0.8878320278606663,0.0
hsa-mir-1289-1,1.1401133551457052,0.8878566683804414,0.0
hsa-mir-644a,1.136084967512527,0.8885054762196798,0.0
hsa-mir-4780,1.1349256910353207,0.8886920043532155,0.0
hsa-mir-6817,1.1341148935029584,0.8888224131044808,0.0
hsa-mir-6787,1.1303524555033932,0.8894270349677649,0.0
hsa-mir-4747,1.1290323299411702,0.8896389715113563,0.0
hsa-mir-3658,1.1280332162234343,0.8897993002281683,0.0
hsa-mir-512-2,1.1267680969776641,0.8900022262745882,0.0
hsa-mir-539,1.1212235597968856,0.8908903982370181,0.0
hsa-mir-3622b,1.1183773073381233,0.8913455878989012,0.0
hsa-mir-4457,1.1180081482394943,0.8914045886827937,0.0
hsa-mir-5585,1.1172632748906552,0.8915236117662364,0.0
hsa-mir-4703,1.1157032271705356,0.8917727777880005,0.0
hsa-mir-412,1.107683258565305,0.8930512631688368,0.0
hsa-mir-4639,1.1071977936993465,0.8931285206541453,0.0
hsa-mir-3185,1.0989217345309756,0.8944432472266355,0.0
hsa-mir-7843,1.092633936346727,0.8954391467087663,0.0
hsa-mir-3914-1,1.0884930921981253,0.8960935821224741,0.0
hsa-mir-527,1.0878514505403003,0.8961948884576193,0.0
hsa-mir-521-2,1.0875932637635208,0.8962356448889737,0.0
hsa-mir-640,1.0869464415791081,0.8963377305177144,0.0
hsa-mir-6795,1.0852261384748418,0.8966091047675682,0.0
hsa-mir-5190,1.0847016941472556,0.8966917956776012,0.0
hsa-mir-3186,1.0840502839945032,0.8967944802419817,0.0
hsa-mir-6738,1.0801735057127366,0.8974050079065673,0.0
hsa-mir-7845,1.0800066100357646,0.8974312686180467,0.0
hsa-mir-6757,1.0752492073147586,0.8981790498326572,0.0
hsa-mir-302d,1.0748204973482354,0.8982463607142147,0.0
hsa-mir-4526,1.0744576860466037,0.8983033152786469,0.0
hsa-mir-6767,1.0743514885702736,0.8983199846056786,0.0
hsa-mir-1298,1.0733874018869747,0.8984712779349199,0.0
hsa-mir-6878,1.0697448117550912,0.8990423376132408,0.0
hsa-mir-662,1.068688233402275,0.8992078116824505,0.0
hsa-mir-5681b,1.0661880921665499,0.8995990631213191,0.0
hsa-mir-1914,1.066038764343048,0.8996224181587481,0.0
hsa-mir-7974,1.0646798522829701,0.8998348832621228,0.0
hsa-mir-4279,1.060548178712557,0.9004800881300651,0.0
hsa-mir-135a-1,1.0602296745716182,0.9005297770714844,0.0
hsa-mir-147b,1.0591081469675079,0.9007046876083614,0.0
hsa-mir-1244-1,1.0582753573567696,0.9008345109654268,0.0
hsa-mir-6718,1.0575169895705465,0.9009526908847731,0.0
hsa-mir-5697,1.0558454868427938,0.9012130277338133,0.0
hsa-mir-4536-1,1.047080998190157,0.9025749031183976,0.0
hsa-mir-5087,1.0463687100947798,0.9026853452577056,0.0
hsa-mir-376a-1,1.0461602450842613,0.9027176615268154,0.0
hsa-mir-548k,1.0450709901419017,0.9028864679810237,0.0
hsa-mir-518a-2,1.0447615471057363,0.902934408367098,0.0
hsa-mir-1285-2,1.043908260398998,0.9030665684582345,0.0
hsa-mir-6819,1.043676860693905,0.9031023995739603,0.0
hsa-mir-3685,1.0428214142996834,0.9032348282880086,0.0
hsa-mir-4427,1.0344644726669587,0.9045257927948845,0.0
hsa-mir-3139,1.033585281588864,0.9046613175431163,0.0
hsa-mir-4652,1.0325341973037905,0.9048232660325768,0.0
hsa-mir-4799,1.031949181339062,0.9049133693294924,0.0
hsa-mir-6815,1.0287915406867651,0.9053992771174273,0.0
hsa-mir-6807,1.0278430300537869,0.9055450957681792,0.0
hsa-mir-4522,1.0271076414963203,0.9056581052388928,0.0
hsa-mir-3132,1.026483830905239,0.9057539373251862,0.0
hsa-mir-6879,1.0263699620956948,0.9057714272138125,0.0
hsa-mir-1912,1.0248934228235727,0.9059981333747672,0.0
hsa-mir-496,1.0241589949187033,0.906110837342212,0.0
hsa-mir-4802,1.023406614323258,0.906226255411977,0.0
hsa-mir-494,1.0217315930101047,0.9064830612640742,0.0
hsa-mir-3148,1.0204894225354129,0.9066733717010308,0.0
hsa-mir-5708,1.0192670565301858,0.9068605372154006,0.0
hsa-mir-4744,1.0172267568644795,0.9071726973971905,0.0
hsa-mir-6731,1.016632248456246,0.9072635977181329,0.0
hsa-mir-3657,1.0137111670467114,0.9077098509005286,0.0
hsa-mir-609,1.0111332463645306,0.9081031531627209,0.0
hsa-mir-6753,1.0075864308744642,0.9086434653369216,0.0
hsa-mir-8059,1.0072687765018822,0.9086918100032397,0.0
hsa-mir-7847,1.0067491678332852,0.9087708743182891,0.0
hsa-mir-3606,1.0014894331008641,0.9095700588253506,0.0
hsa-mir-3162,1.0003263974106493,0.9097464930218501,0.0
hsa-mir-4731,0.9999671444291973,0.9098009715057865,0.0
hsa-mir-4438,0.9963950179593996,0.9103421290635516,0.0
hsa-mir-577,0.9922716287461553,0.9109655901660323,0.0
hsa-mir-5007,0.9913030778356181,0.9111118473233972,0.0
hsa-mir-370,0.9897598775653522,0.9113447311725177,0.0
hsa-mir-762,0.9882692782798269,0.9115695029567541,0.0
hsa-mir-6828,0.9861845319214517,0.9118835802624502,0.0
hsa-mir-3936,0.9852450989607786,0.9120250005844275,0.0
hsa-mir-6805,0.9834626036706247,0.9122931456920317,0.0
hsa-mir-1283-2,0.9834148956882727,0.9123003191302769,0.0
hsa-mir-4767,0.9804073794854822,0.9127521758554149,0.0
hsa-mir-4478,0.9718927242709864,0.9140275991669673,0.0
hsa-mir-4705,0.971456127643881,0.9140928437911683,0.0
hsa-mir-4760,0.9681754059063119,0.9145826290107454,0.0
hsa-mir-329-2,0.9662859946112162,0.9148643148793142,0.0
hsa-mir-1269a,0.9650362974068443,0.9150504716724337,0.0
hsa-mir-548an,0.9631893443537677,0.9153253681884304,0.0
hsa-mir-4662b,0.9628157366229035,0.9153809419699142,0.0
hsa-mir-381,0.9618854146043907,0.915519277848984,0.0
hsa-mir-6870,0.9602970825625937,0.9157552971824074,0.0
hsa-mir-587,0.9576448447501983,0.9161489559502338,0.0
hsa-mir-1197,0.9548212108115302,0.9165674301266806,0.0
hsa-mir-548p,0.9544758128246946,0.9166185752250626,0.0
hsa-mir-6829,0.95376649272648,0.9167235780577507,0.0
hsa-mir-518c,0.9528849807292905,0.9168540140628401,0.0
hsa-mir-4480,0.9515764470917588,0.9170475193288093,0.0
hsa-mir-655,0.9487731375944497,0.9174616015773666,0.0
hsa-mir-190b,0.9487508122829206,0.9174648967165366,0.0
hsa-mir-374c,0.9478955257129582,0.9175911033703329,0.0
hsa-mir-515-2,0.9478187943558462,0.917602422973864,0.0
hsa-mir-6867,0.947186437931182,0.9176956914276446,0.0
hsa-mir-3646,0.9463286655333991,0.9178221548855588,0.0
hsa-mir-637,0.9426621673184239,0.9183620340545396,0.0
hsa-mir-520b,0.9416822220398401,0.9185061400368001,0.0
hsa-mir-3689a,0.9397508940776302,0.9187899193709724,0.0
hsa-mir-6728,0.9396180705619736,0.9188094244243008,0.0
hsa-mir-3935,0.9390274686926009,0.9188961362485369,0.0
hsa-mir-665,0.9386206682409616,0.9189558456326321,0.0
hsa-mir-522,0.9381220573603004,0.9190290120431648,0.0
hsa-mir-4315-1,0.9373968797596107,0.9191353881173637,0.0
hsa-mir-513c,0.9361303308334376,0.9193210729083131,0.0
hsa-mir-451a,0.9350586528741935,0.9194780839461447,0.0
hsa-mir-4716,0.9332695299665748,0.9197399939891001,0.0
hsa-mir-3156-2,0.9275618374558334,0.9205737517984768,0.0
hsa-mir-6760,0.9275618374558334,0.9205737517984768,0.0
hsa-mir-1206,0.9275618374558334,0.9205737517984768,0.0
hsa-mir-8086,0.9275618374558334,0.9205737517984768,0.0
hsa-mir-8089,0.9275618374558334,0.9205737517984768,0.0
hsa-mir-4463,0.9275618374558334,0.9205737517984768,0.0
hsa-mir-384,0.9275618374558334,0.9205737517984768,0.0
hsa-mir-6124,0.9275618374558334,0.9205737517984768,0.0
hsa-mir-3674,0.9275618374558334,0.9205737517984768,0.0
hsa-mir-3119-1,0.9275618374558334,0.9205737517984768,0.0
hsa-mir-4270,0.9275618374558334,0.9205737517984768,0.0
hsa-mir-4324,0.9275618374558334,0.9205737517984768,0.0
hsa-mir-8058,0.9275618374558334,0.9205737517984768,0.0
hsa-mir-3169,0.9275618374558334,0.9205737517984768,0.0
hsa-mir-548a-1,0.9275618374558334,0.9205737517984768,0.0
hsa-mir-1471,0.9275618374558334,0.9205737517984768,0.0
hsa-mir-7975,0.9275618374558334,0.9205737517984768,0.0
hsa-mir-1273g,0.9275618374558334,0.9205737517984768,0.0
hsa-mir-4483,0.9275618374558334,0.9205737517984768,0.0
hsa-mir-924,0.9275618374558334,0.9205737517984768,0.0
hsa-mir-764,0.9275618374558334,0.9205737517984768,0.0
hsa-mir-3135b,0.9275618374558334,0.9205737517984768,0.0
hsa-mir-4323,0.9275618374558334,0.9205737517984768,0.0
hsa-mir-2392,0.9275618374558334,0.9205737517984768,0.0
hsa-mir-4271,0.9275618374558334,0.9205737517984768,0.0
hsa-mir-4280,0.9275618374558334,0.9205737517984768,0.0
hsa-mir-4288,0.9275618374558334,0.9205737517984768,0.0
hsa-mir-4312,0.9275618374558334,0.9205737517984768,0.0
hsa-mir-595,0.9275618374558334,0.9205737517984768,0.0
hsa-mir-5692a-2,0.9275618374558334,0.9205737517984768,0.0
hsa-mir-1273a,0.9275618374558334,0.9205737517984768,0.0
hsa-mir-5688,0.9275618374558334,0.9205737517984768,0.0
hsa-mir-520a,0.9275392711475815,0.9205770427620139,0.0
hsa-mir-3189,0.9248706505373713,0.9209659186256027,0.0
hsa-mir-3923,0.9233247396888962,0.9211909157873641,0.0
hsa-mir-4713,0.9218360729428371,0.9214073898658106,0.0
hsa-mir-219a-2,0.9197442868480521,0.9217112479855072,0.0
hsa-mir-7978,0.9175670704034024,0.9220271197166731,0.0
hsa-mir-1185-1,0.9132640828257961,0.9226502059415282,0.0
hsa-mir-4452,0.9036669870170848,0.9240341422152678,0.0
hsa-mir-375,0.9030191461304847,0.9241272750060314,0.0
hsa-mir-3654,0.9020846685404507,0.9242615497762514,0.0
hsa-mir-3147,0.9013880473085549,0.9243615973881415,0.0
hsa-mir-938,0.9007281273985438,0.9244563348498743,0.0
hsa-mir-4696,0.8998845848835277,0.9245773774512649,0.0
hsa-mir-4434,0.8994545018899323,0.9246390674178693,0.0
hsa-mir-3653,0.8972932002847251,0.9249488328924225,0.0
hsa-mir-3160-1,0.8944878219865833,0.925350296425641,0.0
hsa-mir-548al,0.891397784269654,0.9257916912272803,0.0
hsa-mir-758,0.8897260150492106,0.9260301412351934,0.0
hsa-mir-623,0.8861208687328259,0.926543508407986,0.0
hsa-mir-586,0.8836275377055596,0.9268978755072445,0.0
hsa-mir-4436b-2,0.8817856714425638,0.927159294489705,0.0
hsa-mir-1271,0.8776295605920196,0.9277480556115136,0.0
hsa-mir-3672,0.8763834921419273,0.9279242715395445,0.0
hsa-mir-154,0.8728068406058989,0.9284292903764518,0.0
hsa-mir-8064,0.8723141788883173,0.9284987624510209,0.0
hsa-mir-611,0.8703805841631974,0.9287712119735985,0.0
hsa-mir-548ar,0.869212728264193,0.9289356010800786,0.0
hsa-mir-6830,0.8687173829343623,0.9290052889235585,0.0
hsa-mir-6886,0.8658329209596545,0.929410643600433,0.0
hsa-mir-6512,0.8631422692524812,0.9297880724066907,0.0
hsa-mir-3115,0.8577032705716028,0.9305489800352189,0.0
hsa-mir-4664,0.8571153740040952,0.9306310614927927,0.0
hsa-mir-3163,0.8540846206006012,0.9310537009629802,0.0
hsa-mir-548av,0.8523114327913355,0.9313005747265644,0.0
hsa-mir-3529,0.8515549886380961,0.9314058017951384,0.0
hsa-mir-3960,0.8469264436206995,0.9320484964242677,0.0
hsa-mir-4258,0.8464285065184282,0.9321175170385868,0.0
hsa-mir-548a-2,0.8455987747110072,0.9322324767258046,0.0
hsa-mir-4738,0.8402528622355245,0.9329715912031065,0.0
hsa-mir-4506,0.8383150682943487,0.9332388353897779,0.0
hsa-mir-4771-2,0.8382934442315626,0.9332418155767865,0.0
hsa-mir-6860,0.8376744376901313,0.933327106936078,0.0
hsa-mir-433,0.8353079615446067,0.9336528398648103,0.0
hsa-mir-6770-1,0.8343244932580149,0.9337880512288377,0.0
hsa-mir-6814,0.8334566491729231,0.9339072889672251,0.0
hsa-mir-4420,0.8300486208637395,0.9343748350230794,0.0
hsa-mir-582,0.8288994161592736,0.9345322413459853,0.0
hsa-mir-122,0.828312843369469,0.9346125348706038,0.0
hsa-mir-3664,0.8279688071866556,0.9346596130681026,0.0
hsa-mir-3607,0.8270751723405477,0.9347818452365014,0.0
hsa-mir-6845,0.8265762399683245,0.9348500559727386,0.0
hsa-mir-7109,0.8242019918439244,0.935174316274595,0.0
hsa-mir-330,0.8230696488903921,0.935328771621877,0.0
hsa-mir-5695,0.8226497789711791,0.9353860115198467,0.0
hsa-mir-6816,0.8223833038767685,0.9354223305359896,0.0
hsa-mir-7157,0.8219929821039632,0.9354755166311477,0.0
hsa-mir-6890,0.8216189144316414,0.9355264739500326,0.0
hsa-mir-3180-3,0.8209644927956978,0.9356155895753118,0.0
hsa-mir-485,0.8208043452114315,0.9356373912384994,0.0
hsa-mir-515-1,0.8198553917039368,0.9357665253816743,0.0
hsa-mir-4517,0.8181218442628119,0.9360021997949234,0.0
hsa-mir-518a-1,0.8164712718209528,0.9362263197505455,0.0
hsa-mir-6827,0.8160829037718618,0.9362790146752615,0.0
hsa-mir-4497,0.8121102580689957,0.9368171811852782,0.0
hsa-mir-552,0.8108726593471449,0.9369845176753697,0.0
hsa-mir-4491,0.8080310550395862,0.937368158003255,0.0
hsa-mir-627,0.8063525166078636,0.9375943975448183,0.0
hsa-mir-1224,0.8045136567067608,0.9378419233512683,0.0
hsa-mir-144,0.8037315201669665,0.9379471030285291,0.0
hsa-mir-4803,0.8032615151482564,0.9380102786389666,0.0
hsa-mir-567,0.799963518790519,0.9384529552001891,0.0
hsa-mir-3164,0.7997563524437549,0.938480725833323,0.0
hsa-mir-7973-1,0.7990334997594267,0.9385775903647805,0.0
hsa-mir-518f,0.7942542527947856,0.9392166983863895,0.0
hsa-mir-518d,0.7920749231766655,0.9395073633310524,0.0
hsa-mir-4674,0.7915925267258296,0.939571637074428,0.0
hsa-mir-4739,0.7863847879088575,0.940263998325484,0.0
hsa-mir-302a,0.784883430707471,0.9404630867683225,0.0
hsa-mir-548l,0.7833598445911292,0.9406648864887333,0.0
hsa-mir-5693,0.7828480990522623,0.9407326139238681,0.0
hsa-mir-548aa-2,0.7815208163775018,0.9409081487876598,0.0
hsa-mir-296,0.7808883803984425,0.9409917254335294,0.0
hsa-mir-5696,0.7808637608672573,0.9409949780796628,0.0
hsa-mir-3180-1,0.779800609985314,0.9411353781839518,0.0
hsa-mir-4724,0.7794865360813901,0.9411768325723373,0.0
hsa-mir-5006,0.7789443944095157,0.9412483654784264,0.0
hsa-mir-4769,0.7753609942722794,0.9417204120713674,0.0
hsa-mir-320b-2,0.775158673825462,0.9417470243176082,0.0
hsa-mir-4693,0.771716566746916,0.9421991296284553,0.0
hsa-mir-4257,0.7711072539643983,0.9422790314467918,0.0
hsa-mir-4714,0.7694325290361367,0.942498445470086,0.0
hsa-mir-521-1,0.7671705687276834,0.9427943298496849,0.0
hsa-mir-1276,0.767112513547794,0.9428019169148688,0.0
hsa-mir-6800,0.7671096307155814,0.9428022936547298,0.0
hsa-mir-3156-3,0.7663585196676337,0.9429004220560536,0.0
hsa-mir-487b,0.7650863868223069,0.9430664836903144,0.0
hsa-mir-6752,0.7630601783923042,0.9433306288498591,0.0
hsa-mir-192,0.7607267781245315,0.9436342837799988,0.0
hsa-mir-6857,0.7605928211094632,0.943651698670893,0.0
hsa-mir-548a-3,0.7596013153761956,0.943780538842833,0.0
hsa-mir-4795,0.7557785030662348,0.9442763130534776,0.0
hsa-mir-517c,0.7555352864452689,0.9443078027951206,0.0
hsa-mir-518b,0.7546938132927202,0.9444167013349548,0.0
hsa-mir-432,0.7513563766655004,0.9448478677720239,0.0
hsa-mir-431,0.7494289812492437,0.9450963261502634,0.0
hsa-mir-516b-2,0.7468107772184435,0.9454331961904888,0.0
hsa-mir-6778,0.7451111079715154,0.9456514878269913,0.0
hsa-mir-654,0.7445373813898021,0.9457251021375884,0.0
hsa-mir-6887,0.7443961081183836,0.9457432233150479,0.0
hsa-mir-1587,0.7424095926546596,0.9459978056261182,0.0
hsa-mir-363,0.7420158617538959,0.9460482135089681,0.0
hsa-mir-6068,0.7416158603319435,0.9460994069577662,0.0
hsa-mir-136,0.7407366243768148,0.9462118732938208,0.0
hsa-mir-5003,0.7396362800896296,0.9463525040343044,0.0
hsa-mir-4432,0.7393643155783952,0.9463872424611757,0.01
hsa-mir-548q,0.7390196846906298,0.9464312511023987,0.0
hsa-mir-134,0.738655286260759,0.9464777699452438,0.0
hsa-mir-6503,0.7370841829099865,0.9466781700915451,0.0
hsa-mir-421,0.7368630659846419,0.9467063527625253,0.0
hsa-mir-3158-2,0.7359734906331805,0.9468196804679968,0.0
hsa-mir-885,0.7348972540023903,0.9469566722475754,0.0
hsa-mir-4644,0.7345473694194354,0.947001180968959,0.0
hsa-mir-1295b,0.7338167371827518,0.9470940812408346,0.0
hsa-mir-383,0.7327694460651912,0.9472271427450142,0.0
hsa-mir-523,0.7306714821080245,0.947493332945751,0.0
hsa-mir-106a,0.730416981312174,0.9475255911363608,0.0
hsa-mir-516b-1,0.7261749327321274,0.9480622220929024,0.0
hsa-mir-127,0.7237187664598548,0.948372023657985,0.0
hsa-mir-6499,0.7236466738415219,0.9483811067414368,0.0
hsa-mir-3064,0.7235400769817127,0.9483945360204419,0.0
hsa-mir-382,0.7231506354835571,0.9484435878806788,0.0
hsa-mir-1203,0.7227526708090808,0.9484936958528064,0.0
hsa-mir-613,0.7226786195255513,0.948503017750817,0.0
hsa-mir-6789,0.7222703773197605,0.9485543981040098,0.0
hsa-mir-4502,0.7218687206769785,0.9486049315109677,0.0
hsa-mir-1305,0.7213944934111884,0.9486645720772787,0.0
hsa-mir-513b,0.720198159196917,0.9488149160886447,0.0
hsa-mir-4429,0.718958773957632,0.9489705018955044,0.0
hsa-mir-7976,0.7183861452729949,0.9490423286696379,0.0
hsa-mir-194-2,0.713483360611325,0.9496557975213947,0.0
hsa-mir-519e,0.7127876063097964,0.949742636067195,0.0
hsa-mir-4474,0.7124326950911744,0.9497869122742499,0.0
hsa-mir-4292,0.7102402025437143,0.9500601170892764,0.0
hsa-mir-4792,0.7040097791795026,0.9508335144661159,0.0
hsa-mir-1181,0.7022862100139042,0.951046685777626,0.0
hsa-mir-6888,0.7015424920486548,0.9511385642205481,0.0
hsa-mir-7848,0.6999587735862431,0.9513340050814306,0.0
hsa-mir-1275,0.6998923066269426,0.9513422012477204,0.0
hsa-mir-5707,0.6991069570610526,0.9514390058664199,0.0
hsa-mir-1303,0.6990311656064977,0.9514483444156926,0.0
hsa-mir-379,0.6990270027128253,0.9514488573223495,0.0
hsa-mir-544b,0.6989524364401299,0.9514580442340599,0.0
hsa-mir-1909,0.6987144861693677,0.9514873565507629,0.0
hsa-mir-3656,0.6985226851611785,0.9515109791635051,0.0
hsa-mir-8072,0.6984958858265656,0.9515142794894955,0.0
hsa-mir-6749,0.698117176240457,0.9515609085935951,0.0
hsa-mir-520c,0.6974061013536615,0.9516484161211262,0.0
hsa-mir-622,0.697325815793413,0.9516582927128364,0.0
hsa-mir-376b,0.6972155655068912,0.951671854306845,0.0
hsa-mir-4539,0.6966484238898302,0.9517415948076442,0.0
hsa-mir-4791,0.6966371000955484,0.9517429869000208,0.0
hsa-mir-4445,0.6941445343428296,0.9520490516068759,0.0
hsa-mir-302b,0.693773268129128,0.9520945784906434,0.0
hsa-mir-584,0.6930570539383214,0.9521823600038802,0.0
hsa-mir-3926-1,0.6915128570428865,0.9523714200492789,0.0
hsa-mir-507,0.6885269511198812,0.9527362089666067,0.0
hsa-mir-4761,0.6875745087045897,0.9528523513833719,0.0
hsa-mir-450b,0.6867702661885444,0.9529503398890582,0.0
hsa-mir-3945,0.686479159925768,0.9529857895694632,0.0
hsa-mir-3662,0.6860159314252503,0.9530421792090655,0.0
hsa-mir-369,0.6835312132180917,0.9533442211935634,0.0
hsa-mir-490,0.6834733460052025,0.9533512469308683,0.0
hsa-mir-597,0.6818898774048678,0.9535433459671538,0.0
hsa-mir-4649,0.6797112926156645,0.9538071614759728,0.0
hsa-mir-6856,0.6791171237813419,0.953879015579121,0.0
hsa-mir-6507,0.6780233866093563,0.9540111749962243,0.0
hsa-mir-6824,0.6773612584959683,0.9540911134188891,0.0
hsa-mir-5589,0.675688089641646,0.9542928840221433,0.0
hsa-mir-5583-2,0.6732721142849131,0.9545836476154593,0.0
hsa-mir-5191,0.6730395155676946,0.9546116045143963,0.0
hsa-mir-1260a,0.6725753192395039,0.9546673788237326,0.0
hsa-mir-558,0.6722457899674692,0.9547069570594097,0.0
hsa-mir-216a,0.6719132269032595,0.9547468866136918,0.0
hsa-mir-3929,0.6704475546277869,0.9549227077663623,0.0
hsa-mir-378d-2,0.6689166772949255,0.9551060782481082,0.0
hsa-mir-6846,0.6685774004781326,0.9551466795059612,0.0
hsa-mir-6834,0.6672995384890202,0.9552994781094793,0.0
hsa-mir-4496,0.6632324357050963,0.9557844978645337,0.0
hsa-mir-9-1,0.6622236870393324,0.9559044888855307,0.0
hsa-mir-6125,0.6611796346646375,0.9560285506072661,0.0
hsa-mir-3679,0.660290764503598,0.9561340691867857,0.0
hsa-mir-519a-2,0.6594989226471211,0.9562279893501214,0.0
hsa-mir-492,0.6594281125085115,0.9562363844437579,0.0
hsa-mir-9-3,0.6584457451769399,0.9563527893832859,0.0
hsa-mir-194-1,0.6583014192753707,0.9563698813751157,0.0
hsa-mir-4534,0.6578055124273668,0.9564285906605986,0.0
hsa-mir-621,0.6577068358483028,0.9564402692150036,0.0
hsa-mir-3610,0.6575819768144913,0.956455044825717,0.0
hsa-mir-4723,0.656613840988405,0.956569548484967,0.0
hsa-mir-3678,0.6541180880728608,0.9568642038982442,0.0
hsa-mir-9-2,0.6525847239617408,0.9570448624911317,0.0
hsa-mir-487a,0.651291761108093,0.9571969753345241,0.0
hsa-mir-7703,0.6476967936348198,0.9576188409321789,0.0
hsa-mir-3689f,0.6476576775426196,0.9576234224858431,0.0
hsa-mir-4755,0.6456888256220327,0.9578537864569845,0.0
hsa-mir-4753,0.6455990179897324,0.9578642830057028,0.0
hsa-mir-4763,0.6428388946498792,0.9581863983769052,0.0
hsa-mir-299,0.6424001702908065,0.9582375127002193,0.0
hsa-mir-7114,0.6418632554333323,0.9583000346355451,0.0
hsa-mir-196b,0.6406065264500194,0.958446237661134,0.0
hsa-mir-3913-2,0.6402923783169044,0.958482754024215,0.0
hsa-mir-4538,0.6391964693879401,0.9586100463489703,0.0
hsa-mir-6732,0.637589720356,0.9587964055654093,0.0
hsa-mir-6792,0.6372147839412955,0.9588398466921095,0.0
hsa-mir-559,0.6368506978512606,0.9588820140067247,0.0
hsa-mir-4515,0.6337892809350469,0.9592359272376542,0.0
hsa-mir-6784,0.6317623546954538,0.9594696075935866,0.0
hsa-mir-5685,0.6299042302694492,0.9596833770308616,0.0
hsa-mir-6874,0.6245136349816326,0.9603010969056662,0.0
hsa-mir-1256,0.6241650450553398,0.9603409169715347,0.0
hsa-mir-3913-1,0.6237026580754012,0.9603937126815182,0.0
hsa-mir-1185-2,0.6231287106889442,0.9604592089883269,0.0
hsa-mir-7855,0.6211835063430989,0.960680878025043,0.0
hsa-mir-3174,0.6208886528826449,0.9607144368538774,0.0
hsa-mir-153-2,0.6208633261530896,0.9607173189102984,0.0
hsa-mir-20b,0.6190193234793554,0.9609269392932486,0.0
hsa-mir-610,0.6156477261615675,0.96130909734763,0.0
hsa-mir-4458,0.6151693326297805,0.9613632044839439,0.0
hsa-mir-5683,0.6150046226544271,0.961381826727504,0.0
hsa-mir-4296,0.614966561326336,0.961386129480974,0.0
hsa-mir-5095,0.6132605804419184,0.9615787975406813,0.0
hsa-mir-3655,0.6130601996948312,0.9616014035552943,0.0
hsa-mir-656,0.6123281462078118,0.9616839468328964,0.0
hsa-mir-1283-1,0.609174060203633,0.9620388048597472,0.0
hsa-mir-519d,0.6079231227709921,0.9621791916263847,0.0
hsa-mir-3914-2,0.6077724519055812,0.9621960871502078,0.0
hsa-mir-1260b,0.6072882093624471,0.9622503680919896,0.0
hsa-mir-548aq,0.6068081701746892,0.9623041481199799,0.0
hsa-mir-614,0.6064056793679229,0.9623492173681526,0.0
hsa-mir-5582,0.6060850228983234,0.9623851082334376,0.0
hsa-mir-4796,0.6056369262063186,0.9624352412320003,0.0
hsa-mir-1250,0.6055565729119939,0.9624442284146351,0.0
hsa-mir-30b,0.6029856965707057,0.9627313309764076,0.0
hsa-mir-580,0.6003679665094954,0.9630227886665133,0.0
hsa-mir-4654,0.5989789992398739,0.9631770756804787,0.0
hsa-mir-5572,0.5982442766510988,0.9632585877045413,0.0
hsa-mir-208a,0.5980884442533334,0.9632758671408985,0.0
hsa-mir-3591,0.5967605981969994,0.9634229769558075,0.0
hsa-mir-635,0.595478995595363,0.9635647459056215,0.0
hsa-mir-6764,0.5950156040077076,0.963615952898615,0.0
hsa-mir-337,0.5945011397402277,0.9636727708593263,0.0
hsa-mir-4306,0.5929252496169637,0.9638465987244935,0.0
hsa-mir-34b,0.5908160272784017,0.9640787472742206,0.0
hsa-mir-3911,0.5904289676769772,0.9641212851491269,0.0
hsa-mir-7156,0.5891241259719167,0.964264542508484,0.0
hsa-mir-4745,0.5877392500485733,0.9644163420842786,0.0
hsa-mir-517b,0.5873769138908884,0.9644560169867552,0.0
hsa-mir-550b-2,0.5870922339452436,0.9644871766051529,0.0
hsa-mir-1304,0.5869568847462755,0.9645019874968359,0.0
hsa-mir-659,0.5858736428366735,0.9646204367266877,0.0
hsa-mir-203a,0.5849682736352669,0.9647193174020714,0.0
hsa-mir-4748,0.5845488339705998,0.964765090191376,0.0
hsa-mir-4444-1,0.5835185392789718,0.9648774259536798,0.0
hsa-mir-3611,0.5834896441557393,0.9648805744425458,0.0
hsa-mir-3145,0.5812070104759773,0.9651289469896301,0.0
hsa-mir-509-1,0.5804337038325865,0.9652129335944992,0.0
hsa-mir-4787,0.579521426411593,0.9653119113449237,0.0
hsa-mir-216b,0.5792652314029593,0.9653396873957919,0.0
hsa-mir-615,0.5786098918727142,0.9654106980307695,0.0
hsa-mir-217,0.5783412649261702,0.9654397891369483,0.0
hsa-mir-6825,0.5740894179526933,0.965898964305112,0.0
hsa-mir-520f,0.5718877338601399,0.9661357840761876,0.0
hsa-mir-1252,0.5714070844377968,0.966187397778056,0.0
hsa-mir-7161,0.5695432279662523,0.9663872513937894,0.0
hsa-mir-506,0.5693182793772805,0.9664113401225923,0.0
hsa-mir-3663,0.5692897803953817,0.9664143914640719,0.0
hsa-mir-503,0.5685527900641004,0.9664932619068969,0.0
hsa-mir-153-1,0.5677057151763415,0.9665838229148616,0.0
hsa-mir-517a,0.5671854063058335,0.9666394013348383,0.0
hsa-mir-6780a,0.5664947516160734,0.9667131193700242,0.0
hsa-mir-4633,0.5632721362362099,0.9670562378927011,0.0
hsa-mir-129-2,0.5618674000779262,0.9672053629530828,0.0
hsa-mir-519a-1,0.5596565892595936,0.9674395172360998,0.0
hsa-mir-4684,0.5596118546865134,0.9674442483624053,0.0
hsa-mir-3171,0.5592373956016472,0.9674838404536816,0.0
hsa-mir-3919,0.5591751126246121,0.9674904238696459,0.0
hsa-mir-1263,0.5589006422308711,0.9675194295604798,0.0
hsa-mir-1913,0.5575995718026531,0.9676567853950276,0.0
hsa-mir-2681,0.5564280728396382,0.9677802646033733,0.0
hsa-mir-520h,0.5563469532848137,0.9677888078890403,0.0
hsa-mir-1286,0.5562582672690309,0.9677981470244832,0.0
hsa-mir-4659b,0.5553043507980334,0.9678985318088308,0.0
hsa-mir-4465,0.554938341346248,0.9679370155393182,0.0
hsa-mir-498,0.554127789283374,0.9680221750245435,0.0
hsa-mir-708,0.5535801847209072,0.9680796573698627,0.0
hsa-mir-6895,0.5520187880507084,0.9682433322141201,0.0
hsa-mir-3916,0.5502924302034441,0.9684239094742614,0.0
hsa-mir-196a-2,0.5502852657739016,0.9684246580204979,0.0
hsa-mir-4778,0.5493950596059092,0.9685176125956668,0.0
hsa-mir-4704,0.5474716800543609,0.9687180773271699,0.0
hsa-mir-3116-2,0.5460770696549545,0.968863111538689,0.0
hsa-mir-196a-1,0.5443982085195174,0.9690373498619395,0.0
hsa-mir-3677,0.5426832717921632,0.9692149289227726,0.0
hsa-mir-6804,0.5417558104387892,0.9693107960014701,0.0
hsa-mir-3160-2,0.5412665161780122,0.9693613237425031,0.0
hsa-mir-4709,0.5411132550196063,0.9693771436482862,0.0
hsa-mir-4650-2,0.540117173460335,0.9694798813961832,0.0
hsa-mir-6838,0.5394963403031618,0.9695438454042649,0.0
hsa-mir-1231,0.539077378824049,0.9695869803526141,0.0
hsa-mir-6715a,0.5383261929222916,0.9696642587718072,0.0
hsa-mir-4635,0.537011113477476,0.9697993581656958,0.0
hsa-mir-2115,0.5342711359002159,0.9700800615951961,0.0
hsa-mir-4740,0.5339902117905087,0.9701087820647921,0.0
hsa-mir-3116-1,0.5337923619806535,0.9701290027309027,0.0
hsa-mir-4775,0.5320521028248785,0.9703066240507898,0.0
hsa-mir-4689,0.5308200326362998,0.9704321190913829,0.0
hsa-mir-6132,0.529330746303415,0.9705835279828529,0.0
hsa-mir-205,0.5278384175104744,0.9707349323033609,0.0
hsa-mir-765,0.5267314731333029,0.9708470341254172,0.0
hsa-mir-223,0.5244130834985894,0.9710812585357098,0.0
hsa-mir-526a-2,0.5242920544217368,0.971093465043016,0.0
hsa-mir-636,0.5234314567645396,0.9711802015053904,0.0
hsa-mir-548ap,0.5234143207215297,0.9711819275158612,0.0
hsa-mir-2117,0.5229504313395021,0.9712286364471528,0.0
hsa-mir-5047,0.5214378367144177,0.9713807267294735,0.0
hsa-mir-518e,0.5197996715116471,0.9715450755178202,0.0
hsa-mir-499a,0.5182385419223341,0.9717013394213382,0.0
hsa-mir-873,0.5181274772080968,0.9717124433655212,0.0
hsa-mir-6747,0.516763397181048,0.9718486764264831,0.0
hsa-mir-4442,0.5164193327396064,0.9718829966848954,0.0
hsa-mir-602,0.5159229706571887,0.9719324786782028,0.0
hsa-mir-4476,0.5150129836078086,0.9720231029304879,0.0
hsa-mir-4513,0.5144311262915466,0.9720809869659782,0.0
hsa-mir-6502,0.5135181715388156,0.9721717110847697,0.0
hsa-mir-4511,0.5116687315204496,0.9723551303519924,0.0
hsa-mir-5682,0.510024054518269,0.9725178282684116,0.0
hsa-mir-377,0.5099252481265252,0.9725275901615543,0.0
hsa-mir-1277,0.5091699205595741,0.9726021685889348,0.0
hsa-mir-4788,0.5087392923057301,0.9726446504451409,0.0
hsa-mir-509-3,0.5077428212020169,0.972742850400239,0.0
hsa-mir-6739,0.5071926134732853,0.97279701055428,0.0
hsa-mir-488,0.5055020682515788,0.9729631463888895,0.0
hsa-mir-190a,0.5052272664889182,0.9729901129677077,0.0
hsa-mir-543,0.5050212567383842,0.9730103217279953,0.0
hsa-mir-1227,0.5024685532522707,0.9732602204446836,0.0
hsa-mir-7704,0.5023740737207126,0.973269451394549,0.0
hsa-mir-2278,0.5017029379153788,0.9733349860703964,0.0
hsa-mir-519c,0.501112282951566,0.9733926076948992,0.0
hsa-mir-193b,0.5010363954173044,0.9734000072516029,0.0
hsa-mir-596,0.5007961376507155,0.9734234284974196,0.0
hsa-mir-135b,0.5002840205008978,0.9734733235265908,0.0
hsa-mir-3675,0.4978821425781933,0.9737068247119807,0.0
hsa-mir-6769a,0.4961212073416541,0.9738774795494521,0.0
hsa-mir-3153,0.4956811196838995,0.9739200580878514,0.0
hsa-mir-4530,0.49435528985478505,0.9740481604303959,0.0
hsa-mir-8077,0.4920358149945581,0.9742716476041665,0.0
hsa-mir-215,0.49172787199652657,0.9743012590999731,0.0
hsa-mir-520g,0.4906084579569766,0.9744087830266552,0.0
hsa-mir-6883,0.48917505614557777,0.9745461965197538,0.0
hsa-mir-1257,0.48887765119314375,0.9745746692912294,0.0
hsa-mir-4498,0.48617627684503284,0.9748326920698492,0.0
hsa-mir-1236,0.4861321130454871,0.9748369014043026,0.0
hsa-mir-4701,0.48523310111130324,0.9749225249783925,0.0
hsa-mir-6876,0.4852154908054987,0.9749242010181938,0.0
hsa-mir-129-1,0.4850176014753861,0.9749430317307382,0.0
hsa-mir-374b,0.4848409704763123,0.974959834632547,0.0
hsa-mir-509-2,0.48481004157530366,0.9749627764209776,0.0
hsa-mir-3925,0.4846440154700876,0.9749785654887054,0.0
hsa-mir-5009,0.48375215814065486,0.97506331089356,0.0
hsa-mir-943,0.4804484474111985,0.9753762013492709,0.0
hsa-mir-143,0.4797750881436459,0.9754397745738723,0.0
hsa-mir-4430,0.4751851017911849,0.9758713159937019,0.0
hsa-mir-4634,0.47511401015761334,0.9758779750305007,0.0
hsa-mir-4679-2,0.47496341035630346,0.9758920789578647,0.0
hsa-mir-4784,0.47481708071417833,0.9759057797116234,0.0
hsa-mir-4638,0.47322046442385896,0.976055060579655,0.0
hsa-mir-6763,0.4732202945344145,0.9760550764436053,0.0
hsa-mir-4484,0.4729392114020409,0.9760813174924059,0.0
hsa-mir-7151,0.4729364698842763,0.9760815733733768,0.0
hsa-mir-6858,0.4715554024397954,0.9762103319477132,0.0
hsa-mir-4643,0.4710573223599698,0.9762566979443664,0.0
hsa-mir-3202-2,0.4706945230564671,0.9762904471477063,0.0
hsa-mir-206,0.47041991380974046,0.9763159792985295,0.0
hsa-mir-1295a,0.47008056616896254,0.9763475148422056,0.0
hsa-mir-411,0.46945385878075585,0.9764057089290253,0.0
hsa-mir-320c-1,0.4669744357733963,0.9766353573943094,0.0
hsa-mir-1249,0.4667494374291532,0.9766561510100876,0.0
hsa-mir-3942,0.46589677403822394,0.976734881646068,0.0
hsa-mir-6783,0.46580495700168717,0.9767433529830211,0.0
hsa-mir-199a-1,0.46570629098578253,0.9767524548012755,0.0
hsa-mir-19a,0.46491168573060443,0.9768257022156573,0.0
hsa-mir-7108,0.4645825454594049,0.9768560145356373,0.0
hsa-mir-4668,0.46346895659238585,0.9769584487444014,0.0
hsa-mir-4256,0.4628330999022063,0.9770168537277479,0.0
hsa-mir-4743,0.45985627152009,0.9772894621665228,0.0
hsa-mir-4687,0.4588708931738513,0.9773794015728852,0.0
hsa-mir-34c,0.45833448687780176,0.9774282990164767,0.0
hsa-mir-7705,0.45738919199266825,0.9775143623767826,0.0
hsa-mir-6880,0.4572167884383714,0.9775300438976838,0.0
hsa-mir-639,0.4565122963258661,0.977594075844307,0.0
hsa-mir-7110,0.4553337423581591,0.977701025287649,0.0
hsa-mir-573,0.4531863200403721,0.977895346639065,0.0
hsa-mir-4532,0.45202659045462606,0.977999995666918,0.0
hsa-mir-4665,0.45185085909399747,0.9780158348065677,0.0
hsa-mir-2861,0.4517354627965913,0.9780262331916506,0.0
hsa-mir-525,0.4515788730800684,0.9780403402364277,0.0
hsa-mir-3918,0.45090368723187424,0.9781011238264634,0.0
hsa-mir-944,0.45006518101727433,0.9781765122404039,0.0
hsa-mir-1290,0.4494300621920784,0.9782335421128276,0.0
hsa-mir-524,0.44690100296275104,0.9784600166202461,0.0
hsa-mir-4672,0.4467982416500784,0.9784691978083265,0.0
hsa-mir-4762,0.44417805748783123,0.978702743151162,0.0
hsa-mir-604,0.4439106107395714,0.9787265214433262,0.0
hsa-mir-6836,0.44290437165451835,0.978815884798714,0.0
hsa-mir-455,0.4428384502231398,0.9788217337227124,0.0
hsa-mir-4295,0.4406150111334553,0.9790186125461278,0.0
hsa-mir-6865,0.4379356833572081,0.9792548316365318,0.0
hsa-mir-4494,0.437793419190141,0.9792673427003992,0.0
hsa-mir-199a-2,0.4359865970826333,0.9794259626970758,0.0
hsa-mir-3140,0.4347031097076411,0.9795383276902146,0.0
hsa-mir-548b,0.4338250929116783,0.9796150457272332,0.0
hsa-mir-6882,0.4327756927976577,0.9797065792490969,0.0
hsa-mir-4437,0.432501771747857,0.9797304433185116,0.0
hsa-mir-4423,0.43249127754628275,0.9797313573404199,0.0
hsa-mir-4637,0.4320956360939384,0.9797658041592516,0.0
hsa-mir-1245b,0.43062161002812327,0.9798939236607245,0.0
hsa-mir-607,0.43031940231276367,0.9799201485384028,0.0
hsa-mir-4766,0.430259640835038,0.9799253327882572,0.0
hsa-mir-3151,0.43023391195307203,0.9799275645696269,0.0
hsa-mir-1273h,0.42973664700846387,0.9799706778744002,0.0
hsa-mir-3190,0.42923368647705473,0.9800142451652952,0.0
hsa-mir-4680,0.4290640135811946,0.9800289334791596,0.0
hsa-mir-378c,0.4289460987848073,0.9800391384897557,0.0
hsa-mir-1199,0.4282979772501161,0.9800951912299695,0.0
hsa-mir-3682,0.42704229711888664,0.9802035990239967,0.0
hsa-mir-6754,0.42681918592598805,0.9802228348996107,0.0
hsa-mir-4691,0.42681388162365164,0.9802232921219913,0.0
hsa-mir-6743,0.4260618217908889,0.9802880732229945,0.0
hsa-mir-6781,0.4220122658632957,0.9806353470942305,0.0
hsa-mir-4527,0.42179554166985533,0.9806538587675427,0.0
hsa-mir-149,0.42177406354364005,0.9806556929305085,0.0
hsa-mir-6885,0.42002122728790886,0.9808051309048164,0.0
hsa-mir-1246,0.4194774710422535,0.98085138890718,0.0
hsa-mir-5689,0.419364782096453,0.9808609695684631,0.0
hsa-mir-138-1,0.4191398443378092,0.9808800873878568,0.0
hsa-mir-199b,0.41795740719390184,0.9809804512255329,0.0
hsa-mir-3124,0.4171134478197474,0.9810519482861089,0.0
hsa-mir-6868,0.416296308541202,0.9811210642452965,0.0
hsa-mir-4700,0.41609451218791194,0.9811381162295307,0.0
hsa-mir-583,0.41551565014642533,0.9811869942865306,0.0
hsa-mir-6773,0.41548321137270694,0.9811897317624969,0.0
hsa-mir-4467,0.41458786077570514,0.9812652226561757,0.0
hsa-mir-4518,0.41389436243976613,0.981323605775796,0.0
hsa-mir-495,0.41312158624990475,0.9813885716805641,0.0
hsa-mir-548e,0.4090573294697889,0.9817286585726737,0.0
hsa-mir-6727,0.4087509839665788,0.9817541844472337,0.0
hsa-mir-3161,0.40869746815457975,0.9817586420274792,0.0
hsa-mir-6774,0.408596243100436,0.9817670722618813,0.0
hsa-mir-3170,0.408067459406116,0.9818110834583254,0.0
hsa-mir-4529,0.4075899162938671,0.9818507908612449,0.0
hsa-mir-5194,0.4074540753941261,0.9818620791818351,0.0
hsa-mir-4717,0.4066007876563579,0.9819329184849034,0.0
hsa-mir-564,0.40618380052498354,0.981967493402452,0.0
hsa-mir-4451,0.4057804136305927,0.9820009137364096,0.0
hsa-mir-1911,0.4054201258158034,0.9820307409602416,0.0
hsa-mir-3135a,0.404850860397036,0.982077825793427,0.0
hsa-mir-365a,0.4046811052965135,0.9820918562896055,0.0
hsa-mir-548j,0.4029338558028285,0.9822359959480786,0.0
hsa-mir-658,0.40292745359103693,0.9822365231841013,0.0
hsa-mir-572,0.40263777174031934,0.9822603721126983,0.0
hsa-mir-513a-2,0.4022600301789129,0.9822914502407162,0.0
hsa-mir-1284,0.4009940510734495,0.9823954368034749,0.0
hsa-mir-3928,0.40029092986989956,0.9824530774414341,0.0
hsa-mir-4453,0.40003536765220593,0.9824740079327144,0.0
hsa-mir-4798,0.3979629687229464,0.982643341717076,0.0
hsa-mir-6875,0.39695800499929945,0.9827252026829516,0.0
hsa-mir-4260,0.3962759779230476,0.9827806638030467,0.0
hsa-mir-4422,0.3958714540485584,0.9828135227671903,0.0
hsa-mir-4686,0.39489196311353053,0.9828929740505791,0.0
hsa-mir-526a-1,0.394709078218193,0.9829077912360927,0.0
hsa-mir-589,0.3940302160172588,0.9829627439086265,0.0
hsa-mir-4706,0.39367841236738127,0.9829911918977812,0.0
hsa-mir-3183,0.3936497418379513,0.9829935093908249,0.0
hsa-mir-4433a,0.3930969840194657,0.9830381633425267,0.0
hsa-mir-195,0.3923275493623718,0.9831002373536811,0.0
hsa-mir-365b,0.39135788439284225,0.9831783256396257,0.0
hsa-mir-3191,0.3912306188873541,0.98318856294635,0.0
hsa-mir-3621,0.39090015663245176,0.9832151330026944,0.0
hsa-mir-4658,0.38925283781585274,0.9833473122587668,0.0
hsa-mir-497,0.3891333924551898,0.9833568789604579,0.0
hsa-mir-6509,0.38710937376318094,0.9835186282709435,0.0
hsa-mir-4728,0.38706581594703054,0.9835221017153831,0.0
hsa-mir-7844,0.38642979376358677,0.983572784316275,0.0
hsa-mir-6769b,0.3859422456569267,0.9836115899510599,0.0
hsa-mir-585,0.38469178607509846,0.9837109375241334,0.0
hsa-mir-10a,0.3839671628371179,0.9837683888228659,0.0
hsa-mir-7973-2,0.38350280066070874,0.9838051594669175,0.0
hsa-mir-34a,0.38266733278000153,0.9838712256314528,0.0
hsa-mir-1323,0.38234846265704997,0.9838964101530508,0.0
hsa-mir-124-2,0.38100497297311975,0.9840023330597413,0.0
hsa-mir-6881,0.37997961902396205,0.9840829705100788,0.0
hsa-mir-181d,0.37949695203984735,0.9841208682102643,0.0
hsa-mir-4433b,0.37833098775323193,0.9842122554778137,0.0
hsa-mir-6776,0.377288883810837,0.984293741663691,0.0
hsa-mir-4667,0.3764023494010063,0.9843629196718935,0.0
hsa-mir-3975,0.37549613536930215,0.9844334967425205,0.0
hsa-mir-4322,0.3754380699440573,0.9844380142394438,0.0
hsa-mir-4454,0.37477088709376827,0.9844898804131728,0.0
hsa-mir-4659a,0.3743399904436205,0.9845233380718189,0.0
hsa-mir-4756,0.37380490709535796,0.9845648419189317,0.0
hsa-mir-184,0.373771394313505,0.9845674397383121,0.0
hsa-mir-6755,0.3734452763107023,0.9845927096262309,0.0
hsa-mir-592,0.3726855807651,0.9846515065277464,0.0
hsa-mir-4671,0.370828265836186,0.9847948435839763,0.0
hsa-mir-6794,0.370062110466779,0.9848538011627104,0.0
hsa-mir-4436b-1,0.3689855150952626,0.9849364798969962,0.0
hsa-mir-1468,0.3681966686969255,0.9849969358016506,0.0
hsa-mir-548h-3,0.36815706459593545,0.9849999682127282,0.0
hsa-mir-760,0.36719712307615304,0.9850733876838393,0.0
hsa-mir-1273c,0.367145265458649,0.9850773494693467,0.0
hsa-mir-3667,0.3670503128738125,0.9850846024128901,0.0
hsa-mir-520d,0.36671546412095174,0.9851101675742989,0.0
hsa-mir-191,0.3667040324872307,0.9851110400247158,0.0
hsa-mir-4759,0.3665503777180766,0.9851227646414275,0.0
hsa-mir-4505,0.3647275814246609,0.9852615465924847,0.0
hsa-mir-5680,0.36455404581205286,0.9852747295590564,0.0
hsa-mir-198,0.3621058287033042,0.9854601658603396,0.0
hsa-mir-7851,0.36190509154356104,0.9854753249951782,0.0
hsa-mir-3943,0.36133115044107744,0.9855186295052223,0.0
hsa-mir-4431,0.3609586901602641,0.9855467019254466,0.0
hsa-mir-7160,0.36092045336203743,0.9855495824991682,0.0
hsa-mir-18b,0.3606982383017868,0.9855663181466726,0.0
hsa-mir-6734,0.36024375759279303,0.9856005200676502,0.0
hsa-mir-6756,0.3598395457789834,0.9856309092977592,0.0
hsa-mir-4768,0.35931407060027765,0.9856703734487268,0.0
hsa-mir-579,0.35870376873769405,0.9857161488467727,0.0
hsa-mir-298,0.35797406566692147,0.9857707960358676,0.0
hsa-mir-600,0.3578347469557357,0.9857812191752856,0.0
hsa-mir-150,0.3577682758692979,0.9857861910404867,0.0
hsa-mir-628,0.3570203668800211,0.9858420804077547,0.0
hsa-mir-3187,0.35531230826871935,0.9859693588864857,0.0
hsa-mir-6742,0.3551883248671388,0.9859785781536993,0.0
hsa-mir-6843,0.3545436767460975,0.9860264708104962,0.0
hsa-mir-4485,0.3539358697396341,0.9860715608717571,0.0
hsa-mir-2355,0.35315820784521135,0.9861291587173797,0.0
hsa-mir-514a-1,0.3530430754623237,0.986137677179137,0.0
hsa-mir-7846,0.3528868985672934,0.986149228803172,0.0
hsa-mir-301a,0.3524788071295179,0.9861793934135746,0.0
hsa-mir-624,0.3521777597062089,0.9862016272963747,0.0
hsa-mir-24-1,0.35202660085389126,0.9862127852432871,0.0
hsa-mir-4443,0.3514170620335188,0.986257738924563,0.0
hsa-mir-376c,0.34996494878354717,0.9863645738965617,0.0
hsa-mir-4424,0.3486370279886914,0.9864619521914754,0.0
hsa-mir-6851,0.3486093780641719,0.986463976551165,0.0
hsa-mir-1322,0.34699815718583304,0.9865817112886878,0.0
hsa-mir-3944,0.3467045588656583,0.9866031164820231,0.0
hsa-mir-203b,0.34666075339616365,0.9866063088965689,0.0
hsa-mir-514a-3,0.346549840826963,0.9866143903892749,0.0
hsa-mir-4793,0.34541691636070004,0.9866968168784921,0.0
hsa-mir-20a,0.34511350492138204,0.9867188538234817,0.0
hsa-mir-3609,0.34484678896205456,0.9867382123199728,0.0
hsa-mir-5571,0.34386530214547495,0.9868093428720736,0.0
hsa-mir-1225,0.34335905610524997,0.986845966026452,0.0
hsa-mir-1254-1,0.3433488625302213,0.9868467029971614,0.0
hsa-mir-4473,0.3428504279988085,0.9868827164902138,0.0
hsa-mir-3681,0.34189372205293966,0.9869517200698839,0.0
hsa-mir-4444-2,0.3416482966307102,0.9869693959131461,0.0
hsa-mir-3137,0.3410278443307104,0.987014034711766,0.0
hsa-mir-4490,0.34087383060130083,0.9870251048915164,0.0
hsa-mir-4641,0.3400880530784931,0.9870815203199719,0.0
hsa-mir-6894,0.3388702028994308,0.9871687430995727,0.0
hsa-mir-548d-1,0.3387747351983968,0.987175569540104,0.0
hsa-mir-6799,0.33870702268702196,0.9871804103707886,0.0
hsa-mir-4645,0.33666250498600075,0.9873261960382941,0.0
hsa-mir-18a,0.3365427156700561,0.9873347149328808,0.0
hsa-mir-4533,0.3364379562989892,0.9873421628963575,0.0
hsa-mir-4685,0.336420479761112,0.9873434052191149,0.0
hsa-mir-3176,0.33603221083589807,0.9873709915379593,0.0
hsa-mir-4647,0.3356349542021516,0.9873991889951207,0.0
hsa-mir-4718,0.33509472743101154,0.9874374899918651,0.0
hsa-mir-548s,0.33498162514490415,0.9874455022156672,0.0
hsa-mir-548bb,0.33423690244018633,0.9874982025120618,0.0
hsa-mir-4466,0.33362131494457636,0.9875416907962352,0.0
hsa-mir-6852,0.33286283210323075,0.9875951820739534,0.0
hsa-mir-3659,0.3314846772743709,0.987692115290922,0.0
hsa-mir-625,0.33136957001935263,0.9877001962380938,0.0
hsa-let-7i,0.33113537295372064,0.9877166304931257,0.0
hsa-mir-5692c-1,0.33093040733403667,0.9877310055407925,0.0
hsa-mir-4770,0.33031678339799364,0.9877739969939155,0.0
hsa-mir-4742,0.32966357352154413,0.9878196886908059,0.0
hsa-mir-4501,0.329404835625367,0.9878377663878566,0.0
hsa-mir-548y,0.3289413018769438,0.9878701232672135,0.0
hsa-mir-514a-2,0.3285824842740872,0.9878951443141267,0.0
hsa-mir-508,0.328575386766035,0.9878956390069519,0.0
hsa-mir-181c,0.3285560127296475,0.9878969893223134,0.0
hsa-mir-3188,0.3269995705976278,0.9880052513971649,0.0
hsa-mir-6853,0.3269814567839086,0.9880065088160292,0.0
hsa-mir-7641-2,0.326857882170265,0.9880150855238645,0.0
hsa-mir-570,0.3255810374843893,0.9881035461904345,0.0
hsa-mir-450a-2,0.32551620190994857,0.9881080303106302,0.0
hsa-mir-7106,0.3245556271347533,0.9881743773942864,0.0
hsa-mir-4425,0.3229392139293368,0.9882856524247766,0.0
hsa-mir-5089,0.32238663575869164,0.9883235854447402,0.0
hsa-mir-4750,0.3216732969741065,0.9883724736605474,0.0
hsa-mir-24-2,0.32070801313325825,0.9884384840405667,0.0
hsa-mir-1291,0.31901808947863514,0.9885536472187818,0.0
hsa-mir-3622a,0.31769775956309215,0.9886432677472977,0.0
hsa-mir-124-1,0.3164160886721424,0.9887299650625514,0.0
hsa-mir-425,0.3146224236580177,0.9888508001078955,0.0
hsa-mir-3136,0.3133665089180319,0.9889350635206916,0.0
hsa-mir-887,0.31299730825771416,0.9889597803381164,0.0
hsa-mir-548ai,0.3119549857429816,0.9890294278501796,0.0
hsa-mir-7706,0.31172495442791204,0.989044772025749,0.0
hsa-mir-181b-2,0.3111166966901122,0.9890852996466344,0.0
hsa-mir-3150a,0.3106424910838719,0.9891168491298985,0.0
hsa-mir-125b-2,0.3100529408093379,0.9891560159433184,0.0
hsa-mir-3195,0.30927763761334964,0.98920742754271,0.0
hsa-mir-4699,0.30830601949790387,0.9892717034279567,0.0
hsa-mir-6793,0.30752692658687886,0.9893231195052162,0.0
hsa-mir-576,0.30632677695836513,0.9894021076458996,0.0
hsa-mir-3922,0.30531876021102444,0.989468248370113,0.0
hsa-mir-151b,0.3052838829064061,0.9894705335282937,0.0
hsa-mir-1248,0.3046367993013931,0.9895128902607861,0.0
hsa-mir-542,0.30449104052757453,0.9895224208105255,0.0
hsa-mir-5092,0.30379906060584366,0.9895676136855401,0.0
hsa-mir-501,0.303577674418765,0.9895820538983089,0.0
hsa-mir-6782,0.30336488081548046,0.9895959252319336,0.0
hsa-mir-23a,0.3008996460916121,0.9897560239540065,0.0
hsa-mir-548d-2,0.3006794790083154,0.9897702682022408,0.0
hsa-mir-1237,0.3006376487174551,0.9897729735138364,0.0
hsa-mir-141,0.3004130819665718,0.9897874915656234,0.0
hsa-mir-670,0.29940100912777773,0.9898528067868696,0.0
hsa-mir-208b,0.29767044158076683,0.989964056396775,0.0
hsa-mir-645,0.2975874035561984,0.9899693807008463,0.0
hsa-mir-6772,0.2973228206002545,0.9899863370265115,0.0
hsa-mir-181b-1,0.29717325626136776,0.9899959164741733,0.0
hsa-mir-3157,0.29665246683706736,0.9900292404915056,0.0
hsa-mir-3155a,0.2966435398272211,0.9900298112746724,0.0
hsa-mir-424,0.29533809305276887,0.9901131225397372,0.0
hsa-mir-1244-2,0.29507624605660604,0.9901297954372016,0.0
hsa-mir-6797,0.2945585864084316,0.9901627198966507,0.0
hsa-mir-204,0.2942524697552482,0.9901821664917692,0.0
hsa-mir-6771,0.2936535348001374,0.9902201649928268,0.0
hsa-mir-1908,0.29332544635158597,0.9902409520525434,0.0
hsa-mir-3152,0.29203965460111725,0.9903222261530239,0.0
hsa-mir-3200,0.2919419957584347,0.9903283866505117,0.0
hsa-mir-6715b,0.29169025268682275,0.9903442589463927,0.0
hsa-mir-185,0.29138343292411334,0.9903635879896596,0.0
hsa-mir-6720,0.2910791473240482,0.9903827402204601,0.0
hsa-mir-224,0.2906378537291333,0.9904104855738908,0.0
hsa-mir-33b,0.2902241821468256,0.9904364615806771,0.0
hsa-mir-5684,0.29020816904513175,0.9904374664681755,0.0
hsa-mir-3917,0.2887967629976904,0.9905258516526703,0.0
hsa-mir-4677,0.28776805755486506,0.9905900389957415,0.0
hsa-mir-6505,0.2867879127935974,0.9906510138680996,0.0
hsa-mir-188,0.28589979830995493,0.9907061096061635,0.0
hsa-mir-5580,0.2857838661128156,0.9907132908569948,0.0
hsa-mir-4524a,0.2851365139078875,0.9907533442464491,0.0
hsa-mir-4999,0.28484588768422525,0.990771300726227,0.0
hsa-mir-6741,0.28452866667230353,0.9907908824513937,0.0
hsa-mir-30a,0.2837453475557972,0.9908391557451369,0.0
hsa-mir-6735,0.2828053177339097,0.9908969357919091,0.0
hsa-mir-6844,0.28157280123142475,0.9909724443639629,0.0
hsa-mir-551a,0.28100745711553876,0.9910069846542328,0.0
hsa-mir-183,0.2809991363445632,0.9910074925749199,0.0
hsa-mir-1251,0.280594414820984,0.9910321821816057,0.0
hsa-mir-124-3,0.2804304316275396,0.9910421770929879,0.0
hsa-mir-1537,0.28036949206533807,0.9910458901294192,0.0
hsa-mir-1247,0.27900472566221834,0.9911288632425479,0.0
hsa-mir-346,0.27756067087661085,0.9912162773320171,0.0
hsa-mir-6891,0.276116713501653,0.9913032947686721,0.0
hsa-mir-6510,0.2759128622197875,0.991315547980849,0.0
hsa-mir-581,0.2754210548614991,0.9913450777064458,0.0
hsa-mir-4653,0.27540116028640294,0.9913462712859875,0.0
hsa-mir-1293,0.2751899722729274,0.9913589369748534,0.0
hsa-mir-7-2,0.2749207213976894,0.991375072745416,0.0
hsa-mir-378i,0.2741827097761213,0.9914192307245875,0.0
hsa-mir-1270,0.2737890488987677,0.9914427430269596,0.0
hsa-mir-320e,0.27371115033146814,0.9914473922425513,0.0
hsa-mir-4783,0.2726212233562045,0.9915123224803211,0.0
hsa-mir-5581,0.2697191089041988,0.9916841180952999,0.0
hsa-mir-5001,0.26876888805616106,0.9917400223609338,0.0
hsa-mir-3129,0.26858625793438007,0.9917507474581679,0.0
hsa-mir-7152,0.26752972182397583,0.9918126694598751,0.0
hsa-mir-6837,0.2671072279497365,0.9918373720173995,0.0
hsa-mir-4507,0.266982755595078,0.9918446432705883,0.0
hsa-mir-510,0.26674868734510165,0.9918583087902405,0.0
hsa-mir-5188,0.26669594122348866,0.9918613868133517,0.0
hsa-mir-3198-2,0.2646019259076225,0.991983157492286,0.0
hsa-mir-5090,0.2641647940154228,0.9920084724082315,0.0
hsa-mir-6729,0.26405387594337226,0.9920148900498098,0.0
hsa-mir-652,0.2635170013367626,0.9920459201652375,0.0
hsa-mir-5579,0.26297649996944356,0.9920771045011894,0.0
hsa-let-7e,0.2625603540933484,0.992101076228853,0.0
hsa-mir-193a,0.2618946184821329,0.9921393567644413,0.0
hsa-mir-4777,0.2606482109916177,0.9922107994034419,0.0
hsa-mir-3684,0.25998800407151734,0.9922485216085419,0.0
hsa-mir-3194,0.25923056272785727,0.9922916969475933,0.0
hsa-mir-3617,0.2584671062059487,0.9923351041886923,0.0
hsa-mir-556,0.25832874574140813,0.9923429589075615,0.0
hsa-mir-3612,0.25774013306376586,0.9923763334872866,0.0
hsa-mir-561,0.25755290402142655,0.9923869355475888,0.0
hsa-mir-4746,0.2565546790154692,0.9924433478571479,0.0
hsa-mir-125b-1,0.2556077493890311,0.992496684790877,0.0
hsa-mir-1243,0.25551087735976236,0.9925021315242744,0.0
hsa-mir-555,0.2551699875254487,0.9925212840992194,0.0
hsa-mir-26a-2,0.25380471575160035,0.9925977669332368,0.0
hsa-mir-548f-1,0.253586308040433,0.9926099689460552,0.0
hsa-mir-4482,0.2530197682728665,0.9926415776530141,0.0
hsa-mir-505,0.25284131705934887,0.9926515211150165,0.0
hsa-mir-3649,0.25228422798932365,0.9926825231821803,0.0
hsa-mir-4751,0.25210825605275694,0.9926923036203701,0.0
hsa-mir-3926-2,0.2520144294470196,0.9926975160215451,0.0
hsa-mir-6840,0.24908803935222681,0.9928592352588731,0.0
hsa-mir-6822,0.24906680566154552,0.9928604026419225,0.0
hsa-mir-211,0.24747255196439294,0.9929478023283249,0.0
hsa-mir-26a-1,0.2469294702546254,0.9929774626864366,0.0
hsa-mir-4519,0.24589003486645047,0.9930340720311192,0.0
hsa-mir-93,0.2457303774191584,0.9930427486813569,0.0
hsa-mir-214,0.24497250284996638,0.9930838682477614,0.0
hsa-mir-6721,0.24448131623791883,0.993110458745427,0.0
hsa-mir-3910-2,0.24424758049044093,0.9931230956323631,0.0
hsa-mir-3614,0.24344020573140715,0.9931666645715653,0.0
hsa-mir-4657,0.24342985003256642,0.9931672225806186,0.0
hsa-mir-548ba,0.24110249875550985,0.9932921008630562,0.0
hsa-mir-6877,0.24051190421538982,0.993323622463732,0.0
hsa-mir-6842,0.2401130208798013,0.9933448734453623,0.0
hsa-mir-4469,0.2397220742810298,0.9933656714665785,0.0
hsa-mir-6786,0.2383095126517194,0.9934405698165666,0.0
hsa-mir-1254-2,0.23698049253496772,0.9935106824317085,0.0
hsa-let-7f-1,0.23678715160604175,0.9935208533587765,0.0
hsa-mir-130a,0.2357898040211725,0.9935732037137506,0.0
hsa-mir-4670,0.2353124835500727,0.9935981890954916,0.0
hsa-mir-4786,0.23507048910170597,0.9936108392497572,0.0
hsa-mir-3144,0.23446243297683583,0.9936425744186006,0.0
hsa-mir-4669,0.23352810769549057,0.9936911965169376,0.0
hsa-let-7f-2,0.23311032889314323,0.9937128821589772,0.0
hsa-mir-219a-1,0.23208366338933065,0.9937660275010931,0.0
hsa-mir-939,0.23178577971258416,0.9937814086399211,0.0
hsa-mir-135a-2,0.23142751785038712,0.9937998842528931,0.0
hsa-mir-4661,0.23073093864865402,0.9938357345837221,0.0
hsa-mir-4715,0.2305652473217645,0.9938442480232137,0.0
hsa-mir-3618,0.22981827053038395,0.9938825614803916,0.0
hsa-mir-1262,0.2292310791633084,0.9939126020647148,0.0
hsa-mir-7702,0.22907791301802022,0.9939204268225507,0.0
hsa-mir-548n,0.228517465820739,0.9939490187566525,0.0
hsa-mir-1287,0.22802777648988254,0.9939739501004998,0.0
hsa-mir-6516,0.2279097600503442,0.9939799515351232,0.0
hsa-mir-5586,0.22649224326381914,0.9940518206405944,0.0
hsa-mir-221,0.22619878619129968,0.9940666494461965,0.0
hsa-mir-30d,0.22585730796213072,0.9940838833627724,0.0
hsa-mir-641,0.22574199193872668,0.9940896979803738,0.0
hsa-mir-200c,0.22481780316885752,0.9941362034637372,0.0
hsa-mir-320b-1,0.22451436675303701,0.9941514355572891,0.0
hsa-mir-6788,0.22448350466115105,0.9941529837689371,0.0
hsa-mir-107,0.22439695759100173,0.9941573244363289,0.0
hsa-mir-6730,0.22343869102527184,0.9942052858308653,0.0
hsa-mir-550a-1,0.22176691915792673,0.9942885215727003,0.0
hsa-mir-210,0.22139585524724262,0.994306921080499,0.0
hsa-mir-378d-1,0.22120610498001697,0.9943163194137887,0.0
hsa-mir-6758,0.22110157731146812,0.9943214936090277,0.0
hsa-mir-138-2,0.22064719821345222,0.9943439604200655,0.0
hsa-mir-345,0.22006663204178517,0.9943726067175122,0.0
hsa-mir-92a-1,0.21999238645236324,0.9943762652995418,0.0
hsa-mir-3158-1,0.21989614627685877,0.9943810060682624,0.0
hsa-mir-4757,0.2190232381878139,0.9944239209743481,0.0
hsa-mir-6746,0.21890866878735737,0.9944295422824316,0.0
hsa-mir-3127,0.21888474836011973,0.9944307155994121,0.0
hsa-mir-7-3,0.21843955358724418,0.9944525319338638,0.0
hsa-mir-19b-2,0.2177965765909226,0.9944839705421193,0.0
hsa-mir-3613,0.21747651383859887,0.9944995893464471,0.0
hsa-mir-151a,0.21715253778350693,0.9945153782662989,0.0
hsa-mir-6733,0.21676021337732437,0.9945344700392674,0.0
hsa-mir-92a-2,0.215820741912282,0.9945800626069717,0.0
hsa-mir-148b,0.21452557034033765,0.9946426275439579,0.0
hsa-mir-4660,0.21371334704869707,0.9946816914873865,0.0
hsa-mir-4536-2,0.21369153188085324,0.9946827388646743,0.0
hsa-mir-1294,0.21317614465874585,0.9947074555563324,0.0
hsa-mir-548am,0.21278140611188953,0.9947263501739064,0.0
hsa-mir-186,0.21211676454188588,0.9947580932935991,0.0
hsa-mir-4772,0.21199810806479621,0.9947637509592294,0.0
hsa-mir-4741,0.2116737523067414,0.9947792021391105,0.0
hsa-mir-1245a,0.21132875433071924,0.9947956134237466,0.0
hsa-mir-1292,0.21051707801918845,0.9948341297861553,0.0
hsa-mir-548o-2,0.20968299369827997,0.9948735712833849,0.0
hsa-mir-3192,0.20901938164279266,0.9949048514916434,0.0
hsa-mir-3615,0.20860254189709168,0.9949244543628324,0.0
hsa-mir-3619,0.2084932134123551,0.9949295899903222,0.0
hsa-mir-342,0.20802905428400753,0.9949513666761058,0.0
hsa-mir-23b,0.20657980137279214,0.9950190804486017,0.0
hsa-mir-100,0.20132621364794898,0.9952609804964351,0.0
hsa-mir-95,0.20070343943541566,0.9952892845653692,0.0
hsa-mir-4636,0.1996242938173587,0.9953381431194925,0.0
hsa-mir-6723,0.19933158946552426,0.9953513544931005,0.0
hsa-mir-548aw,0.19907279403921183,0.9953630208297867,0.0
hsa-mir-6780b,0.19864965030490045,0.9953820664818492,0.0
hsa-mir-671,0.19858939549159604,0.9953847755754254,0.0
hsa-mir-4676,0.19854102444169505,0.9953869498320113,0.0
hsa-mir-3620,0.19795487130127087,0.9954132592221194,0.0
hsa-mir-27a,0.19728103085018492,0.9954434178269609,0.0
hsa-mir-6779,0.19655815597264054,0.9954756679576399,0.0
hsa-mir-4286,0.19593671956661146,0.9955033071960887,0.0
hsa-mir-6726,0.1958110135852721,0.9955088885424815,0.0
hsa-mir-632,0.19512772223939645,0.9955391701525274,0.0
hsa-mir-616,0.19483062691961567,0.9955523068091746,0.0
hsa-mir-483,0.19414879829566462,0.9955823868850268,0.0
hsa-mir-25,0.19331364328474443,0.9956191014556062,0.0
hsa-mir-1238,0.19282690896267146,0.9956404330196355,0.0
hsa-mir-548x-2,0.19269710148622407,0.9956461137400066,0.0
hsa-mir-17,0.19067493004953173,0.9957341626439108,0.0
hsa-mir-7641-1,0.18947959910679377,0.9957858142060599,0.0
hsa-mir-550a-3,0.1894464588923096,0.9957872420423822,0.0
hsa-mir-6850,0.18934795445140476,0.9957914847422139,0.0
hsa-mir-500b,0.1893131140863015,0.995792984878663,0.0
hsa-mir-6798,0.1888358510167385,0.9958135094330258,0.0
hsa-mir-766,0.18824249923197162,0.9958389609147208,0.0
hsa-mir-3616,0.18757140196788194,0.9958676597852185,0.0
hsa-mir-448,0.187384631679687,0.9958756303264206,0.0
hsa-mir-320d-1,0.18652661428236783,0.9959121542704497,0.0
hsa-mir-3156-1,0.1861958886554102,0.9959261919600005,0.0
hsa-mir-324,0.18570132006575885,0.995947141824255,0.0
hsa-mir-5588,0.18559430545071898,0.9959516682982298,0.0
hsa-mir-219b,0.18333305808883468,0.9960467600168181,0.0
hsa-mir-4707,0.18313579883641193,0.9960550051108925,0.0
hsa-mir-3138,0.18310376588642527,0.9960563432715345,0.0
hsa-mir-6515,0.1830897464021608,0.9960569288616545,0.0
hsa-mir-133a-2,0.1826582358859445,0.9960749330163567,0.0
hsa-mir-874,0.18222150744077162,0.9960931155715018,0.0
hsa-mir-500a,0.18163407214205596,0.996117510184975,0.0
hsa-mir-19b-1,0.18077342130397173,0.9961531213526037,0.0
hsa-mir-942,0.17878435160409062,0.9962348341026516,0.0
hsa-mir-5100,0.17870661132862764,0.9962380110284189,0.0
hsa-mir-338,0.17870372330953926,0.9962381290256577,0.0
hsa-mir-6839,0.17839529963581216,0.996250720449348,0.0
hsa-mir-651,0.17836693561004488,0.9962518774185355,0.0
hsa-mir-1182,0.17825392399498896,0.9962564855007395,0.0
hsa-mir-491,0.1780433791876043,0.9962650634325733,0.0
hsa-mir-454,0.17781470134416227,0.9962743696699831,0.0
hsa-mir-1306,0.17708044193104722,0.9963041772891438,0.0
hsa-mir-6761,0.1766689169612437,0.9963208341823371,0.0
hsa-mir-4528,0.1764304569381525,0.9963304699264688,0.0
hsa-mir-450a-1,0.17526331303999487,0.99637746088372,0.0
hsa-mir-200a,0.17488903197453043,0.9963924697396102,0.0
hsa-mir-1307,0.17408356186242455,0.9964246701555964,0.0
hsa-mir-29a,0.17311798555671437,0.9964630922684388,0.0
hsa-mir-4754,0.17282430887876885,0.9964747395055636,0.0
hsa-mir-133a-1,0.17207346352266567,0.9965044359220169,0.0
hsa-mir-6820,0.1716172763063349,0.9965224207043498,0.0
hsa-let-7g,0.17102571487709933,0.9965456774899797,0.0
hsa-mir-548o,0.1696580664545111,0.9965991642731405,0.0
hsa-mir-934,0.16965158196918975,0.9965994169361453,0.0
hsa-mir-4683,0.16947220707512123,0.9966064026376694,0.0
hsa-mir-6514,0.16880695987205468,0.9966322514196474,0.0
hsa-mir-3193,0.16857641318664793,0.9966411877997273,0.0
hsa-mir-5000,0.1685630856904366,0.9966417040541221,0.0
hsa-mir-3934,0.16845179444069447,0.9966460135769145,0.0
hsa-mir-484,0.16788716525449696,0.9966678375059915,0.0
hsa-mir-2114,0.16773867138640697,0.9966735659121692,0.0
hsa-mir-23c,0.16729315603075118,0.9966907245622507,0.0
hsa-mir-320a,0.166899045827751,0.9967058685248938,0.0
hsa-mir-769,0.1660621442621989,0.9967379184584559,0.0
hsa-mir-3074,0.1659056245094152,0.9967438961312738,0.0
hsa-mir-4785,0.1634661565885622,0.9968363935895626,0.0
hsa-mir-5187,0.15865080946758653,0.9970152791585516,0.0
hsa-mir-21,0.1585940687352903,0.9970173576830299,0.0
hsa-mir-4479,0.1583701861950577,0.9970255522604916,0.0
hsa-mir-4646,0.15782288052063412,0.9970455399248382,0.0
hsa-mir-6737,0.15766652298446168,0.9970512384146859,0.0
hsa-mir-6501,0.15573675674193344,0.9971211405613695,0.0
hsa-mir-222,0.15565884593714255,0.9971239460649692,0.0
hsa-mir-99a,0.15440317247271684,0.9971689831803889,0.0
hsa-mir-605,0.15421896192545834,0.9971755619298878,0.0
hsa-mir-98,0.15392050877345423,0.9971862052637923,0.0
hsa-mir-3605,0.15373441382407504,0.9971928320850265,0.0
hsa-mir-2276,0.15347445648252175,0.9972020767476035,0.0
hsa-mir-197,0.15199214072727962,0.9972545150471337,0.0
hsa-mir-767,0.1519890549259885,0.9972546237198067,0.0
hsa-mir-126,0.1505161921328725,0.9973062607048296,0.0
hsa-mir-1301,0.14886615935306002,0.997363556590579,0.0
hsa-mir-5193,0.14856835744880947,0.9973738352220934,0.0
hsa-mir-6818,0.14843011115060137,0.997378600316758,0.0
hsa-mir-5705,0.14739156613883592,0.9974142656901124,0.0
hsa-mir-504,0.14615622325182193,0.9974563872667399,0.0
hsa-mir-1976,0.14607421289473554,0.997459171948979,0.0
hsa-mir-101-2,0.14573864848168758,0.9974705510288819,0.0
hsa-mir-101-1,0.14513626120625,0.997490917260491,0.0
hsa-mir-1258,0.14453962905757084,0.9975110117885754,0.0
hsa-mir-1296,0.14437309697114417,0.9975166068686232,0.0
hsa-mir-6892,0.14398321880291812,0.9975296824344199,0.0
hsa-mir-935,0.14353127414757116,0.9975447984905181,0.0
hsa-mir-3909,0.14342830880823018,0.9975482361713969,0.0
hsa-mir-7852,0.14341548797776532,0.9975486640572847,0.0
hsa-mir-3117,0.1428116819490787,0.9975687754223677,0.0
hsa-mir-4449,0.14256990409926265,0.9975768063840189,0.0
hsa-mir-1910,0.14117378136820216,0.9976229330959266,0.0
hsa-mir-6791,0.1410110523232145,0.9976282820753204,0.0
hsa-mir-5706,0.13984537866547117,0.9976664305870314,0.0
hsa-mir-549a,0.1396680384261364,0.99767220851569,0.0
hsa-mir-6809,0.13935372495845466,0.9976824324174254,0.0
hsa-mir-218-1,0.13857748619027968,0.9977075898657092,0.0
hsa-mir-26b,0.13780530916262476,0.9977324858865619,0.0
hsa-mir-937,0.13734873912157353,0.9977471453755977,0.0
hsa-mir-6748,0.13712918809176022,0.9977541785574768,0.0
hsa-mir-30c-1,0.13649427646733003,0.9977744585732006,0.0
hsa-mir-744,0.13580407431450311,0.9977964051533086,0.0
hsa-mir-3178,0.13496320398253472,0.9978230024162811,0.0
hsa-mir-362,0.13479562976375242,0.9978282844867987,0.0
hsa-mir-5091,0.13416255373170494,0.9978481842923033,0.0
hsa-mir-4708,0.13395121367564347,0.9978548079954153,0.0
hsa-mir-15b,0.1335200740681977,0.9978682903192146,0.0
hsa-mir-6744,0.13346054397824764,0.9978701487193701,0.0
hsa-mir-6847,0.1332745277232202,0.9978759507582596,0.0
hsa-mir-3690-1,0.13323095414278158,0.9978773087713044,0.0
hsa-mir-3199-2,0.1332087309089088,0.9978780012204123,0.0
hsa-mir-29c,0.1327021923113766,0.9978937551096982,0.0
hsa-mir-139,0.1324665268290952,0.9979010654559068,0.0
hsa-mir-4781,0.13208173489757852,0.997912975624252,0.0
hsa-let-7c,0.1317201758364329,0.9979241371933957,0.0
hsa-mir-7155,0.13152361322121695,0.9979301932194037,0.0
hsa-mir-1-2,0.13090313175902585,0.997949254595234,0.0
hsa-mir-132,0.13054134624793512,0.9979603298739812,0.0
hsa-mir-146b,0.12988402241979705,0.9979803790852964,0.0
hsa-mir-5189,0.1296747730592877,0.997986741597941,0.0
hsa-mir-7112,0.12700085851969298,0.9980672002952474,0.0
hsa-mir-125a,0.1260414200897401,0.9980956872725051,0.0
hsa-mir-142,0.1258642149687053,0.9981009265795766,0.0
hsa-mir-598,0.12575243061548252,0.9981042280808394,0.0
hsa-mir-200b,0.12441792936392676,0.9981434295822386,0.0
hsa-mir-676,0.12422900280192467,0.9981489476831348,0.0
hsa-mir-4771-1,0.12409609240768113,0.9981528249707037,0.0
hsa-mir-361,0.12400230966974654,0.9981555584761574,0.0
hsa-mir-133b,0.12295310038125891,0.9981860078022383,0.0
hsa-mir-3652,0.12209033606425168,0.9982108642980124,0.0
hsa-mir-33a,0.12124902626978323,0.9982349443813711,0.0
hsa-mir-4521,0.1212435877254831,0.9982350995353428,0.0
hsa-mir-6508,0.11895830269014335,0.9982997164857491,0.0
hsa-mir-5008,0.1158009782906085,0.9983870863845579,0.0
hsa-mir-3912,0.11512800873199042,0.9984054226555177,0.0
hsa-mir-331,0.11497553577007522,0.9984095630620017,0.0
hsa-mir-3691,0.1142283166777045,0.9984297790191512,0.0
hsa-mir-4758,0.11201624372608657,0.9984888974166146,0.0
hsa-mir-4727,0.11063402853015562,0.9985252834453964,0.0
hsa-mir-6821,0.11039723105743392,0.9985314741859203,0.0
hsa-mir-574,0.1101213113553795,0.9985386719122491,0.0
hsa-mir-877,0.10991686743461444,0.9985439941210338,0.0
hsa-mir-7850,0.10891264900258044,0.9985700007958291,0.0
hsa-mir-1266,0.10878044208569865,0.9985734078034628,0.0
hsa-mir-320d-2,0.10763561724934087,0.9986027465295264,0.0
hsa-mir-218-2,0.10654923719767985,0.99863031581648,0.0
hsa-mir-642a,0.10645902889132856,0.9986325931462283,0.0
hsa-mir-545,0.10505471268527271,0.9986678098226746,0.0
hsa-mir-103a-2,0.10427367247859655,0.9986872045591946,0.0
hsa-mir-103a-1,0.10401787014352436,0.9986935268020749,0.0
hsa-mir-3130-2,0.10391337943160193,0.9986961050911846,0.0
hsa-mir-548v,0.10391327463215323,0.9986961076758585,0.0
hsa-mir-145,0.10262584542328188,0.9987276730332229,0.0
hsa-mir-6808,0.10240604491055882,0.9987330248232631,0.0
hsa-mir-182,0.10219442975584107,0.9987381670259884,0.0
hsa-mir-7-1,0.10165953488805535,0.9987511198478772,0.0
hsa-mir-1-1,0.10059258730444372,0.9987767639053036,0.0
hsa-mir-7854,0.09910212001939511,0.9988121568783684,0.0
hsa-mir-212,0.09865691846790749,0.9988226313367098,0.0
hsa-mir-28,0.0985186024010939,0.9988258764329176,0.0
hsa-mir-6716,0.09816975137345575,0.9988340417579396,0.0
hsa-let-7a-2,0.09776799509103482,0.998843411272683,0.0
hsa-mir-5088,0.0974275631337781,0.9988513220135068,0.0
hsa-mir-429,0.09657326849562206,0.9988710579518506,0.0
hsa-mir-3660,0.096476284403719,0.9988732880256035,0.0
hsa-let-7a-3,0.09622367400032952,0.9988790865931753,0.0
hsa-mir-550a-2,0.09585527146900162,0.9988875171769799,0.0
hsa-mir-340,0.09559365477064988,0.9988934853594501,0.0
hsa-let-7a-1,0.09488178879490375,0.9989096462965537,0.0
hsa-mir-5687,0.09352846765561343,0.9989400522546182,0.0
hsa-mir-6806,0.09327524553572603,0.9989456953214058,0.0
hsa-mir-130b,0.09308835767375426,0.9989498507711041,0.0
hsa-mir-4640,0.09253997668786086,0.9989619981414178,0.0
hsa-mir-152,0.09109925117560701,0.9989935858368741,0.0
hsa-mir-2277,0.0907806121319318,0.9990005080704114,0.0
hsa-mir-2116,0.09029237369118873,0.9990110698195939,0.0
hsa-mir-27b,0.09009454584573781,0.9990153338197085,0.0
hsa-mir-532,0.08977733167896068,0.9990221524398155,0.0
hsa-mir-5590,0.0896566239640698,0.9990247410572727,0.0
hsa-mir-6832,0.08912033352471598,0.9990362017558695,0.0
hsa-mir-486-2,0.08846707163991718,0.9990500734052029,0.0
hsa-mir-4797,0.08744573743693136,0.9990715653468288,0.0
hsa-mir-5002,0.08735706932907734,0.9990734199324163,0.0
hsa-mir-3920,0.0870096677395288,0.9990806688606888,0.0
hsa-mir-4732,0.0868762126554828,0.9990834462069716,0.0
hsa-mir-486-1,0.08608768169238398,0.9990997731461867,0.0
hsa-mir-1228,0.08538087676776326,0.9991142868083975,0.0
hsa-mir-590,0.08503083803636768,0.9991214321553028,0.0
hsa-mir-643,0.0849522232036452,0.9991230330563039,0.0
hsa-let-7d,0.08492322525137394,0.9991236232084182,0.0
hsa-mir-1229,0.08457394152779556,0.9991307165007387,0.0
hsa-mir-6833,0.08411605038198969,0.9991399729888765,0.0
hsa-mir-301b,0.08400128456603488,0.9991422854899769,0.0
hsa-mir-371b,0.08330830057888039,0.9991561846490605,0.0
hsa-mir-5699,0.08265582476249834,0.9991691704648253,0.0
hsa-mir-106b,0.08264923208399373,0.9991693011752668,0.0
hsa-mir-6813,0.08261476348636597,0.999169984407843,0.0
hsa-mir-452,0.08139141388701031,0.9991940564943488,0.0
hsa-mir-326,0.080386338931828,0.9992135757047309,0.0
hsa-mir-105-2,0.08033809150208882,0.9992145068461747,0.0
hsa-mir-588,0.08006338854845399,0.999219798194201,0.0
hsa-mir-10b,0.07965271898697393,0.9992276760903498,0.0
hsa-mir-4789,0.07957647696287476,0.9992291343640421,0.0
hsa-mir-511,0.07919342409770057,0.9992364406833212,0.0
hsa-mir-3198-1,0.07822652627007318,0.999254732570075,0.0
hsa-mir-6810,0.07811254190940455,0.9992568747132681,0.0
hsa-mir-423,0.07742152726276726,0.9992697968935035,0.0
hsa-mir-6802,0.0771768321024672,0.9992743463022284,0.0
hsa-mir-328,0.07674880280505239,0.9992822709899444,0.0
hsa-mir-148a,0.07536986821551082,0.9993075127528207,0.0
hsa-mir-30c-2,0.07505890924158609,0.9993131440884703,0.0
hsa-mir-155,0.07458130630031035,0.9993217496318202,0.0
hsa-mir-3154,0.07296201003639952,0.9993505326229866,0.0
hsa-mir-502,0.07010747934075767,0.9993997882850326,0.0
hsa-mir-92b,0.06794355437619162,0.9994358629217489,0.0
hsa-mir-181a-1,0.06786893663604242,0.9994370873861536,0.0
hsa-mir-105-1,0.06782249447341959,0.9994378488378529,0.0
hsa-mir-6762,0.0676824189612207,0.9994401424237582,0.0
hsa-mir-6854,0.06602056671592228,0.9994670036710047,0.0
hsa-mir-4662a,0.0645598345319485,0.9994900807289848,0.0
hsa-mir-4725,0.06423461357481432,0.9994951506590689,0.0
hsa-mir-1234,0.06207273680594769,0.9995282222135021,0.0
hsa-mir-335,0.06094762029241667,0.9995449997179665,0.0
hsa-mir-32,0.06057455426333077,0.9995504971150361,0.0
hsa-mir-664a,0.060415594114501786,0.9995528295628581,0.0
hsa-mir-16-1,0.06036870348217596,0.9995535164613949,0.0
hsa-mir-128-2,0.059301858337226204,0.9995690048174134,0.0
hsa-mir-16-2,0.05853293549402872,0.9995800017710315,0.0
hsa-mir-320c-2,0.05803543639063743,0.9995870426474266,0.0
hsa-mir-3065,0.05790052785843081,0.9995889418881582,0.0
hsa-mir-1288,0.056752775216248386,0.9996049262812422,0.0
hsa-mir-99b,0.05503661438874926,0.9996282463734655,0.0
hsa-mir-618,0.05471486869028448,0.9996325409170083,0.0
hsa-mir-181a-2,0.05415193953432551,0.9996399957699156,0.0
hsa-mir-1180,0.053203733132509395,0.9996523832109588,0.0
hsa-mir-3130-1,0.05279603214194578,0.9996576439632006,0.0
hsa-mir-3651,0.05184863176597992,0.9996697165044186,0.0
hsa-mir-6803,0.05096681762089868,0.9996807619219219,0.0
hsa-mir-128-1,0.05022874507759857,0.9996898648931763,0.0
hsa-mir-15a,0.05000660098188979,0.9996925793488234,0.0
hsa-mir-4800,0.04953567787299656,0.9996982949227867,0.0
hsa-mir-3940,0.049459853558126404,0.9996992102698529,0.0
hsa-mir-146a,0.048763360940224966,0.9997075543035078,0.0
hsa-mir-96,0.04751164505783262,0.9997222596689741,0.0
hsa-mir-664b,0.047432407326755785,0.9997231780045027,0.0
hsa-mir-29b-2,0.04710251062495044,0.9997269852966123,0.0
hsa-mir-6511b-2,0.04402872528084906,0.9997612110211787,0.0
hsa-mir-660,0.043896326298638495,0.9997626345325574,0.0
hsa-mir-6511b-1,0.04362062056290998,0.999765585374241,0.0
hsa-mir-1255a,0.04314527800333599,0.9997706301887357,0.0
hsa-mir-5010,0.041756626109949284,0.9997850580485401,0.0
hsa-let-7b,0.04071643101359033,0.9997955627095032,0.0
hsa-mir-29b-1,0.04069999373198995,0.9997957266221109,0.0
hsa-mir-6812,0.039353042147279485,0.9998089379765797,0.0
hsa-mir-6871,0.039298249228499824,0.9998094661795626,0.0
hsa-mir-30e,0.03759302890594302,0.9998255436556759,0.0
hsa-mir-1179,0.03622121376858281,0.9998379696336185,0.0
hsa-mir-140,0.03595479491669097,0.9998403302824231,0.0
hsa-mir-1226,0.03578095215969378,0.9998418614178831,0.0
hsa-mir-374a,0.03509007030403999,0.9998478743670655,0.0
hsa-mir-339,0.033820506901002925,0.9998586233552466,0.0
hsa-mir-4632,0.031966183551988485,0.9998736232752666,0.0
hsa-mir-629,0.029734521006856567,0.9998905715967463,0.0
hsa-mir-1343,0.029355854813356168,0.9998933275227708,0.0
hsa-mir-551b,0.02740835390550874,0.999906951276153,0.0
hsa-mir-940,0.027003764931437385,0.9999096659137843,0.0
hsa-mir-5698,0.024170696969287763,0.9999275578958442,0.0
hsa-mir-6884,0.023886972009158784,0.9999292419358448,0.0
hsa-mir-3173,0.023162961533249798,0.9999334502203693,0.0
hsa-mir-6777,0.021724999485176862,0.9999414285506193,0.0
hsa-mir-2110,0.02171660267077873,0.9999414736544874,0.0
hsa-mir-1915,0.021083053529801377,0.9999448270389567,0.0
hsa-mir-1538,0.018647895168221074,0.9999568012538999,0.0
hsa-mir-378a,0.012216083673187206,0.9999814216987215,0.0
hsa-mir-22,0.010692949447598733,0.9999857584446457,0.0
hsa-mir-4326,0.007539558720341813,0.9999929122143102,0.0
