index,Feature,0
0,hsa-mir-520a,8.776809385972905
1,hsa-mir-520f,7.479980690315695
2,hsa-mir-518c,7.34120470080784
3,hsa-mir-516b-1,6.974440337930705
4,hsa-mir-512-1,6.891410585649778
5,hsa-mir-525,6.8855978144022
6,hsa-mir-518a-2,6.594470123165745
7,hsa-mir-518b,6.498127649946665
8,hsa-mir-520c,6.482025937133054
9,hsa-mir-526b,6.4812380315945335
10,hsa-mir-519c,6.345687926843955
11,hsa-mir-520g,6.3138994643415485
12,hsa-mir-527,6.29789127036145
13,hsa-mir-512-2,6.246140379525719
14,hsa-mir-1323,6.160588711101997
15,hsa-mir-517c,6.088853294542871
16,hsa-mir-520b,5.9755360607133134
17,hsa-mir-521-1,5.975077522657814
18,hsa-mir-518a-1,5.955958547510077
19,hsa-mir-371a,5.796977766886868
20,hsa-mir-516b-2,5.77164121818466
21,hsa-mir-517a,5.506988315026419
22,hsa-mir-517b,5.474499368302063
23,hsa-mir-372,5.445099517972551
24,hsa-mir-373,5.294653135116312
25,hsa-mir-1912,5.188067986433048
26,hsa-mir-1283-1,5.028541812313763
27,hsa-mir-518e,5.026831244809947
28,hsa-mir-519a-1,5.004082902451589
29,hsa-mir-519a-2,4.703832255272303
30,hsa-mir-515-1,4.701622690623573
31,hsa-mir-892a,4.514837484796138
32,hsa-mir-5682,4.488957738996911
33,hsa-mir-891a,4.482171474206703
34,hsa-mir-522,4.459434145992478
35,hsa-mir-892b,4.432601639474041
36,hsa-mir-1298,4.310068325686006
37,hsa-mir-513c,4.116210092382072
38,hsa-mir-516a-1,4.099102211320826
39,hsa-mir-3923,4.094215483983067
40,hsa-mir-4788,3.917819530752946
41,hsa-mir-3145,3.854846671112342
42,hsa-mir-498,3.839382816381444
43,hsa-mir-3128,3.698247208032887
44,hsa-mir-891b,3.627509474471084
45,hsa-mir-507,3.593901225106515
46,hsa-mir-513a-1,3.526214576574092
47,hsa-mir-516a-2,3.5206124082272283
48,hsa-mir-4431,3.506268173722213
49,hsa-mir-599,3.3044079255140817
50,hsa-mir-4795,3.2468267551789665
51,hsa-mir-670,3.187663284533945
52,hsa-mir-6721,3.1722169011240613
53,hsa-mir-662,3.0993334596879936
54,hsa-mir-3663,3.059537761705314
55,hsa-mir-3681,3.052239079346771
56,hsa-mir-1911,3.046796746385442
57,hsa-mir-509-1,3.031698590754718
58,hsa-mir-519b,3.0118052221119864
59,hsa-mir-514b,2.9493543809127494
60,hsa-mir-3149,2.936116571208984
61,hsa-mir-6727,2.897235111693795
62,hsa-mir-1304,2.823490702248288
63,hsa-mir-508,2.8139658820473
64,hsa-mir-572,2.796730729802445
65,hsa-mir-4756,2.7959973271059217
66,hsa-mir-4465,2.77838940207086
67,hsa-mir-1305,2.7679443461309288
68,hsa-mir-1269b,2.763753193973707
69,hsa-mir-573,2.729432981419792
70,hsa-mir-4794,2.7112626783949736
71,hsa-mir-509-2,2.697298713281034
72,hsa-mir-548x,2.617608821293348
73,hsa-mir-875,2.602130563806912
74,hsa-mir-514a-1,2.5829433918694438
75,hsa-mir-509-3,2.575451551611656
76,hsa-mir-215,2.561736566225649
77,hsa-mir-1293,2.5286733384253446
78,hsa-mir-466,2.497976911262989
79,hsa-mir-6782,2.491125703074004
80,hsa-mir-513a-2,2.443394871348146
81,hsa-mir-383,2.433678971928242
82,hsa-mir-6804,2.4296409486758903
83,hsa-mir-6853,2.412154366672069
84,hsa-mir-4435-2,2.404495282611617
85,hsa-mir-3662,2.383202578347393
86,hsa-mir-5690,2.3768014164760425
87,hsa-mir-211,2.3653651347670985
88,hsa-mir-6776,2.3336923945619983
89,hsa-mir-4445,2.319672761221065
90,hsa-mir-514a-2,2.313144614774034
91,hsa-mir-2113,2.308778983207669
92,hsa-mir-514a-3,2.28953754364057
93,hsa-mir-1908,2.235409515428054
94,hsa-mir-4647,2.2190002279238565
95,hsa-mir-506,2.200452578163447
96,hsa-mir-597,2.1488982644764385
97,hsa-mir-6505,2.1324318123305552
98,hsa-mir-3131,2.121149647159749
99,hsa-mir-4454,2.102535877337864
100,hsa-mir-192,2.0675066087467813
101,hsa-mir-4782,2.0298773790782256
102,hsa-mir-668,2.0279477423937387
103,hsa-mir-6873,2.0093879398563503
104,hsa-mir-548f-1,2.007439934463
105,hsa-mir-5705,1.9919669198376084
106,hsa-mir-4461,1.9745692279634293
107,hsa-mir-378i,1.9735492990789665
108,hsa-mir-194-1,1.9707049275861204
109,hsa-mir-2114,1.96874065969166
110,hsa-mir-6849,1.945676167824976
111,hsa-mir-4634,1.939035033567374
112,hsa-mir-194-2,1.9373703038802903
113,hsa-mir-4734,1.913883388462815
114,hsa-mir-4433a,1.9044412599769212
115,hsa-mir-219a-2,1.8988474748190527
116,hsa-mir-4768,1.8887278615035128
117,hsa-mir-3177,1.8878257655891717
118,hsa-mir-3918,1.8606236746817009
119,hsa-mir-6796,1.8138853927450416
120,hsa-mir-4433b,1.8103464259416748
121,hsa-mir-1269a,1.8055686604581107
122,hsa-mir-4744,1.7713174629427482
123,hsa-mir-6823,1.7662546378854171
124,hsa-mir-6778,1.7562682001393366
125,hsa-mir-4705,1.7520774692335987
126,hsa-mir-3116-2,1.7437150993577542
127,hsa-mir-129-2,1.719751334601529
128,hsa-mir-6816,1.7196678812589492
129,hsa-mir-6851,1.715856988287212
130,hsa-mir-129-1,1.6944098678764905
131,hsa-mir-7850,1.6919049213496575
132,hsa-mir-611,1.6872827459496238
133,hsa-mir-3655,1.6658043962400142
134,hsa-mir-378d-2,1.6618932068064167
135,hsa-mir-6766,1.6588496044864902
136,hsa-mir-2682,1.648489300305056
137,hsa-mir-4644,1.6434267249570196
138,hsa-mir-4516,1.630668149074736
139,hsa-mir-3196,1.6253871599106482
140,hsa-mir-4748,1.6219472453822066
141,hsa-mir-3138,1.6191099760784489
142,hsa-mir-5681b,1.6013996932058123
143,hsa-mir-4796,1.5929382727994827
144,hsa-mir-6750,1.5892346682667091
145,hsa-mir-888,1.5802964056713482
146,hsa-mir-559,1.5753602822954915
147,hsa-mir-4757,1.5668021377284642
148,hsa-mir-137,1.554685624774534
149,hsa-mir-5683,1.5482741068252392
150,hsa-mir-3161,1.5361589968029947
151,hsa-mir-1278,1.5332421517838342
152,hsa-mir-6888,1.5205702760083892
153,hsa-mir-3689a,1.5186261266984389
154,hsa-mir-6508,1.5150397501167914
155,hsa-mir-124-3,1.5010988248426296
156,hsa-mir-4659a,1.464284049696811
157,hsa-mir-1225,1.4572543640760989
158,hsa-mir-3146,1.4552702389890293
159,hsa-mir-3151,1.4531580564056594
160,hsa-mir-492,1.446758183274662
161,hsa-mir-6856,1.4417919355347435
162,hsa-mir-206,1.4339904259315817
163,hsa-mir-7976,1.4240331496161318
164,hsa-mir-124-1,1.420729607575268
165,hsa-mir-4752,1.4102329180761417
166,hsa-mir-204,1.4100142493052614
167,hsa-mir-6887,1.401149354443659
168,hsa-mir-6789,1.3878256112137108
169,hsa-mir-4661,1.362604698433233
170,hsa-mir-6885,1.3623417115492569
171,hsa-mir-3155a,1.356680219789095
172,hsa-mir-5696,1.3541989955130354
173,hsa-mir-6786,1.335258109902079
174,hsa-mir-6780b,1.3091166452438625
175,hsa-mir-6736,1.307424649109271
176,hsa-mir-4529,1.2965345874877183
177,hsa-mir-1238,1.2914983117643803
178,hsa-mir-5100,1.287529557107103
179,hsa-mir-1914,1.2847575052753388
180,hsa-mir-4306,1.2735473845774552
181,hsa-mir-193b,1.2557677454285263
182,hsa-mir-3140,1.2509819700558165
183,hsa-mir-1224,1.2207092641998938
184,hsa-mir-1295b,1.2194178598057843
185,hsa-mir-499a,1.2188347594875102
186,hsa-mir-548az,1.2183365719904184
187,hsa-mir-3660,1.2049312666850631
188,hsa-mir-6767,1.1912375378242883
189,hsa-mir-6800,1.1900585173152132
190,hsa-mir-934,1.1865040811468266
191,hsa-mir-6744,1.1756255361616827
192,hsa-mir-5691,1.1508354507267553
193,hsa-mir-607,1.1464962145262514
194,hsa-mir-1275,1.1407154219289994
195,hsa-mir-4755,1.1281644611349535
196,hsa-mir-4689,1.1276739789581636
197,hsa-mir-6739,1.1212766497717372
198,hsa-mir-7641-2,1.111541779351917
199,hsa-mir-6512,1.1076365838782225
200,hsa-mir-6715b,1.106287968420403
201,hsa-mir-4521,1.1021491081870425
202,hsa-mir-584,1.0980524179557072
203,hsa-mir-4665,1.0840037037800323
204,hsa-mir-548y,1.0827663785509256
205,hsa-mir-4532,1.0703173734457252
206,hsa-mir-4773-1,1.0655944040247476
207,hsa-mir-6819,1.065285374870146
208,hsa-mir-490,1.061794192597313
209,hsa-mir-4449,1.0556246750013092
210,hsa-mir-580,1.0549039801008535
211,hsa-mir-4708,1.0529722621486246
212,hsa-mir-579,1.051417146828943
213,hsa-mir-4491,1.0489426406871838
214,hsa-mir-544a,1.0433614824908155
215,hsa-mir-374c,1.040967056233412
216,hsa-mir-9-1,1.035043212251034
217,hsa-mir-6868,1.0348130510248696
218,hsa-mir-9-3,1.018626540398459
219,hsa-mir-6810,1.0180021851960317
220,hsa-mir-329-1,1.0164899768724422
221,hsa-mir-4426,1.0152449894488385
222,hsa-mir-9-2,1.0141562460808455
223,hsa-mir-3195,1.0073220745344773
224,hsa-mir-4786,1.007084449224919
225,hsa-mir-6741,1.0060601171120491
226,hsa-mir-4725,1.0046114759562546
227,hsa-mir-548aq,1.003914730023486
228,hsa-mir-6087,1.00209932992185
229,hsa-mir-3150a,0.9973051328599494
230,hsa-mir-561,0.9909685373859032
231,hsa-mir-3689e,0.9855623479285958
232,hsa-mir-4448,0.9752158279576744
233,hsa-mir-4732,0.9723829020338908
234,hsa-mir-5088,0.9694509233198818
235,hsa-mir-203a,0.9658259148960312
236,hsa-mir-5685,0.9604511423197568
237,hsa-mir-628,0.9579192374092788
238,hsa-mir-6749,0.9525966589327602
239,hsa-mir-1252,0.9523193711188476
240,hsa-mir-581,0.9489410005688124
241,hsa-mir-6738,0.9449955199614652
242,hsa-mir-4436b-1,0.9389386965217992
243,hsa-mir-3192,0.93307046336739
244,hsa-mir-3180-4,0.932012988520592
245,hsa-mir-3910-1,0.930558675394165
246,hsa-mir-3200,0.9161440863640492
247,hsa-mir-3188,0.9081174059810972
248,hsa-mir-4469,0.9077557230406412
249,hsa-mir-4754,0.8965682505067415
250,hsa-mir-4773-2,0.8905906934836477
251,hsa-mir-4690,0.8852813609101201
252,hsa-mir-6717,0.8675844273315318
253,hsa-mir-5581,0.8675351159927589
254,hsa-mir-5702,0.866987505358226
255,hsa-mir-4488,0.8573310720901212
256,hsa-mir-224,0.8542721885454421
257,hsa-mir-7109,0.8393782256479438
258,hsa-mir-196b,0.8390951511305467
259,hsa-mir-6812,0.8387056037752703
260,hsa-mir-6829,0.8330281205617798
261,hsa-mir-577,0.8304533557417313
262,hsa-mir-5582,0.8288865938650246
263,hsa-mir-614,0.8250578940217071
264,hsa-mir-4435-1,0.820275821028144
265,hsa-mir-5584,0.814813823511346
266,hsa-mir-4731,0.8099632799267973
267,hsa-mir-5089,0.8085393174815263
268,hsa-mir-3661,0.7960043155009874
269,hsa-mir-653,0.7959908120962572
270,hsa-mir-600,0.7949531285229191
271,hsa-mir-3144,0.7936160482800972
272,hsa-mir-7855,0.7923802536311065
273,hsa-mir-432,0.7881400099073275
274,hsa-mir-4791,0.7862157854164974
275,hsa-mir-4638,0.7850046273915292
276,hsa-mir-485,0.7786462831618016
277,hsa-mir-548at,0.7754631311632895
278,hsa-mir-944,0.7729638068250647
279,hsa-mir-19a,0.7719678214968959
280,hsa-mir-4766,0.7716371439093971
281,hsa-mir-548v,0.771309018973812
282,hsa-mir-486-1,0.7681289558220461
283,hsa-mir-4479,0.7664170171851736
284,hsa-mir-544b,0.7660461174738536
285,hsa-mir-6751,0.7624883387103465
286,hsa-mir-6742,0.7617935169805092
287,hsa-mir-486-2,0.754174506417861
288,hsa-mir-548ag-2,0.7540217469006245
289,hsa-mir-3685,0.7466492118945758
290,hsa-mir-4652,0.7463395621167338
291,hsa-mir-4778,0.7449295103584281
292,hsa-mir-197,0.7433733142526034
293,hsa-mir-6720,0.7432860671351004
294,hsa-mir-3678,0.7350185187092666
295,hsa-mir-6715a,0.7340589693948658
296,hsa-mir-3193,0.7325861367758424
297,hsa-mir-4517,0.7258907636544
298,hsa-mir-3942,0.7222928246383541
299,hsa-mir-1294,0.7216453232246195
300,hsa-mir-3653,0.7204387538197561
301,hsa-mir-616,0.7203826722031079
302,hsa-mir-892c,0.7195902056732902
303,hsa-mir-6743,0.7168108084690089
304,hsa-mir-3680-2,0.7166066376065637
305,hsa-mir-6781,0.7091034293730121
306,hsa-mir-6723,0.7069957656955879
307,hsa-mir-7974,0.7061423195088335
308,hsa-mir-210,0.7012931842811386
309,hsa-mir-3074,0.6975876135481746
310,hsa-mir-2278,0.6972246000604636
311,hsa-mir-3170,0.6943012629376354
312,hsa-mir-513b,0.692390004749218
313,hsa-mir-665,0.6839180812102963
314,hsa-mir-6740,0.6836608428683877
315,hsa-mir-1295a,0.6818984410205094
316,hsa-mir-7641-1,0.6748072112742465
317,hsa-mir-6748,0.6729468926337349
318,hsa-mir-3159,0.6721616209340312
319,hsa-mir-1256,0.66914984682654
320,hsa-mir-639,0.6688851945263102
321,hsa-mir-153-2,0.6683578879089015
322,hsa-mir-6509,0.6668776842777759
323,hsa-mir-942,0.6647369341970283
324,hsa-mir-4787,0.6612319504115888
325,hsa-mir-4750,0.6586388589340448
326,hsa-mir-6771,0.655419132070817
327,hsa-mir-4724,0.6535187923103413
328,hsa-mir-4723,0.6529843195731893
329,hsa-mir-6511b-2,0.6477058037092095
330,hsa-mir-3154,0.6385956702091056
331,hsa-mir-936,0.6359624547128402
332,hsa-mir-6510,0.6341217231119305
333,hsa-mir-548d-1,0.6340799273556879
334,hsa-mir-4645,0.6320647446978338
335,hsa-mir-708,0.6244580533519632
336,hsa-mir-20a,0.6156122526006498
337,hsa-mir-3176,0.6139133374481897
338,hsa-mir-3682,0.6127735773845214
339,hsa-mir-1296,0.6070424098102651
340,hsa-mir-6501,0.5950940302839957
341,hsa-mir-548au,0.5942390946626062
342,hsa-mir-370,0.591570428533179
343,hsa-mir-576,0.590545239882945
344,hsa-mir-6511b-1,0.5838839638752817
345,hsa-mir-6830,0.5804318002227813
346,hsa-mir-548j,0.5801808972199372
347,hsa-mir-1284,0.5790819359814531
348,hsa-mir-501,0.577369529196578
349,hsa-mir-7706,0.5767628322516093
350,hsa-mir-2355,0.5732649348336285
351,hsa-mir-4668,0.5670950990988487
352,hsa-mir-551b,0.5661376365227725
353,hsa-mir-328,0.565244680482713
354,hsa-mir-3199-1,0.5601154844237518
355,hsa-mir-4639,0.5590949208258912
356,hsa-mir-612,0.5543346244577377
357,hsa-mir-135b,0.5530516347705939
358,hsa-mir-6822,0.533530246263729
359,hsa-mir-144,0.5309902822916184
360,hsa-mir-3130-2,0.5247069134452154
361,hsa-mir-3944,0.5199791283386155
362,hsa-mir-3909,0.5194521763008325
363,hsa-mir-488,0.5192499193682558
364,hsa-mir-487b,0.5172670045077348
365,hsa-mir-4286,0.5163960410280998
366,hsa-mir-6753,0.5160601333717197
367,hsa-mir-3692,0.5119522651697852
368,hsa-mir-6730,0.5077833455264082
369,hsa-mir-1254-1,0.5052207269064741
370,hsa-mir-6815,0.5024988773099516
371,hsa-mir-421,0.4962522599704176
372,hsa-mir-1249,0.4940408502272375
373,hsa-mir-3922,0.4937113180165453
374,hsa-mir-4654,0.4911448164712402
375,hsa-mir-570,0.4879890685115401
376,hsa-mir-605,0.486189211513452
377,hsa-mir-4453,0.478054069140245
378,hsa-mir-2467,0.4756893846506861
379,hsa-mir-6843,0.4746427036421191
380,hsa-mir-874,0.4658601439637075
381,hsa-mir-154,0.4597339343166127
382,hsa-mir-4660,0.4583799928726257
383,hsa-mir-18a,0.4564021390170666
384,hsa-mir-365a,0.4542484278135155
385,hsa-mir-4636,0.4540559735936428
386,hsa-mir-6769b,0.451950364732695
387,hsa-mir-6794,0.4512071461344044
388,hsa-mir-5698,0.4474097272310612
389,hsa-mir-500b,0.4463668155220721
390,hsa-mir-3680-1,0.4426818224311156
391,hsa-mir-219b,0.441608683200816
392,hsa-mir-365b,0.4410547679947184
393,hsa-mir-4649,0.4410332657298594
394,hsa-mir-7152,0.43994503768797
395,hsa-mir-6755,0.4395825061057965
396,hsa-mir-6502,0.4392763598745723
397,hsa-mir-452,0.4391503747408907
398,hsa-mir-5006,0.4382446274795815
399,hsa-mir-1181,0.4370787248072582
400,hsa-mir-17,0.4363759071739869
401,hsa-mir-3157,0.4358557000950564
402,hsa-mir-4713,0.4346448471799864
403,hsa-mir-3127,0.4342969954025084
404,hsa-mir-4722,0.4331778002352736
405,hsa-mir-500a,0.4232983518353289
406,hsa-mir-4442,0.4215666676634974
407,hsa-mir-651,0.4194880260448107
408,hsa-mir-6803,0.4180797811672508
409,hsa-mir-196a-2,0.4163026966522536
410,hsa-mir-93,0.4122804957503713
411,hsa-mir-6881,0.4120904753322438
412,hsa-mir-124-2,0.4117282292491463
413,hsa-mir-3691,0.4051995942017362
414,hsa-mir-7846,0.4029455594084409
415,hsa-mir-122,0.4007902049247496
416,hsa-mir-3158-2,0.4007243766210228
417,hsa-mir-5001,0.3980466679059892
418,hsa-mir-1271,0.3978801392982945
419,hsa-mir-19b-2,0.396031732332252
420,hsa-mir-4714,0.3889916988186598
421,hsa-mir-548k,0.3881718200657001
422,hsa-mir-7854,0.3865658806056211
423,hsa-mir-3136,0.3848191285531402
424,hsa-mir-4792,0.3847958634666046
425,hsa-mir-642a,0.3835520245059504
426,hsa-mir-19b-1,0.3783806607881573
427,hsa-mir-3194,0.3776256717716955
428,hsa-mir-185,0.3774226942057671
429,hsa-mir-758,0.3773494331428384
430,hsa-mir-6757,0.3753057821680055
431,hsa-mir-887,0.3732174940993838
432,hsa-mir-7-2,0.3725324531865962
433,hsa-mir-1307,0.3648057630563778
434,hsa-mir-5580,0.3633642044018639
435,hsa-mir-6769a,0.3628604924081119
436,hsa-mir-3606,0.3616525131583571
437,hsa-mir-198,0.3554542408579224
438,hsa-mir-671,0.3545925143994247
439,hsa-mir-6726,0.3545539143405626
440,hsa-mir-4424,0.3522267066169524
441,hsa-mir-574,0.3511865327191813
442,hsa-mir-92a-2,0.3503610670790056
443,hsa-mir-371b,0.3501467937011971
444,hsa-mir-186,0.3496808176501216
445,hsa-mir-92a-1,0.3469143743459023
446,hsa-mir-320d-2,0.343540276993695
447,hsa-mir-196a-1,0.3406920935871957
448,hsa-mir-2276,0.3404731384958895
449,hsa-mir-1277,0.3374764465942229
450,hsa-mir-6857,0.3356527402932642
451,hsa-mir-491,0.3351538204451776
452,hsa-mir-193a,0.3349351643013433
453,hsa-mir-4746,0.3346269515276228
454,hsa-mir-6882,0.3341063632139227
455,hsa-mir-6783,0.3327645783826865
456,hsa-mir-6854,0.3308404540789183
457,hsa-mir-5699,0.330213730149217
458,hsa-mir-1270,0.3290763012575183
459,hsa-mir-342,0.3287598909900205
460,hsa-mir-106a,0.3269765777720047
461,hsa-mir-548n,0.3264959857703519
462,hsa-mir-362,0.3262542269623673
463,hsa-mir-548ba,0.3229643295752714
464,hsa-mir-138-2,0.3211242751778973
465,hsa-mir-5703,0.3211017987915867
466,hsa-mir-2116,0.3206430007622592
467,hsa-mir-6801,0.3194759517723795
468,hsa-mir-7-3,0.3168276784351145
469,hsa-mir-141,0.3167046551975115
470,hsa-mir-3622a,0.3161158266195377
471,hsa-mir-7702,0.314881353051112
472,hsa-mir-549a,0.3146915521561686
473,hsa-mir-4763,0.3055723067166369
474,hsa-mir-4785,0.3040469534357766
475,hsa-mir-4683,0.3013796038870403
476,hsa-mir-423,0.3005901835312991
477,hsa-mir-3607,0.3000503646888517
478,hsa-mir-548x-2,0.2994447073093892
479,hsa-mir-1185-1,0.2984512950637584
480,hsa-mir-592,0.2952351864711478
481,hsa-mir-532,0.2938033084495693
482,hsa-let-7d,0.2933629800188795
483,hsa-mir-5008,0.2927364582266771
484,hsa-mir-1254-2,0.2911308944903645
485,hsa-mir-6834,0.290334282268246
486,hsa-mir-4677,0.2885335201175458
487,hsa-mir-455,0.286039578777797
488,hsa-mir-4781,0.2856969717023477
489,hsa-mir-5586,0.2856899810534858
490,hsa-mir-6779,0.2851249179045769
491,hsa-mir-3667,0.2841669373319644
492,hsa-mir-200c,0.2832032698907247
493,hsa-mir-3651,0.2830784839851061
494,hsa-mir-412,0.2821776363351727
495,hsa-mir-4784,0.2808202220721444
496,hsa-mir-539,0.280443161055254
497,hsa-mir-219a-1,0.2802521004779071
498,hsa-mir-1915,0.2787742910008159
499,hsa-mir-4444-1,0.2785410805281517
500,hsa-mir-495,0.2773866482272654
501,hsa-mir-6716,0.276964752065948
502,hsa-mir-4473,0.2768272782224711
503,hsa-mir-632,0.2761375004738036
504,hsa-mir-142,0.2743725853659047
505,hsa-mir-153-1,0.2712426789214846
506,hsa-mir-381,0.2679730091714442
507,hsa-mir-3919,0.2679647783474204
508,hsa-mir-4772,0.2644157107384637
509,hsa-mir-6871,0.2632174156251785
510,hsa-mir-320e,0.2615735616032946
511,hsa-mir-1180,0.2599741373872986
512,hsa-mir-582,0.2594914419830843
513,hsa-mir-5189,0.2573137151569189
514,hsa-mir-378c,0.2559675871276718
515,hsa-mir-222,0.254823725968355
516,hsa-mir-1292,0.2517650349874327
517,hsa-mir-2277,0.2515677270007903
518,hsa-mir-4664,0.2509352708235708
519,hsa-mir-190a,0.2493634429195202
520,hsa-mir-4777,0.2486155338341255
521,hsa-mir-4727,0.2477964887939361
522,hsa-mir-487a,0.2474607358975154
523,hsa-mir-548o-2,0.2471048530267612
524,hsa-mir-548l,0.2460824813339738
525,hsa-mir-766,0.2452561935836722
526,hsa-mir-6762,0.2448682672012034
527,hsa-mir-3622b,0.2447195836574937
528,hsa-mir-643,0.2441791119249574
529,hsa-mir-625,0.2428966593986506
530,hsa-mir-6731,0.2383260551813048
531,hsa-mir-23a,0.236814472038263
532,hsa-mir-3615,0.2338701920406134
533,hsa-mir-1976,0.233140455856537
534,hsa-mir-484,0.2322875130460229
535,hsa-mir-103a-1,0.2322812405658926
536,hsa-mir-1248,0.231802269630853
537,hsa-mir-103a-2,0.2309726190188035
538,hsa-mir-1245a,0.2278636094939754
539,hsa-mir-3191,0.2261795503385468
540,hsa-mir-7155,0.2252133986989593
541,hsa-mir-526a-1,0.2228872072990675
542,hsa-mir-3605,0.2186333796723434
543,hsa-mir-449c,0.2154587991278755
544,hsa-mir-199a-1,0.2144726435932014
545,hsa-mir-6875,0.2140978431061677
546,hsa-mir-3690-1,0.2107490049619418
547,hsa-mir-5695,0.2103745833930377
548,hsa-mir-3117,0.2103273177531082
549,hsa-mir-7844,0.2090534904447981
550,hsa-mir-450b,0.20609499704076
551,hsa-mir-1243,0.205889694268349
552,hsa-mir-6084,0.2050669655952163
553,hsa-mir-34b,0.2032397322361423
554,hsa-mir-205,0.2030561816986942
555,hsa-mir-3150b,0.2028141796485603
556,hsa-mir-4524a,0.2019010139184341
557,hsa-mir-296,0.199316221470728
558,hsa-mir-6772,0.1986762697378449
559,hsa-mir-3116-1,0.1975575077073167
560,hsa-mir-543,0.1972716715233306
561,hsa-mir-431,0.1971777299123078
562,hsa-mir-618,0.1968820341282368
563,hsa-mir-21,0.1966667998595647
564,hsa-mir-3173,0.1937760278874787
565,hsa-mir-3618,0.1933584762829415
566,hsa-mir-659,0.1926577307036683
567,hsa-mir-3130-1,0.1898677073635059
568,hsa-mir-4703,0.1896651407375428
569,hsa-mir-4632,0.1880701234062475
570,hsa-mir-199a-2,0.186091881374739
571,hsa-mir-1262,0.1858042854000173
572,hsa-mir-6787,0.1857560891489736
573,hsa-mir-548o,0.1840955714476675
574,hsa-mir-1251,0.1779529979193074
575,hsa-mir-1306,0.1752775781984203
576,hsa-mir-3164,0.1750457161624698
577,hsa-let-7b,0.174373800311502
578,hsa-mir-188,0.1722083041777246
579,hsa-mir-324,0.1715466993352972
580,hsa-mir-5684,0.1691973111611184
581,hsa-mir-744,0.1689088506260641
582,hsa-mir-548a-3,0.168366227551365
583,hsa-mir-6883,0.1679721483381742
584,hsa-mir-1229,0.1661242736095231
585,hsa-mir-3656,0.1650207814740982
586,hsa-mir-3684,0.164157720595709
587,hsa-mir-136,0.1620441984902794
588,hsa-mir-1236,0.1605814921504943
589,hsa-mir-660,0.1592717139282798
590,hsa-mir-28,0.1589564045661081
591,hsa-mir-5579,0.1587865473869244
592,hsa-mir-3934,0.1545820815650311
593,hsa-mir-6499,0.1542018622257878
594,hsa-mir-6793,0.1517279544485393
595,hsa-mir-1343,0.1512115570109765
596,hsa-mir-30e,0.1507940670229653
597,hsa-mir-146b,0.1507218615083944
598,hsa-mir-4762,0.1479944741065061
599,hsa-mir-451a,0.1471355754258725
600,hsa-mir-148a,0.1468636545957398
601,hsa-mir-590,0.1468062051188485
602,hsa-mir-6734,0.1461411305883294
603,hsa-mir-489,0.1442862104748911
604,hsa-mir-16-1,0.1440435523609327
605,hsa-mir-320c-1,0.1366848054987952
606,hsa-mir-5091,0.1331254252875912
607,hsa-mir-4658,0.1323801847179506
608,hsa-mir-3616,0.1314513020880598
609,hsa-mir-323a,0.1301081079895019
610,hsa-mir-4743,0.1299328792785715
611,hsa-mir-199b,0.129274724367216
612,hsa-mir-4525,0.1282470826618455
613,hsa-mir-202,0.1280714163250423
614,hsa-mir-6802,0.1257760973748435
615,hsa-mir-502,0.1252198811629316
616,hsa-mir-7-1,0.1246059243131373
617,hsa-mir-203b,0.1241740968170446
618,hsa-mir-374a,0.1214141378138902
619,hsa-mir-548s,0.1192142843994339
620,hsa-mir-3613,0.1165701563617348
621,hsa-mir-1234,0.1163126522122021
622,hsa-mir-16-2,0.1154481067068821
623,hsa-mir-409,0.1143748029967018
624,hsa-mir-128-1,0.1127624201122067
625,hsa-mir-3620,0.1125617349652805
626,hsa-mir-138-1,0.1121553829853806
627,hsa-mir-338,0.1114329417347357
628,hsa-mir-5588,0.1100557757248321
629,hsa-mir-149,0.1087876314175505
630,hsa-mir-1266,0.104198714373967
631,hsa-mir-1255a,0.104123402367181
632,hsa-mir-493,0.1040567959087213
633,hsa-mir-6820,0.1039198987108171
634,hsa-mir-652,0.1036124503766073
635,hsa-mir-4662a,0.1030548044633454
636,hsa-mir-889,0.1024105274014609
637,hsa-mir-15a,0.1011904091549422
638,hsa-mir-23b,0.0988737170668967
639,hsa-mir-223,0.0986136015901051
640,hsa-mir-4423,0.0985587450745814
641,hsa-mir-127,0.0947871691204154
642,hsa-mir-128-2,0.0943122239606169
643,hsa-mir-15b,0.092449263279747
644,hsa-mir-6795,0.089917172916373
645,hsa-mir-3679,0.0869922079125561
646,hsa-mir-214,0.0861902512906704
647,hsa-mir-556,0.083339989747796
648,hsa-mir-940,0.0825575078743275
649,hsa-mir-181d,0.0816193572192327
650,hsa-mir-624,0.0804017167362089
651,hsa-let-7a-2,0.0782870266580368
652,hsa-mir-4798,0.0772260124258287
653,hsa-mir-450a-2,0.0753190643540909
654,hsa-let-7a-1,0.0735030883209102
655,hsa-let-7i,0.0726675115566657
656,hsa-let-7a-3,0.0726606743211375
657,hsa-mir-5000,0.0725167166314755
658,hsa-mir-25,0.070371543210523
659,hsa-mir-3920,0.0698598029465695
660,hsa-mir-29b-2,0.0680998223700015
661,hsa-mir-4709,0.0677976739874795
662,hsa-mir-382,0.0675454316432727
663,hsa-mir-511,0.0660236626166993
664,hsa-mir-6514,0.0655206309234683
665,hsa-mir-1245b,0.0638559428854402
666,hsa-mir-299,0.0607300055298739
667,hsa-mir-1227,0.0606371989545734
668,hsa-mir-664a,0.0561227029026639
669,hsa-mir-320d-1,0.0547459489539172
670,hsa-mir-877,0.0546922173716711
671,hsa-mir-5706,0.0516655050515934
672,hsa-mir-1246,0.0494147796475295
673,hsa-mir-1288,0.0488872375934869
674,hsa-mir-337,0.048750799898477
675,hsa-mir-552,0.0482758094176696
676,hsa-mir-6892,0.0475086067436905
677,hsa-mir-30c-1,0.0469418663936574
678,hsa-mir-221,0.0465449976180178
679,hsa-mir-2110,0.0459474393270848
680,hsa-mir-450a-1,0.0458989954022813
681,hsa-mir-4775,0.0443039860678473
682,hsa-mir-1197,0.0435930360685091
683,hsa-mir-5680,0.0435199032118757
684,hsa-mir-378a,0.0420350861457505
685,hsa-mir-29b-1,0.0420139372506721
686,hsa-mir-152,0.0419362744174268
687,hsa-mir-3928,0.0390505797654025
688,hsa-mir-3917,0.0390000062064643
689,hsa-mir-3926-1,0.0388289129528234
690,hsa-mir-4474,0.038303602556626
691,hsa-mir-380,0.038234378042176
692,hsa-mir-1179,0.0373169210511607
693,hsa-mir-6827,0.0370779466554847
694,hsa-mir-130b,0.0369431517482541
695,hsa-mir-4720,0.0367338207692827
696,hsa-mir-496,0.036551597519803
697,hsa-mir-3190,0.0330708783707506
698,hsa-mir-150,0.032997698889165
699,hsa-mir-3065,0.0314655352440003
700,hsa-mir-548e,0.0306932248055743
701,hsa-mir-589,0.0297480516352903
702,hsa-mir-1276,0.0292196075655524
703,hsa-mir-4536-2,0.0290596092077431
704,hsa-mir-4669,0.0288881475976431
705,hsa-mir-769,0.028151180330248
706,hsa-mir-3199-2,0.0266997319144221
707,hsa-mir-30c-2,0.0217492834038481
708,hsa-mir-629,0.0211067506979395
709,hsa-mir-379,0.0195497319986542
710,hsa-mir-6735,0.0188177725025084
711,hsa-mir-5708,0.0165392337274729
712,hsa-mir-22,0.0160492104229044
713,hsa-mir-1538,0.0154120647135304
714,hsa-mir-107,0.0134063938119628
715,hsa-mir-6844,0.0124282048383103
716,hsa-mir-588,0.010972647535612
717,hsa-mir-655,0.010715563489052
718,hsa-mir-410,0.00986151784879
719,hsa-mir-361,0.0094100059250289
720,hsa-mir-4707,0.0078951886502561
721,hsa-mir-320c-2,0.0068515985431312
722,hsa-mir-7705,0.0028979326349381
723,hsa-mir-3976,0.0
724,hsa-mir-4272,0.0
725,hsa-mir-4271,0.0
726,hsa-mir-4270,0.0
727,hsa-mir-4269,0.0
728,hsa-mir-4268,0.0
729,hsa-mir-4267,0.0
730,hsa-mir-4297,0.0
731,hsa-mir-4296,0.0
732,hsa-mir-4295,0.0
733,hsa-mir-4294,0.0
734,hsa-mir-4293,0.0
735,hsa-mir-4292,0.0
736,hsa-mir-4291,0.0
737,hsa-mir-4260,0.0
738,hsa-mir-4259,0.0
739,hsa-mir-4258,0.0
740,hsa-mir-4287,0.0
741,hsa-mir-4285,0.0
742,hsa-mir-4283-2,0.0
743,hsa-mir-4283-1,0.0
744,hsa-mir-4314,0.0
745,hsa-mir-4313,0.0
746,hsa-mir-4312,0.0
747,hsa-mir-4311,0.0
748,hsa-mir-4309,0.0
749,hsa-mir-4308,0.0
750,hsa-mir-4307,0.0
751,hsa-mir-4305,0.0
752,hsa-mir-4304,0.0
753,hsa-mir-4275,0.0
754,hsa-mir-4274,0.0
755,hsa-mir-4273,0.0
756,hsa-mir-4301,0.0
757,hsa-mir-4300,0.0
758,hsa-mir-4299,0.0
759,hsa-mir-4298,0.0
760,hsa-mir-4329,0.0
761,hsa-mir-4328,0.0
762,hsa-mir-4327,0.0
763,hsa-mir-4325,0.0
764,hsa-mir-4324,0.0
765,hsa-mir-4323,0.0
766,hsa-mir-4322,0.0
767,hsa-mir-4321,0.0
768,hsa-mir-4320,0.0
769,hsa-mir-4290,0.0
770,hsa-mir-4289,0.0
771,hsa-mir-4288,0.0
772,hsa-mir-4317,0.0
773,hsa-mir-4316,0.0
774,hsa-mir-4315-2,0.0
775,hsa-mir-4315-1,0.0
776,hsa-mir-3938,0.0
777,hsa-mir-3935,0.0
778,hsa-mir-3929,0.0
779,hsa-mir-4425,0.0
780,hsa-mir-4420,0.0
781,hsa-mir-4419a,0.0
782,hsa-mir-4418,0.0
783,hsa-mir-4417,0.0
784,hsa-mir-4330,0.0
785,hsa-mir-4303,0.0
786,hsa-mir-4302,0.0
787,hsa-mir-1202,0.0
788,hsa-mir-1200,0.0
789,hsa-mir-1199,0.0
790,hsa-mir-1193,0.0
791,hsa-mir-1184-3,0.0
792,hsa-mir-8084,0.0
793,hsa-mir-8083,0.0
794,hsa-mir-8082,0.0
795,hsa-mir-8081,0.0
796,hsa-mir-8080,0.0
797,hsa-mir-8079,0.0
798,hsa-mir-8078,0.0
799,hsa-mir-4437,0.0
800,hsa-mir-4319,0.0
801,hsa-mir-4318,0.0
802,hsa-mir-4436a,0.0
803,hsa-mir-4432,0.0
804,hsa-mir-4430,0.0
805,hsa-mir-4429,0.0
806,hsa-mir-4428,0.0
807,hsa-mir-4427,0.0
808,hsa-mir-3972,0.0
809,hsa-mir-3960,0.0
810,hsa-mir-4459,0.0
811,hsa-mir-4458,0.0
812,hsa-mir-4456,0.0
813,hsa-mir-4455,0.0
814,hsa-mir-4452,0.0
815,hsa-mir-4451,0.0
816,hsa-mir-1204,0.0
817,hsa-mir-1203,0.0
818,hsa-mir-4447,0.0
819,hsa-mir-4441,0.0
820,hsa-mir-4440,0.0
821,hsa-mir-4438,0.0
822,hsa-mir-3924,0.0
823,hsa-mir-3915,0.0
824,hsa-mir-3914-2,0.0
825,hsa-mir-3914-1,0.0
826,hsa-mir-4468,0.0
827,hsa-mir-4467,0.0
828,hsa-mir-4466,0.0
829,hsa-mir-4464,0.0
830,hsa-mir-4463,0.0
831,hsa-mir-4436b-2,0.0
832,hsa-mir-4460,0.0
833,hsa-mir-8077,0.0
834,hsa-mir-8076,0.0
835,hsa-mir-8075,0.0
836,hsa-mir-8074,0.0
837,hsa-mir-8073,0.0
838,hsa-mir-8071-2,0.0
839,hsa-mir-8071-1,0.0
840,hsa-mir-8070,0.0
841,hsa-mir-8069-2,0.0
842,hsa-mir-8069-1,0.0
843,hsa-mir-8068,0.0
844,hsa-mir-8067,0.0
845,hsa-mir-8066,0.0
846,hsa-mir-8065,0.0
847,hsa-mir-4450,0.0
848,hsa-mir-4481,0.0
849,hsa-mir-448,0.0
850,hsa-mir-4477b,0.0
851,hsa-mir-4477a,0.0
852,hsa-mir-4476,0.0
853,hsa-mir-4475,0.0
854,hsa-mir-4472-2,0.0
855,hsa-mir-4472-1,0.0
856,hsa-mir-4471,0.0
857,hsa-mir-3927,0.0
858,hsa-mir-4499,0.0
859,hsa-mir-4498,0.0
860,hsa-mir-4497,0.0
861,hsa-mir-4462,0.0
862,hsa-mir-4495,0.0
863,hsa-mir-4493,0.0
864,hsa-mir-4487,0.0
865,hsa-mir-4486,0.0
866,hsa-mir-4485,0.0
867,hsa-mir-4483,0.0
868,hsa-mir-4509-3,0.0
869,hsa-mir-4509-2,0.0
870,hsa-mir-4509-1,0.0
871,hsa-mir-4508,0.0
872,hsa-mir-4506,0.0
873,hsa-mir-4505,0.0
874,hsa-mir-4504,0.0
875,hsa-mir-4503,0.0
876,hsa-mir-8064,0.0
877,hsa-mir-8063,0.0
878,hsa-mir-8062,0.0
879,hsa-mir-8061,0.0
880,hsa-mir-8060,0.0
881,hsa-mir-8059,0.0
882,hsa-mir-8058,0.0
883,hsa-mir-8057,0.0
884,hsa-mir-8056,0.0
885,hsa-mir-8055,0.0
886,hsa-mir-8054,0.0
887,hsa-mir-8053,0.0
888,hsa-mir-8052,0.0
889,hsa-mir-802,0.0
890,hsa-mir-7978,0.0
891,hsa-mir-7977,0.0
892,hsa-mir-4496,0.0
893,hsa-mir-3908,0.0
894,hsa-mir-384,0.0
895,hsa-mir-378j,0.0
896,hsa-mir-451b,0.0
897,hsa-mir-4518,0.0
898,hsa-mir-4514,0.0
899,hsa-mir-4513,0.0
900,hsa-mir-4512,0.0
901,hsa-mir-4534,0.0
902,hsa-mir-4531,0.0
903,hsa-mir-4526,0.0
904,hsa-mir-4524b,0.0
905,hsa-mir-4500,0.0
906,hsa-mir-378e,0.0
907,hsa-mir-378b,0.0
908,hsa-mir-4520-2,0.0
909,hsa-mir-4520-1,0.0
910,hsa-mir-4635,0.0
911,hsa-mir-4633,0.0
912,hsa-mir-4540,0.0
913,hsa-mir-4539,0.0
914,hsa-mir-4538,0.0
915,hsa-mir-4535,0.0
916,hsa-mir-7973-2,0.0
917,hsa-mir-7973-1,0.0
918,hsa-mir-7856,0.0
919,hsa-mir-7975,0.0
920,hsa-mir-4659b,0.0
921,hsa-mir-4656,0.0
922,hsa-mir-4655,0.0
923,hsa-mir-4653,0.0
924,hsa-mir-3714,0.0
925,hsa-mir-7853,0.0
926,hsa-mir-7852,0.0
927,hsa-mir-7847,0.0
928,hsa-mir-7704,0.0
929,hsa-mir-4650-2,0.0
930,hsa-mir-4650-1,0.0
931,hsa-mir-4642,0.0
932,hsa-mir-378h,0.0
933,hsa-mir-378g,0.0
934,hsa-mir-7159,0.0
935,hsa-mir-7158,0.0
936,hsa-mir-7157,0.0
937,hsa-mir-7154,0.0
938,hsa-mir-7153,0.0
939,hsa-mir-7151,0.0
940,hsa-mir-764,0.0
941,hsa-mir-762,0.0
942,hsa-mir-761,0.0
943,hsa-mir-759,0.0
944,hsa-mir-7515,0.0
945,hsa-mir-718,0.0
946,hsa-mir-7162,0.0
947,hsa-mir-1233-2,0.0
948,hsa-mir-1233-1,0.0
949,hsa-mir-4666b,0.0
950,hsa-mir-3688-2,0.0
951,hsa-mir-3688-1,0.0
952,hsa-mir-3687-2,0.0
953,hsa-mir-3687-1,0.0
954,hsa-mir-3686,0.0
955,hsa-mir-4694,0.0
956,hsa-mir-4693,0.0
957,hsa-mir-3713,0.0
958,hsa-mir-3690-2,0.0
959,hsa-mir-4651,0.0
960,hsa-mir-4679-1,0.0
961,hsa-mir-4678,0.0
962,hsa-mir-4675,0.0
963,hsa-mir-4671,0.0
964,hsa-mir-4701,0.0
965,hsa-mir-4698,0.0
966,hsa-mir-4696,0.0
967,hsa-mir-3689d-2,0.0
968,hsa-mir-3689d-1,0.0
969,hsa-mir-3689c,0.0
970,hsa-mir-1244-4,0.0
971,hsa-mir-1244-3,0.0
972,hsa-mir-7150,0.0
973,hsa-mir-711,0.0
974,hsa-mir-7107,0.0
975,hsa-mir-1253,0.0
976,hsa-mir-3689b,0.0
977,hsa-mir-3670-3,0.0
978,hsa-mir-3670-2,0.0
979,hsa-mir-3670-1,0.0
980,hsa-mir-367,0.0
981,hsa-mir-3668,0.0
982,hsa-mir-4719,0.0
983,hsa-mir-4718,0.0
984,hsa-mir-4692,0.0
985,hsa-mir-4688,0.0
986,hsa-mir-4686,0.0
987,hsa-mir-4712,0.0
988,hsa-mir-4711,0.0
989,hsa-mir-4704,0.0
990,hsa-mir-4737,0.0
991,hsa-mir-4735,0.0
992,hsa-mir-3675,0.0
993,hsa-mir-3674,0.0
994,hsa-mir-3672,0.0
995,hsa-mir-6863,0.0
996,hsa-mir-6862-2,0.0
997,hsa-mir-6862-1,0.0
998,hsa-mir-1244-2,0.0
999,hsa-mir-1244-1,0.0
1000,hsa-mir-6876,0.0
1001,hsa-mir-1264,0.0
1002,hsa-mir-1263,0.0
1003,hsa-mir-1261,0.0
1004,hsa-mir-3671,0.0
1005,hsa-mir-3670-4,0.0
1006,hsa-mir-6859-1,0.0
1007,hsa-mir-4759,0.0
1008,hsa-mir-3666,0.0
1009,hsa-mir-3665,0.0
1010,hsa-mir-3659,0.0
1011,hsa-mir-3658,0.0
1012,hsa-mir-3657,0.0
1013,hsa-mir-6841,0.0
1014,hsa-mir-6835,0.0
1015,hsa-mir-1260a,0.0
1016,hsa-mir-1255b-2,0.0
1017,hsa-mir-1255b-1,0.0
1018,hsa-mir-6867,0.0
1019,hsa-mir-6864,0.0
1020,hsa-mir-4739,0.0
1021,hsa-mir-575,0.0
1022,hsa-mir-5739,0.0
1023,hsa-mir-603,0.0
1024,hsa-mir-5707,0.0
1025,hsa-mir-604,0.0
1026,hsa-mir-606,0.0
1027,hsa-mir-2053,0.0
1028,hsa-mir-2052,0.0
1029,hsa-mir-596,0.0
1030,hsa-mir-595,0.0
1031,hsa-mir-593,0.0
1032,hsa-mir-591,0.0
1033,hsa-mir-6068,0.0
1034,hsa-mir-6859-4,0.0
1035,hsa-mir-6859-3,0.0
1036,hsa-mir-6859-2,0.0
1037,hsa-mir-1273e,0.0
1038,hsa-mir-1273d,0.0
1039,hsa-mir-4765,0.0
1040,hsa-mir-4764,0.0
1041,hsa-mir-3649,0.0
1042,hsa-mir-3648-2,0.0
1043,hsa-mir-3648-1,0.0
1044,hsa-mir-3621,0.0
1045,hsa-mir-1273a,0.0
1046,hsa-mir-1272,0.0
1047,hsa-mir-1268b,0.0
1048,hsa-mir-1268a,0.0
1049,hsa-mir-6828,0.0
1050,hsa-mir-6074,0.0
1051,hsa-mir-2117,0.0
1052,hsa-mir-5787,0.0
1053,hsa-mir-6811,0.0
1054,hsa-mir-1285-2,0.0
1055,hsa-mir-1285-1,0.0
1056,hsa-mir-1283-2,0.0
1057,hsa-mir-1281,0.0
1058,hsa-mir-1279,0.0
1059,hsa-mir-4783,0.0
1060,hsa-mir-4780,0.0
1061,hsa-mir-4779,0.0
1062,hsa-mir-4776-2,0.0
1063,hsa-mir-4776-1,0.0
1064,hsa-mir-6069,0.0
1065,hsa-mir-3612,0.0
1066,hsa-mir-6070,0.0
1067,hsa-mir-6831,0.0
1068,hsa-mir-1273f,0.0
1069,hsa-mir-6071,0.0
1070,hsa-mir-3591,0.0
1071,hsa-mir-3529,0.0
1072,hsa-mir-4774,0.0
1073,hsa-mir-6072,0.0
1074,hsa-mir-4803,0.0
1075,hsa-mir-4801,0.0
1076,hsa-mir-4790,0.0
1077,hsa-mir-583,0.0
1078,hsa-mir-1273g,0.0
1079,hsa-mir-6791,0.0
1080,hsa-mir-6790,0.0
1081,hsa-mir-6785,0.0
1082,hsa-mir-1297,0.0
1083,hsa-mir-1290,0.0
1084,hsa-mir-103b-1,0.0
1085,hsa-mir-3975,0.0
1086,hsa-mir-499b,0.0
1087,hsa-mir-325,0.0
1088,hsa-mir-601,0.0
1089,hsa-mir-6780a,0.0
1090,hsa-mir-6770-3,0.0
1091,hsa-mir-6770-2,0.0
1092,hsa-mir-6770-1,0.0
1093,hsa-mir-1303,0.0
1094,hsa-mir-1302-9,0.0
1095,hsa-mir-1302-8,0.0
1096,hsa-mir-1302-7,0.0
1097,hsa-mir-1302-6,0.0
1098,hsa-mir-1302-5,0.0
1099,hsa-mir-1302-4,0.0
1100,hsa-mir-3201,0.0
1101,hsa-mir-5095,0.0
1102,hsa-mir-5093,0.0
1103,hsa-mir-5047,0.0
1104,hsa-mir-5011,0.0
1105,hsa-mir-924,0.0
1106,hsa-mir-1302-3,0.0
1107,hsa-mir-1302-2,0.0
1108,hsa-mir-1302-11,0.0
1109,hsa-mir-1302-10,0.0
1110,hsa-mir-1302-1,0.0
1111,hsa-mir-1299,0.0
1112,hsa-mir-6760,0.0
1113,hsa-mir-6759,0.0
1114,hsa-mir-3197,0.0
1115,hsa-mir-103b-2,0.0
1116,hsa-mir-5007,0.0
1117,hsa-mir-3184,0.0
1118,hsa-mir-3180-5,0.0
1119,hsa-mir-3180-3,0.0
1120,hsa-mir-3180-2,0.0
1121,hsa-mir-3180-1,0.0
1122,hsa-mir-3179-4,0.0
1123,hsa-mir-3179-3,0.0
1124,hsa-mir-3179-2,0.0
1125,hsa-mir-3179-1,0.0
1126,hsa-mir-890,0.0
1127,hsa-mir-8485,0.0
1128,hsa-mir-6752,0.0
1129,hsa-mir-6745,0.0
1130,hsa-mir-1324,0.0
1131,hsa-mir-1322,0.0
1132,hsa-mir-1321,0.0
1133,hsa-mir-3169,0.0
1134,hsa-mir-3168,0.0
1135,hsa-mir-3167,0.0
1136,hsa-mir-6724-1,0.0
1137,hsa-mir-6722,0.0
1138,hsa-mir-6719,0.0
1139,hsa-mir-8089,0.0
1140,hsa-mir-8088,0.0
1141,hsa-mir-8087,0.0
1142,hsa-mir-8086,0.0
1143,hsa-mir-1208,0.0
1144,hsa-mir-6724-4,0.0
1145,hsa-mir-6724-3,0.0
1146,hsa-mir-6724-2,0.0
1147,hsa-mir-1469,0.0
1148,hsa-mir-3185,0.0
1149,hsa-mir-663a,0.0
1150,hsa-mir-661,0.0
1151,hsa-mir-657,0.0
1152,hsa-mir-1207,0.0
1153,hsa-mir-3156-2,0.0
1154,hsa-mir-3156-1,0.0
1155,hsa-mir-3155b,0.0
1156,hsa-mir-3153,0.0
1157,hsa-mir-5197,0.0
1158,hsa-mir-5196,0.0
1159,hsa-mir-5195,0.0
1160,hsa-mir-1206,0.0
1161,hsa-mir-510,0.0
1162,hsa-mir-5096,0.0
1163,hsa-mir-5186,0.0
1164,hsa-mir-515-2,0.0
1165,hsa-mir-518f,0.0
1166,hsa-mir-518d,0.0
1167,hsa-mir-520h,0.0
1168,hsa-mir-520e,0.0
1169,hsa-mir-520d,0.0
1170,hsa-mir-519e,0.0
1171,hsa-mir-519d,0.0
1172,hsa-mir-3148,0.0
1173,hsa-mir-3147,0.0
1174,hsa-mir-3142,0.0
1175,hsa-mir-3141,0.0
1176,hsa-mir-3160-2,0.0
1177,hsa-mir-147a,0.0
1178,hsa-mir-1471,0.0
1179,hsa-mir-1470,0.0
1180,hsa-mir-1205,0.0
1181,hsa-mir-6511a-4,0.0
1182,hsa-mir-6511a-3,0.0
1183,hsa-mir-6511a-2,0.0
1184,hsa-mir-6511a-1,0.0
1185,hsa-mir-3134,0.0
1186,hsa-mir-3133,0.0
1187,hsa-mir-3132,0.0
1188,hsa-mir-3125,0.0
1189,hsa-mir-3123,0.0
1190,hsa-mir-3122,0.0
1191,hsa-mir-526a-2,0.0
1192,hsa-mir-524,0.0
1193,hsa-mir-5194,0.0
1194,hsa-mir-5192,0.0
1195,hsa-mir-5191,0.0
1196,hsa-mir-5190,0.0
1197,hsa-mir-6500,0.0
1198,hsa-mir-650,0.0
1199,hsa-mir-649,0.0
1200,hsa-mir-648,0.0
1201,hsa-mir-647,0.0
1202,hsa-mir-646,0.0
1203,hsa-mir-645,0.0
1204,hsa-mir-644a,0.0
1205,hsa-mir-548aj-2,0.0
1206,hsa-mir-548aj-1,0.0
1207,hsa-mir-548ae-2,0.0
1208,hsa-mir-548ae-1,0.0
1209,hsa-mir-3160-1,0.0
1210,hsa-mir-3156-3,0.0
1211,hsa-mir-1587,0.0
1212,hsa-mir-422a,0.0
1213,hsa-mir-1972-2,0.0
1214,hsa-mir-6088,0.0
1215,hsa-mir-6086,0.0
1216,hsa-mir-6085,0.0
1217,hsa-mir-6083,0.0
1218,hsa-mir-6082,0.0
1219,hsa-mir-6081,0.0
1220,hsa-mir-6080,0.0
1221,hsa-mir-608,0.0
1222,hsa-mir-6079,0.0
1223,hsa-mir-6078,0.0
1224,hsa-mir-6077,0.0
1225,hsa-mir-6076,0.0
1226,hsa-mir-6075,0.0
1227,hsa-mir-523,0.0
1228,hsa-mir-521-2,0.0
1229,hsa-mir-548aa-2,0.0
1230,hsa-mir-548aa-1,0.0
1231,hsa-mir-548a-2,0.0
1232,hsa-mir-548a-1,0.0
1233,hsa-mir-3135b,0.0
1234,hsa-mir-3135a,0.0
1235,hsa-mir-548c,0.0
1236,hsa-mir-548bb,0.0
1237,hsa-mir-548ax,0.0
1238,hsa-mir-548as,0.0
1239,hsa-mir-548ap,0.0
1240,hsa-mir-548ao,0.0
1241,hsa-mir-548an,0.0
1242,hsa-mir-548am,0.0
1243,hsa-mir-586,0.0
1244,hsa-mir-4257,0.0
1245,hsa-mir-1827,0.0
1246,hsa-mir-1825,0.0
1247,hsa-mir-640,0.0
1248,hsa-mir-638,0.0
1249,hsa-mir-637,0.0
1250,hsa-mir-635,0.0
1251,hsa-mir-634,0.0
1252,hsa-mir-633,0.0
1253,hsa-mir-630,0.0
1254,hsa-mir-4256,0.0
1255,hsa-mir-3118-3,0.0
1256,hsa-mir-3118-2,0.0
1257,hsa-mir-3118-1,0.0
1258,hsa-mir-4255,0.0
1259,hsa-mir-548ad,0.0
1260,hsa-mir-548ac,0.0
1261,hsa-mir-548h-2,0.0
1262,hsa-mir-548h-1,0.0
1263,hsa-mir-548g,0.0
1264,hsa-mir-548f-5,0.0
1265,hsa-mir-548f-4,0.0
1266,hsa-mir-548f-3,0.0
1267,hsa-mir-548f-2,0.0
1268,hsa-mir-4253,0.0
1269,hsa-mir-548u,0.0
1270,hsa-mir-548p,0.0
1271,hsa-mir-548m,0.0
1272,hsa-mir-548i-4,0.0
1273,hsa-mir-548i-3,0.0
1274,hsa-mir-548i-2,0.0
1275,hsa-mir-548i-1,0.0
1276,hsa-mir-548ak,0.0
1277,hsa-mir-548h-4,0.0
1278,hsa-mir-3121,0.0
1279,hsa-mir-3120,0.0
1280,hsa-mir-3119-2,0.0
1281,hsa-mir-3119-1,0.0
1282,hsa-mir-3118-4,0.0
1283,hsa-mir-302d,0.0
1284,hsa-mir-302c,0.0
1285,hsa-mir-300,0.0
1286,hsa-mir-550b-2,0.0
1287,hsa-mir-550b-1,0.0
1288,hsa-mir-548z,0.0
1289,hsa-mir-548w,0.0
1290,hsa-mir-626,0.0
1291,hsa-mir-623,0.0
1292,hsa-mir-548h-3,0.0
1293,hsa-mir-621,0.0
1294,hsa-mir-620,0.0
1295,hsa-mir-619,0.0
1296,hsa-mir-617,0.0
1297,hsa-mir-6165,0.0
1298,hsa-mir-6134,0.0
1299,hsa-mir-6133,0.0
1300,hsa-mir-1972-1,0.0
1301,hsa-mir-6131,0.0
1302,hsa-mir-5583-1,0.0
1303,hsa-mir-558,0.0
1304,hsa-mir-5572,0.0
1305,hsa-mir-557,0.0
1306,hsa-mir-554,0.0
1307,hsa-mir-553,0.0
1308,hsa-mir-548h-5,0.0
1309,hsa-mir-4252,0.0
1310,hsa-mir-4251,0.0
1311,hsa-mir-302f,0.0
1312,hsa-mir-302e,0.0
1313,hsa-mir-5688,0.0
1314,hsa-mir-4282,0.0
1315,hsa-mir-568,0.0
1316,hsa-mir-567,0.0
1317,hsa-mir-566,0.0
1318,hsa-mir-563,0.0
1319,hsa-mir-562,0.0
1320,hsa-mir-5591,0.0
1321,hsa-mir-5590,0.0
1322,hsa-mir-5589,0.0
1323,hsa-mir-5587,0.0
1324,hsa-mir-622,0.0
1325,hsa-mir-5583-2,0.0
1326,hsa-mir-6130,0.0
1327,hsa-mir-613,0.0
1328,hsa-mir-6129,0.0
1329,hsa-mir-6128,0.0
1330,hsa-mir-6127,0.0
1331,hsa-mir-6126,0.0
1332,hsa-mir-6124,0.0
1333,hsa-mir-610,0.0
1334,hsa-mir-6090,0.0
1335,hsa-mir-6089-2,0.0
1336,hsa-mir-6089-1,0.0
1337,hsa-mir-1973,0.0
1338,hsa-mir-4281,0.0
1339,hsa-mir-298,0.0
1340,hsa-mir-4280,0.0
1341,hsa-mir-297,0.0
1342,hsa-mir-2909,0.0
1343,hsa-mir-2861,0.0
1344,hsa-mir-5692c-1,0.0
1345,hsa-mir-5692b,0.0
1346,hsa-mir-5692a-2,0.0
1347,hsa-mir-5692a-1,0.0
1348,hsa-mir-569,0.0
1349,hsa-mir-5689,0.0
1350,hsa-mir-2392,0.0
1351,hsa-mir-5704,0.0
1352,hsa-mir-5701-3,0.0
1353,hsa-mir-5701-2,0.0
1354,hsa-mir-5701-1,0.0
1355,hsa-mir-5700,0.0
1356,hsa-mir-5692c-2,0.0
1357,hsa-mir-4279,0.0
1358,hsa-mir-3974,0.0
1359,hsa-mir-3973,0.0
1360,hsa-mir-4278,0.0
1361,hsa-mir-941-5,0.0
1362,hsa-mir-941-4,0.0
1363,hsa-mir-941-3,0.0
1364,hsa-mir-4266,0.0
1365,hsa-mir-4265,0.0
1366,hsa-mir-4264,0.0
1367,hsa-mir-4263,0.0
1368,hsa-mir-4262,0.0
1369,hsa-mir-4261,0.0
1370,hsa-mir-4277,0.0
1371,hsa-mir-587,0.0
1372,hsa-mir-4276,0.0
1373,hsa-mir-9500,0.0
1374,hsa-mir-208a,0.0
1375,hsa-mir-2054,0.0
1376,hsa-mir-922,0.0
1377,hsa-mir-921,0.0
1378,hsa-mir-920,0.0
1379,hsa-mir-1184-2,0.0
1380,hsa-mir-1184-1,0.0
1381,hsa-mir-1183,0.0
1382,hsa-mir-1182,0.0
1383,hsa-mir-3978,0.0
1384,hsa-mir-3977,0.0
1385,hsa-mir-941-2,0.0
1386,hsa-mir-941-1,0.0
1387,hsa-mir-933,0.0
1388,hsa-mir-602,0.0
1389,hsa-mir-1258,-0.0003045004228923
1390,hsa-mir-376a-1,-0.0033056388888736
1391,hsa-mir-3940,-0.0046564658767415
1392,hsa-mir-140,-0.0058238720950636
1393,hsa-mir-340,-0.0058891339266418
1394,hsa-mir-6845,-0.0077270455809821
1395,hsa-mir-3189,-0.0079540612577395
1396,hsa-mir-200a,-0.0111632355677133
1397,hsa-mir-548ai,-0.0124233525391987
1398,hsa-mir-5010,-0.0141668646515959
1399,hsa-mir-375,-0.0156893855081469
1400,hsa-mir-3610,-0.0158457193028228
1401,hsa-let-7g,-0.0184885894416339
1402,hsa-mir-454,-0.0189915222229234
1403,hsa-mir-4326,-0.0193280642540023
1404,hsa-mir-99b,-0.0210236959847962
1405,hsa-mir-627,-0.0224112533024435
1406,hsa-mir-4666a,-0.024199103364797
1407,hsa-mir-4758,-0.0252339958732654
1408,hsa-mir-767,-0.0260095649753443
1409,hsa-mir-505,-0.0267301314519273
1410,hsa-mir-3152,-0.0276168699361773
1411,hsa-mir-4672,-0.02906788322586
1412,hsa-mir-7112,-0.0303916891460808
1413,hsa-mir-3664,-0.031786362350224
1414,hsa-mir-1267,-0.0334591564837678
1415,hsa-mir-3912,-0.0340120597732825
1416,hsa-mir-6788,-0.0367767471933555
1417,hsa-mir-6773,-0.0370782876851612
1418,hsa-mir-100,-0.0375078890041508
1419,hsa-mir-6761,-0.0391276022897335
1420,hsa-mir-125b-1,-0.0395767870243149
1421,hsa-mir-548ag-1,-0.041155674018204
1422,hsa-mir-503,-0.0437781367335396
1423,hsa-mir-1537,-0.0452625737408028
1424,hsa-mir-4800,-0.0475195668407196
1425,hsa-mir-4640,-0.0490582072138165
1426,hsa-mir-133a-1,-0.0514869870630384
1427,hsa-mir-96,-0.0523152407443408
1428,hsa-mir-191,-0.0527399097860767
1429,hsa-mir-5687,-0.0546871867406432
1430,hsa-mir-1913,-0.0552770794336262
1431,hsa-mir-1228,-0.057770925921819
1432,hsa-mir-4646,-0.0612699828391465
1433,hsa-mir-1291,-0.0620524326581911
1434,hsa-let-7f-2,-0.0630770465272947
1435,hsa-mir-654,-0.0631505549069463
1436,hsa-mir-98,-0.0652095259854749
1437,hsa-mir-130a,-0.0652448019743563
1438,hsa-let-7f-1,-0.065826934129818
1439,hsa-mir-1226,-0.0693465445111372
1440,hsa-mir-3183,-0.0702417582846644
1441,hsa-mir-429,-0.0707703305546705
1442,hsa-mir-4657,-0.0718191719810979
1443,hsa-mir-449b,-0.073540107275394
1444,hsa-mir-125b-2,-0.0736487598731721
1445,hsa-mir-125a,-0.0744764123720695
1446,hsa-mir-4797,-0.0785245125713466
1447,hsa-mir-92b,-0.0794767062611538
1448,hsa-mir-331,-0.0796008758176107
1449,hsa-mir-6515,-0.0804993588413617
1450,hsa-mir-4676,-0.080982948609913
1451,hsa-mir-1301,-0.0809986847918003
1452,hsa-mir-598,-0.0814963595421713
1453,hsa-mir-664b,-0.0815023792791122
1454,hsa-mir-548b,-0.0816400583649809
1455,hsa-mir-3158-1,-0.0842590767370776
1456,hsa-mir-151b,-0.0858500988038048
1457,hsa-mir-4662b,-0.0884211961083747
1458,hsa-mir-6737,-0.0885919776510109
1459,hsa-mir-181a-2,-0.0903467092903115
1460,hsa-mir-3943,-0.0931423200308055
1461,hsa-mir-24-1,-0.0953056689697191
1462,hsa-mir-1287,-0.096081278688306
1463,hsa-mir-4706,-0.0975288273445499
1464,hsa-mir-200b,-0.0992626902390641
1465,hsa-mir-3941,-0.0995883651388801
1466,hsa-mir-145,-0.1006240562942304
1467,hsa-mir-6754,-0.1038754055261381
1468,hsa-mir-636,-0.1044462235986127
1469,hsa-mir-24-2,-0.105694277663759
1470,hsa-mir-146a,-0.1059379604285655
1471,hsa-mir-494,-0.1066087118316745
1472,hsa-mir-550a-1,-0.1077458229432788
1473,hsa-mir-542,-0.1080098905239828
1474,hsa-let-7e,-0.1083813693244814
1475,hsa-mir-6806,-0.1088328119375776
1476,hsa-mir-6746,-0.1094853782971851
1477,hsa-mir-133a-2,-0.1142920718921256
1478,hsa-mir-3913-2,-0.1144598762176331
1479,hsa-mir-3646,-0.1205978188117012
1480,hsa-mir-181a-1,-0.122540643529227
1481,hsa-mir-148b,-0.1244579119067649
1482,hsa-mir-132,-0.1298873398596139
1483,hsa-mir-155,-0.1322005988691613
1484,hsa-mir-329-2,-0.1340845749446708
1485,hsa-mir-6895,-0.1369488646469136
1486,hsa-mir-1260b,-0.1393420718624504
1487,hsa-mir-4761,-0.1397087434038402
1488,hsa-mir-105-2,-0.1440082472942566
1489,hsa-mir-335,-0.1442915618074036
1490,hsa-mir-27b,-0.1464264388687622
1491,hsa-mir-6764,-0.1477705042213428
1492,hsa-mir-5092,-0.1484373197075081
1493,hsa-mir-105-1,-0.1488503568523712
1494,hsa-mir-4802,-0.1499226747341464
1495,hsa-mir-3677,-0.1507153883204828
1496,hsa-mir-301b,-0.1507275437323958
1497,hsa-mir-545,-0.1516934215543419
1498,hsa-mir-4480,-0.1541868200440589
1499,hsa-mir-885,-0.1568140493656544
1500,hsa-mir-4742,-0.1593623509452431
1501,hsa-mir-181c,-0.1607116499989359
1502,hsa-mir-4769,-0.1635154560287717
1503,hsa-mir-6866,-0.1636112698889748
1504,hsa-mir-32,-0.1640189574870821
1505,hsa-mir-6840,-0.1642741563702304
1506,hsa-mir-6777,-0.1652944966440242
1507,hsa-mir-339,-0.1680520397898366
1508,hsa-mir-6821,-0.1687919778821704
1509,hsa-mir-550a-3,-0.1710624756499225
1510,hsa-mir-424,-0.1713467035679163
1511,hsa-mir-4728,-0.1714617903088993
1512,hsa-mir-374b,-0.1719856209719473
1513,hsa-mir-6837,-0.1733544746756301
1514,hsa-mir-26b,-0.1749065629201301
1515,hsa-mir-4999,-0.176595019379409
1516,hsa-mir-4771-1,-0.1800073942295159
1517,hsa-mir-4716,-0.1800809369774602
1518,hsa-mir-6884,-0.1806992643872575
1519,hsa-mir-3198-2,-0.1808133187172599
1520,hsa-mir-151a,-0.1812089017056967
1521,hsa-mir-181b-1,-0.1820172800255657
1522,hsa-mir-181b-2,-0.1825991496587957
1523,hsa-mir-101-1,-0.1850827420786704
1524,hsa-mir-101-2,-0.1872322778756276
1525,hsa-mir-6880,-0.1872832416366269
1526,hsa-mir-10b,-0.1875076523683351
1527,hsa-mir-548aw,-0.1882285021578145
1528,hsa-mir-6503,-0.1921494203505816
1529,hsa-mir-126,-0.1927970782999218
1530,hsa-mir-3614,-0.1934197562126431
1531,hsa-mir-550a-2,-0.1953501872979151
1532,hsa-mir-765,-0.1955523314109904
1533,hsa-mir-330,-0.1969133407538255
1534,hsa-mir-8072,-0.197505402095275
1535,hsa-mir-760,-0.1980935881401203
1536,hsa-mir-30a,-0.1981408439317217
1537,hsa-mir-504,-0.1996985695057704
1538,hsa-mir-2681,-0.2011698857934188
1539,hsa-mir-6818,-0.2020979131483917
1540,hsa-mir-7156,-0.2026919331189391
1541,hsa-mir-5188,-0.2053479345847579
1542,hsa-mir-3911,-0.2065190615660569
1543,hsa-mir-4522,-0.207564962938392
1544,hsa-mir-585,-0.2080498310299508
1545,hsa-mir-3611,-0.2087045945919516
1546,hsa-mir-369,-0.2088232671328445
1547,hsa-mir-6852,-0.2103203713961687
1548,hsa-mir-6894,-0.2134908558622588
1549,hsa-mir-425,-0.2185074674158206
1550,hsa-mir-642b,-0.2200724861078259
1551,hsa-mir-376b,-0.2234582430890953
1552,hsa-mir-27a,-0.224489516596051
1553,hsa-mir-939,-0.2245449889065195
1554,hsa-mir-5585,-0.2250542350981323
1555,hsa-mir-3619,-0.2251494726230269
1556,hsa-mir-3129,-0.2264616991844434
1557,hsa-mir-6792,-0.2279836670664562
1558,hsa-mir-34a,-0.2308497168878115
1559,hsa-mir-1468,-0.2333169806296535
1560,hsa-mir-3174,-0.2342261667377398
1561,hsa-mir-4789,-0.2390358707170504
1562,hsa-mir-182,-0.2415479814371505
1563,hsa-mir-106b,-0.2423576324369797
1564,hsa-mir-5009,-0.2424183981344414
1565,hsa-mir-6832,-0.2434609729950394
1566,hsa-mir-95,-0.2437071950444536
1567,hsa-mir-3913-1,-0.2449868240492914
1568,hsa-mir-378d-1,-0.2456321791744755
1569,hsa-mir-411,-0.2466589143665262
1570,hsa-mir-3910-2,-0.2468663065506103
1571,hsa-mir-376c,-0.2493385456413016
1572,hsa-mir-4482,-0.2495329544835085
1573,hsa-mir-378f,-0.2496686128702549
1574,hsa-mir-5193,-0.2502930059244687
1575,hsa-mir-658,-0.2526596222101451
1576,hsa-mir-3137,-0.2569056561333001
1577,hsa-mir-4637,-0.2571350757677416
1578,hsa-mir-6839,-0.2585345083943978
1579,hsa-mir-301a,-0.2594464569328173
1580,hsa-mir-323b,-0.2604883258575555
1581,hsa-mir-4536-1,-0.2646556035183833
1582,hsa-mir-615,-0.2665120397926432
1583,hsa-mir-29c,-0.2684070212135502
1584,hsa-mir-4741,-0.269104399986044
1585,hsa-mir-676,-0.2723911417612648
1586,hsa-mir-29a,-0.2757357814858371
1587,hsa-mir-6847,-0.2765724189308216
1588,hsa-mir-320a,-0.280251328115592
1589,hsa-mir-3652,-0.2804879728985378
1590,hsa-mir-7703,-0.2816219442657986
1591,hsa-mir-34c,-0.2879844787431599
1592,hsa-mir-6763,-0.2893928085484125
1593,hsa-mir-4699,-0.2929964918439026
1594,hsa-mir-6836,-0.2930506750425354
1595,hsa-mir-5571,-0.2936787413618684
1596,hsa-mir-3165,-0.296363569754989
1597,hsa-mir-6858,-0.298425686948602
1598,hsa-mir-33b,-0.2984565821571839
1599,hsa-mir-1257,-0.3058781069663142
1600,hsa-mir-4680,-0.3102176721890496
1601,hsa-mir-6874,-0.3108679335228309
1602,hsa-mir-3064,-0.3168841102779595
1603,hsa-mir-4760,-0.3185305251944666
1604,hsa-mir-133b,-0.3230661166946231
1605,hsa-mir-99a,-0.3233782100124107
1606,hsa-mir-3143,-0.3277068487722385
1607,hsa-mir-377,-0.3280952338989304
1608,hsa-mir-4670,-0.3291010760740785
1609,hsa-mir-6733,-0.3300741071613613
1610,hsa-mir-4685,-0.3324409854220836
1611,hsa-mir-5002,-0.335166437187942
1612,hsa-mir-5187,-0.3367174605803338
1613,hsa-mir-4494,-0.3372691309805168
1614,hsa-mir-6877,-0.3377930103668669
1615,hsa-mir-6516,-0.339504853503688
1616,hsa-mir-548d-2,-0.3397770090324213
1617,hsa-mir-3926-2,-0.3404259332074464
1618,hsa-mir-30d,-0.3500598288548208
1619,hsa-let-7c,-0.3525750927362047
1620,hsa-mir-6833,-0.3539507914541857
1621,hsa-mir-4767,-0.3614491225023091
1622,hsa-mir-6728,-0.3647525561536522
1623,hsa-mir-26a-1,-0.3672416215386019
1624,hsa-mir-4528,-0.3695053848734783
1625,hsa-mir-26a-2,-0.3699944001688934
1626,hsa-mir-6848,-0.3709820311592776
1627,hsa-mir-218-2,-0.3740481046876365
1628,hsa-mir-7851,-0.3780489602408698
1629,hsa-mir-20b,-0.3789187835088083
1630,hsa-mir-183,-0.3829101926000441
1631,hsa-mir-6513,-0.3908335614701094
1632,hsa-mir-1910,-0.392504478990026
1633,hsa-mir-6808,-0.3947308262421237
1634,hsa-mir-4523,-0.395570494453993
1635,hsa-mir-4444-2,-0.4038791210755246
1636,hsa-mir-6798,-0.406655204932396
1637,hsa-mir-218-1,-0.4071238243317963
1638,hsa-mir-18b,-0.407547445169301
1639,hsa-mir-3689f,-0.4082240871976377
1640,hsa-mir-4519,-0.4101530590215388
1641,hsa-mir-564,-0.4228054727702096
1642,hsa-mir-5003,-0.4233808469940928
1643,hsa-mir-4771-2,-0.427202083419849
1644,hsa-mir-363,-0.4276794554898244
1645,hsa-mir-1185-2,-0.4292136990090773
1646,hsa-mir-6861,-0.4292530924357333
1647,hsa-mir-4697,-0.4328236320101257
1648,hsa-mir-190b,-0.4370660748000028
1649,hsa-mir-6842,-0.437601927942693
1650,hsa-mir-33a,-0.438323000857755
1651,hsa-mir-3178,-0.4428045393745115
1652,hsa-mir-3936,-0.4467599827611662
1653,hsa-mir-935,-0.4470267335276087
1654,hsa-mir-6805,-0.447522880277479
1655,hsa-mir-4751,-0.4528777956285599
1656,hsa-mir-6797,-0.4532103121128976
1657,hsa-mir-4687,-0.4534597933709787
1658,hsa-mir-346,-0.4597423131760775
1659,hsa-mir-1-2,-0.4618911281628305
1660,hsa-mir-147b,-0.4637849137393025
1661,hsa-mir-4533,-0.4647911448652809
1662,hsa-mir-4700,-0.464970309650735
1663,hsa-mir-212,-0.4679194380366433
1664,hsa-mir-1247,-0.4697103745833938
1665,hsa-mir-6758,-0.4709553961345054
1666,hsa-mir-326,-0.4715482742801575
1667,hsa-mir-641,-0.4719317573322981
1668,hsa-mir-135a-2,-0.4725510473879733
1669,hsa-mir-7110,-0.4778167127218556
1670,hsa-mir-3925,-0.4815205299026151
1671,hsa-mir-3617,-0.4816324538070195
1672,hsa-mir-4489,-0.4904824731803704
1673,hsa-mir-6747,-0.4912670289830373
1674,hsa-mir-3198-1,-0.4912712883149391
1675,hsa-mir-497,-0.494064810685382
1676,hsa-mir-4502,-0.4981365552392633
1677,hsa-mir-1-1,-0.5076116793490881
1678,hsa-mir-6869,-0.5077789464947685
1679,hsa-mir-551a,-0.5082728290194418
1680,hsa-mir-7106,-0.5126232804082151
1681,hsa-mir-23c,-0.5129197764909709
1682,hsa-mir-4674,-0.5157913362700114
1683,hsa-mir-5694,-0.5163698517575356
1684,hsa-mir-320b-1,-0.5192094667729419
1685,hsa-mir-5693,-0.5228836573272185
1686,hsa-mir-6813,-0.5236858251419798
1687,hsa-mir-7848,-0.5248593132871573
1688,hsa-mir-134,-0.5257328199687917
1689,hsa-mir-656,-0.5322268391709424
1690,hsa-mir-345,-0.5352656582283438
1691,hsa-mir-449a,-0.5430247440072089
1692,hsa-mir-3186,-0.5513322000573329
1693,hsa-mir-3609,-0.5602967454004213
1694,hsa-mir-4667,-0.5714325163140418
1695,hsa-mir-3139,-0.573549457542561
1696,hsa-mir-10a,-0.5745372986254311
1697,hsa-mir-139,-0.5750373437861288
1698,hsa-mir-1289-1,-0.5818883729394404
1699,hsa-mir-4717,-0.5819469141116558
1700,hsa-mir-1237,-0.5891170227129289
1701,hsa-mir-3163,-0.5917435502145618
1702,hsa-mir-548q,-0.5922993582534787
1703,hsa-mir-4753,-0.5960922907215462
1704,hsa-mir-943,-0.599146738727059
1705,hsa-mir-143,-0.6021526017928871
1706,hsa-mir-195,-0.6111369706972123
1707,hsa-mir-541,-0.6152968730322651
1708,hsa-mir-938,-0.6193178134283148
1709,hsa-mir-7114,-0.6213925294996293
1710,hsa-mir-7845,-0.622420237229475
1711,hsa-mir-3916,-0.6242896737176645
1712,hsa-mir-187,-0.6243991379944585
1713,hsa-mir-3202-2,-0.6245213633865584
1714,hsa-mir-4443,-0.6262035698818701
1715,hsa-mir-4507,-0.6292447530493573
1716,hsa-mir-3124,-0.6304197394531054
1717,hsa-mir-5090,-0.6309455970951996
1718,hsa-mir-6855,-0.6312221005087454
1719,hsa-mir-5094,-0.6357275033625781
1720,hsa-mir-937,-0.6366514530828613
1721,hsa-mir-6125,-0.6376386342167124
1722,hsa-mir-6860,-0.6413598667252537
1723,hsa-mir-30b,-0.6443980692672233
1724,hsa-mir-3126,-0.6448478273376331
1725,hsa-mir-6825,-0.6522086797414182
1726,hsa-mir-4747,-0.6650703864876139
1727,hsa-mir-3945,-0.6660884240805279
1728,hsa-mir-6768,-0.6738918032939416
1729,hsa-mir-3939,-0.6834252461286645
1730,hsa-mir-5087,-0.685413740404694
1731,hsa-mir-6729,-0.6858909030881204
1732,hsa-mir-6504,-0.6902040327543336
1733,hsa-mir-6865,-0.7125238182904287
1734,hsa-mir-2115,-0.7233784767896875
1735,hsa-mir-6809,-0.7265422141079255
1736,hsa-mir-376a-2,-0.737303573749754
1737,hsa-mir-3182,-0.7391176914161185
1738,hsa-mir-4515,-0.7448878549555102
1739,hsa-mir-6814,-0.7488527931606324
1740,hsa-mir-4434,-0.7601867798685334
1741,hsa-mir-4745,-0.7605492097357419
1742,hsa-mir-548al,-0.7679650417949417
1743,hsa-mir-6890,-0.7725621580445864
1744,hsa-mir-578,-0.7743793380630326
1745,hsa-mir-555,-0.7745439561305055
1746,hsa-mir-6799,-0.7811574198772367
1747,hsa-mir-4446,-0.7955996119842424
1748,hsa-mir-4484,-0.7978072310024414
1749,hsa-mir-6891,-0.7998575757591617
1750,hsa-mir-217,-0.8049448561183365
1751,hsa-mir-3654,-0.8096827444287997
1752,hsa-mir-5697,-0.8104934128179995
1753,hsa-mir-3166,-0.8112632544740987
1754,hsa-mir-3187,-0.8129537293624618
1755,hsa-mir-4643,-0.8141710150998146
1756,hsa-mir-1273h,-0.824139663713446
1757,hsa-mir-4736,-0.8256776834422376
1758,hsa-mir-4673,-0.8260519369321843
1759,hsa-mir-4738,-0.837047250508785
1760,hsa-mir-4641,-0.8399004908619734
1761,hsa-mir-320b-2,-0.8402283778180625
1762,hsa-mir-6774,-0.8453211844950334
1763,hsa-mir-1273c,-0.8579691731616714
1764,hsa-mir-4740,-0.8653609915710502
1765,hsa-mir-6824,-0.8814511740487176
1766,hsa-mir-4310,-0.8852786752488443
1767,hsa-mir-4684,-0.8926340518236542
1768,hsa-mir-548t,-0.9011643914718096
1769,hsa-mir-6132,-0.9013953050591936
1770,hsa-mir-6850,-0.904063363365021
1771,hsa-mir-4793,-0.9061967419794672
1772,hsa-mir-6784,-0.9149371040557516
1773,hsa-mir-1250,-0.9225150328265286
1774,hsa-mir-433,-0.9286631992181164
1775,hsa-mir-675,-0.9306464193655914
1776,hsa-mir-6826,-0.9479132563690256
1777,hsa-mir-6889,-0.9512959213648292
1778,hsa-mir-6870,-0.9538619228514912
1779,hsa-mir-4726,-0.9591136365038904
1780,hsa-mir-876,-0.96509458654178
1781,hsa-mir-216a,-0.9671934255423162
1782,hsa-mir-3171,-0.9741389898211272
1783,hsa-mir-31,-0.9760408233637456
1784,hsa-mir-1231,-0.9775027124576272
1785,hsa-mir-4721,-0.9827848071695596
1786,hsa-mir-4691,-0.9981229765280256
1787,hsa-mir-6807,-1.010285921806944
1788,hsa-mir-6756,-1.0104132836223565
1789,hsa-mir-184,-1.0184419127621422
1790,hsa-mir-4419b,-1.028223024627233
1791,hsa-mir-548ah,-1.0282259401899594
1792,hsa-mir-6506,-1.040400407131803
1793,hsa-mir-4715,-1.0455992818684583
1794,hsa-mir-548ar,-1.054174579145365
1795,hsa-mir-6838,-1.059871162512101
1796,hsa-mir-4710,-1.0762970850131044
1797,hsa-mir-6879,-1.0816889664160718
1798,hsa-mir-4478,-1.0892939792358909
1799,hsa-mir-3162,-1.0916631278071194
1800,hsa-mir-1286,-1.0999516513010898
1801,hsa-mir-4511,-1.1051370734307362
1802,hsa-mir-4457,-1.1101283850066537
1803,hsa-mir-4804,-1.1258733306726454
1804,hsa-mir-3175,-1.1267697379067654
1805,hsa-mir-7161,-1.1383200672565372
1806,hsa-mir-6878,-1.1384649819440928
1807,hsa-mir-4733,-1.1487916612575133
1808,hsa-mir-7108,-1.1545960843778795
1809,hsa-mir-3650,-1.1643312324455837
1810,hsa-mir-3115,-1.1693438387604251
1811,hsa-mir-1909,-1.1699154876103737
1812,hsa-mir-6775,-1.1730285253116053
1813,hsa-mir-548av,-1.2151345127625632
1814,hsa-mir-6507,-1.2204029304831367
1815,hsa-mir-4422,-1.2242439696991878
1816,hsa-mir-3181,-1.2243827576443445
1817,hsa-mir-4537,-1.2261719926555417
1818,hsa-mir-3921,-1.2621353919826066
1819,hsa-mir-4770,-1.2672668528260715
1820,hsa-mir-6817,-1.2710572392745791
1821,hsa-mir-4527,-1.3064945197439193
1822,hsa-mir-4679-2,-1.3243931539489389
1823,hsa-mir-6886,-1.336070941042019
1824,hsa-mir-6846,-1.338033048837481
1825,hsa-mir-873,-1.3455719360529363
1826,hsa-mir-770,-1.3635412550541874
1827,hsa-mir-4681,-1.377451009058361
1828,hsa-mir-4490,-1.3792333413369056
1829,hsa-mir-216b,-1.3805203429413335
1830,hsa-mir-6732,-1.387837578046365
1831,hsa-mir-4695,-1.3904525521146598
1832,hsa-mir-7113,-1.4069741957372306
1833,hsa-mir-6718,-1.4100826503310204
1834,hsa-mir-4682,-1.410135741057981
1835,hsa-mir-7849,-1.4188557869799898
1836,hsa-mir-4749,-1.4408644007261848
1837,hsa-mir-4730,-1.4424301364131005
1838,hsa-mir-4530,-1.4490512788599588
1839,hsa-mir-483,-1.450747053468169
1840,hsa-mir-6765,-1.4513284004069562
1841,hsa-mir-1539,-1.4720285875230772
1842,hsa-mir-4501,-1.48323337459645
1843,hsa-mir-4284,-1.5061618380418522
1844,hsa-mir-4470,-1.542210773479057
1845,hsa-mir-4648,-1.5597533440410032
1846,hsa-mir-548ay,-1.5859028418728671
1847,hsa-mir-4254,-1.5922899979883842
1848,hsa-mir-4799,-1.611367834650928
1849,hsa-mir-7111,-1.622359219765539
1850,hsa-mir-4492,-1.6244833603888882
1851,hsa-mir-4729,-1.6565495147350726
1852,hsa-mir-6893,-1.6577857130903948
1853,hsa-mir-548ab,-1.6991550296603724
1854,hsa-mir-6872,-1.7459551042539123
1855,hsa-mir-302a,-1.7948937540331678
1856,hsa-mir-135a-1,-1.7991651771084347
1857,hsa-mir-609,-1.91987082439108
1858,hsa-mir-7843,-1.9426940915084348
1859,hsa-mir-1178,-1.968737656297824
1860,hsa-mir-4421,-2.0131199584881183
1861,hsa-mir-5004,-2.081892801584868
1862,hsa-mir-6073,-2.124486680123853
1863,hsa-mir-3683,-2.139784912085373
1864,hsa-mir-208b,-2.2065110925899085
1865,hsa-mir-7160,-2.237542416327738
1866,hsa-mir-1265,-2.2599578592942007
1867,hsa-mir-302b,-2.351205302472913
1868,hsa-mir-3202-1,-2.3695457346039257
1869,hsa-mir-5681a,-2.379059575557668
1870,hsa-mir-1289-2,-2.413170743479715
1871,hsa-mir-4439,-2.762795421980337
1872,hsa-mir-4510,-2.7777893450225486
1873,hsa-mir-663b,-2.8551766386696893
1874,hsa-mir-3937,-2.9108669622770025
1875,hsa-mir-8085,-2.9922250576682874
1876,hsa-mir-1282,-3.6256302717664433
1877,hsa-mir-3907,-3.888020490709935
1878,hsa-mir-631,-4.13723984713048
1879,hsa-mir-4663,-6.025543359994316
1880,hsa-mir-571,-6.052735436270935
