,0
hsa-mir-520a,8.776809385972905
hsa-mir-520f,7.479980690315695
hsa-mir-518c,7.34120470080784
hsa-mir-516b-1,6.974440337930705
hsa-mir-512-1,6.891410585649778
hsa-mir-525,6.8855978144022
hsa-mir-518a-2,6.594470123165745
hsa-mir-518b,6.498127649946665
hsa-mir-520c,6.482025937133054
hsa-mir-526b,6.4812380315945335
hsa-mir-519c,6.345687926843955
hsa-mir-520g,6.3138994643415485
hsa-mir-527,6.29789127036145
hsa-mir-512-2,6.246140379525719
hsa-mir-1323,6.160588711101997
hsa-mir-517c,6.088853294542871
hsa-mir-520b,5.9755360607133134
hsa-mir-521-1,5.975077522657814
hsa-mir-518a-1,5.955958547510077
hsa-mir-371a,5.796977766886868
hsa-mir-516b-2,5.77164121818466
hsa-mir-517a,5.506988315026419
hsa-mir-517b,5.474499368302063
hsa-mir-372,5.445099517972551
hsa-mir-373,5.294653135116312
hsa-mir-1912,5.188067986433048
hsa-mir-1283-1,5.028541812313763
hsa-mir-518e,5.026831244809947
hsa-mir-519a-1,5.004082902451589
hsa-mir-519a-2,4.703832255272303
hsa-mir-515-1,4.701622690623573
hsa-mir-892a,4.514837484796138
hsa-mir-5682,4.488957738996911
hsa-mir-891a,4.482171474206703
hsa-mir-522,4.459434145992478
hsa-mir-892b,4.432601639474041
hsa-mir-1298,4.310068325686006
hsa-mir-513c,4.1162100923820715
hsa-mir-516a-1,4.099102211320826
hsa-mir-3923,4.094215483983067
hsa-mir-4788,3.917819530752946
hsa-mir-3145,3.854846671112342
hsa-mir-498,3.8393828163814443
hsa-mir-3128,3.6982472080328868
hsa-mir-891b,3.627509474471084
hsa-mir-507,3.593901225106515
hsa-mir-513a-1,3.526214576574092
hsa-mir-516a-2,3.5206124082272283
hsa-mir-4431,3.506268173722213
hsa-mir-599,3.3044079255140817
hsa-mir-4795,3.2468267551789665
hsa-mir-670,3.187663284533945
hsa-mir-6721,3.1722169011240613
hsa-mir-662,3.0993334596879936
hsa-mir-3663,3.059537761705314
hsa-mir-3681,3.052239079346771
hsa-mir-1911,3.046796746385442
hsa-mir-509-1,3.031698590754718
hsa-mir-519b,3.0118052221119864
hsa-mir-514b,2.9493543809127494
hsa-mir-3149,2.936116571208984
hsa-mir-6727,2.897235111693795
hsa-mir-1304,2.8234907022482876
hsa-mir-508,2.8139658820472997
hsa-mir-572,2.796730729802445
hsa-mir-4756,2.7959973271059217
hsa-mir-4465,2.77838940207086
hsa-mir-1305,2.7679443461309288
hsa-mir-1269b,2.763753193973707
hsa-mir-573,2.729432981419792
hsa-mir-4794,2.7112626783949736
hsa-mir-509-2,2.697298713281034
hsa-mir-548x,2.617608821293348
hsa-mir-875,2.6021305638069117
hsa-mir-514a-1,2.5829433918694433
hsa-mir-509-3,2.5754515516116556
hsa-mir-215,2.561736566225649
hsa-mir-1293,2.5286733384253446
hsa-mir-466,2.497976911262989
hsa-mir-6782,2.4911257030740037
hsa-mir-513a-2,2.443394871348146
hsa-mir-383,2.433678971928242
hsa-mir-6804,2.4296409486758903
hsa-mir-6853,2.412154366672069
hsa-mir-4435-2,2.4044952826116175
hsa-mir-3662,2.383202578347393
hsa-mir-5690,2.3768014164760425
hsa-mir-211,2.3653651347670985
hsa-mir-6776,2.3336923945619983
hsa-mir-4445,2.319672761221065
hsa-mir-514a-2,2.313144614774034
hsa-mir-2113,2.308778983207669
hsa-mir-514a-3,2.28953754364057
hsa-mir-1908,2.235409515428054
hsa-mir-4647,2.2190002279238565
hsa-mir-506,2.200452578163447
hsa-mir-597,2.1488982644764385
hsa-mir-6505,2.1324318123305552
hsa-mir-3131,2.121149647159749
hsa-mir-4454,2.102535877337864
hsa-mir-192,2.0675066087467813
hsa-mir-4782,2.0298773790782256
hsa-mir-668,2.0279477423937387
hsa-mir-6873,2.0093879398563503
hsa-mir-548f-1,2.0074399344629996
hsa-mir-5705,1.9919669198376084
hsa-mir-4461,1.9745692279634293
hsa-mir-378i,1.9735492990789665
hsa-mir-194-1,1.9707049275861204
hsa-mir-2114,1.9687406596916597
hsa-mir-6849,1.9456761678249757
hsa-mir-4634,1.939035033567374
hsa-mir-194-2,1.9373703038802905
hsa-mir-4734,1.913883388462815
hsa-mir-4433a,1.9044412599769214
hsa-mir-219a-2,1.8988474748190531
hsa-mir-4768,1.8887278615035126
hsa-mir-3177,1.8878257655891715
hsa-mir-3918,1.8606236746817009
hsa-mir-6796,1.8138853927450418
hsa-mir-4433b,1.8103464259416748
hsa-mir-1269a,1.8055686604581107
hsa-mir-4744,1.7713174629427482
hsa-mir-6823,1.7662546378854171
hsa-mir-6778,1.7562682001393366
hsa-mir-4705,1.7520774692335987
hsa-mir-3116-2,1.7437150993577542
hsa-mir-129-2,1.719751334601529
hsa-mir-6816,1.7196678812589492
hsa-mir-6851,1.7158569882872121
hsa-mir-129-1,1.6944098678764903
hsa-mir-7850,1.6919049213496575
hsa-mir-611,1.6872827459496238
hsa-mir-3655,1.6658043962400142
hsa-mir-378d-2,1.6618932068064167
hsa-mir-6766,1.6588496044864902
hsa-mir-2682,1.648489300305056
hsa-mir-4644,1.6434267249570196
hsa-mir-4516,1.630668149074736
hsa-mir-3196,1.6253871599106482
hsa-mir-4748,1.6219472453822066
hsa-mir-3138,1.6191099760784489
hsa-mir-5681b,1.6013996932058125
hsa-mir-4796,1.5929382727994827
hsa-mir-6750,1.5892346682667093
hsa-mir-888,1.5802964056713482
hsa-mir-559,1.5753602822954915
hsa-mir-4757,1.5668021377284642
hsa-mir-137,1.554685624774534
hsa-mir-5683,1.5482741068252392
hsa-mir-3161,1.5361589968029947
hsa-mir-1278,1.5332421517838342
hsa-mir-6888,1.5205702760083892
hsa-mir-3689a,1.5186261266984389
hsa-mir-6508,1.5150397501167914
hsa-mir-124-3,1.5010988248426296
hsa-mir-4659a,1.464284049696811
hsa-mir-1225,1.4572543640760989
hsa-mir-3146,1.4552702389890293
hsa-mir-3151,1.4531580564056594
hsa-mir-492,1.4467581832746619
hsa-mir-6856,1.4417919355347435
hsa-mir-206,1.4339904259315817
hsa-mir-7976,1.4240331496161318
hsa-mir-124-1,1.420729607575268
hsa-mir-4752,1.4102329180761417
hsa-mir-204,1.4100142493052614
hsa-mir-6887,1.401149354443659
hsa-mir-6789,1.3878256112137108
hsa-mir-4661,1.362604698433233
hsa-mir-6885,1.3623417115492567
hsa-mir-3155a,1.356680219789095
hsa-mir-5696,1.3541989955130354
hsa-mir-6786,1.335258109902079
hsa-mir-6780b,1.3091166452438625
hsa-mir-6736,1.307424649109271
hsa-mir-4529,1.2965345874877183
hsa-mir-1238,1.2914983117643803
hsa-mir-5100,1.287529557107103
hsa-mir-1914,1.2847575052753388
hsa-mir-4306,1.2735473845774552
hsa-mir-193b,1.2557677454285263
hsa-mir-3140,1.2509819700558165
hsa-mir-1224,1.2207092641998938
hsa-mir-1295b,1.2194178598057843
hsa-mir-499a,1.2188347594875102
hsa-mir-548az,1.2183365719904184
hsa-mir-3660,1.2049312666850631
hsa-mir-6767,1.1912375378242885
hsa-mir-6800,1.1900585173152132
hsa-mir-934,1.1865040811468266
hsa-mir-6744,1.1756255361616827
hsa-mir-5691,1.1508354507267553
hsa-mir-607,1.1464962145262514
hsa-mir-1275,1.1407154219289994
hsa-mir-4755,1.1281644611349535
hsa-mir-4689,1.1276739789581636
hsa-mir-6739,1.1212766497717372
hsa-mir-7641-2,1.111541779351917
hsa-mir-6512,1.1076365838782223
hsa-mir-6715b,1.106287968420403
hsa-mir-4521,1.1021491081870423
hsa-mir-584,1.0980524179557072
hsa-mir-4665,1.0840037037800325
hsa-mir-548y,1.0827663785509256
hsa-mir-4532,1.0703173734457252
hsa-mir-4773-1,1.0655944040247476
hsa-mir-6819,1.065285374870146
hsa-mir-490,1.061794192597313
hsa-mir-4449,1.0556246750013092
hsa-mir-580,1.0549039801008537
hsa-mir-4708,1.0529722621486246
hsa-mir-579,1.051417146828943
hsa-mir-4491,1.0489426406871838
hsa-mir-544a,1.0433614824908157
hsa-mir-374c,1.0409670562334121
hsa-mir-9-1,1.035043212251034
hsa-mir-6868,1.0348130510248696
hsa-mir-9-3,1.018626540398459
hsa-mir-6810,1.0180021851960315
hsa-mir-329-1,1.0164899768724422
hsa-mir-4426,1.0152449894488385
hsa-mir-9-2,1.0141562460808455
hsa-mir-3195,1.0073220745344773
hsa-mir-4786,1.007084449224919
hsa-mir-6741,1.0060601171120491
hsa-mir-4725,1.0046114759562546
hsa-mir-548aq,1.003914730023486
hsa-mir-6087,1.00209932992185
hsa-mir-3150a,0.9973051328599494
hsa-mir-561,0.9909685373859032
hsa-mir-3689e,0.9855623479285958
hsa-mir-4448,0.9752158279576743
hsa-mir-4732,0.9723829020338907
hsa-mir-5088,0.9694509233198818
hsa-mir-203a,0.9658259148960311
hsa-mir-5685,0.9604511423197567
hsa-mir-628,0.9579192374092789
hsa-mir-6749,0.9525966589327602
hsa-mir-1252,0.9523193711188476
hsa-mir-581,0.9489410005688125
hsa-mir-6738,0.9449955199614652
hsa-mir-4436b-1,0.9389386965217992
hsa-mir-3192,0.93307046336739
hsa-mir-3180-4,0.932012988520592
hsa-mir-3910-1,0.930558675394165
hsa-mir-3200,0.9161440863640493
hsa-mir-3188,0.9081174059810971
hsa-mir-4469,0.9077557230406411
hsa-mir-4754,0.8965682505067415
hsa-mir-4773-2,0.8905906934836477
hsa-mir-4690,0.8852813609101201
hsa-mir-6717,0.8675844273315318
hsa-mir-5581,0.8675351159927589
hsa-mir-5702,0.866987505358226
hsa-mir-4488,0.8573310720901212
hsa-mir-224,0.8542721885454421
hsa-mir-7109,0.8393782256479438
hsa-mir-196b,0.8390951511305467
hsa-mir-6812,0.8387056037752703
hsa-mir-6829,0.8330281205617798
hsa-mir-577,0.8304533557417313
hsa-mir-5582,0.8288865938650246
hsa-mir-614,0.8250578940217071
hsa-mir-4435-1,0.820275821028144
hsa-mir-5584,0.814813823511346
hsa-mir-4731,0.8099632799267973
hsa-mir-5089,0.8085393174815263
hsa-mir-3661,0.7960043155009874
hsa-mir-653,0.7959908120962572
hsa-mir-600,0.7949531285229191
hsa-mir-3144,0.7936160482800972
hsa-mir-7855,0.7923802536311065
hsa-mir-432,0.7881400099073275
hsa-mir-4791,0.7862157854164974
hsa-mir-4638,0.7850046273915292
hsa-mir-485,0.7786462831618016
hsa-mir-548at,0.7754631311632895
hsa-mir-944,0.7729638068250647
hsa-mir-19a,0.7719678214968959
hsa-mir-4766,0.7716371439093971
hsa-mir-548v,0.771309018973812
hsa-mir-486-1,0.7681289558220461
hsa-mir-4479,0.7664170171851736
hsa-mir-544b,0.7660461174738536
hsa-mir-6751,0.7624883387103465
hsa-mir-6742,0.7617935169805092
hsa-mir-486-2,0.754174506417861
hsa-mir-548ag-2,0.7540217469006245
hsa-mir-3685,0.7466492118945758
hsa-mir-4652,0.7463395621167338
hsa-mir-4778,0.7449295103584281
hsa-mir-197,0.7433733142526034
hsa-mir-6720,0.7432860671351004
hsa-mir-3678,0.7350185187092666
hsa-mir-6715a,0.7340589693948658
hsa-mir-3193,0.7325861367758424
hsa-mir-4517,0.7258907636544
hsa-mir-3942,0.7222928246383541
hsa-mir-1294,0.7216453232246195
hsa-mir-3653,0.7204387538197561
hsa-mir-616,0.7203826722031079
hsa-mir-892c,0.7195902056732902
hsa-mir-6743,0.7168108084690089
hsa-mir-3680-2,0.7166066376065637
hsa-mir-6781,0.7091034293730121
hsa-mir-6723,0.7069957656955879
hsa-mir-7974,0.7061423195088335
hsa-mir-210,0.7012931842811386
hsa-mir-3074,0.6975876135481746
hsa-mir-2278,0.6972246000604636
hsa-mir-3170,0.6943012629376354
hsa-mir-513b,0.692390004749218
hsa-mir-665,0.6839180812102963
hsa-mir-6740,0.6836608428683877
hsa-mir-1295a,0.6818984410205094
hsa-mir-7641-1,0.6748072112742465
hsa-mir-6748,0.6729468926337349
hsa-mir-3159,0.6721616209340312
hsa-mir-1256,0.66914984682654
hsa-mir-639,0.6688851945263102
hsa-mir-153-2,0.6683578879089015
hsa-mir-6509,0.6668776842777759
hsa-mir-942,0.6647369341970283
hsa-mir-4787,0.6612319504115888
hsa-mir-4750,0.6586388589340448
hsa-mir-6771,0.655419132070817
hsa-mir-4724,0.6535187923103413
hsa-mir-4723,0.6529843195731893
hsa-mir-6511b-2,0.6477058037092095
hsa-mir-3154,0.6385956702091056
hsa-mir-936,0.6359624547128402
hsa-mir-6510,0.6341217231119305
hsa-mir-548d-1,0.6340799273556879
hsa-mir-4645,0.6320647446978338
hsa-mir-708,0.6244580533519632
hsa-mir-20a,0.6156122526006498
hsa-mir-3176,0.6139133374481897
hsa-mir-3682,0.6127735773845214
hsa-mir-1296,0.6070424098102651
hsa-mir-6501,0.5950940302839957
hsa-mir-548au,0.5942390946626062
hsa-mir-370,0.591570428533179
hsa-mir-576,0.590545239882945
hsa-mir-6511b-1,0.5838839638752817
hsa-mir-6830,0.5804318002227813
hsa-mir-548j,0.5801808972199372
hsa-mir-1284,0.5790819359814531
hsa-mir-501,0.577369529196578
hsa-mir-7706,0.5767628322516093
hsa-mir-2355,0.5732649348336285
hsa-mir-4668,0.5670950990988487
hsa-mir-551b,0.5661376365227725
hsa-mir-328,0.565244680482713
hsa-mir-3199-1,0.5601154844237518
hsa-mir-4639,0.5590949208258912
hsa-mir-612,0.5543346244577377
hsa-mir-135b,0.5530516347705939
hsa-mir-6822,0.533530246263729
hsa-mir-144,0.5309902822916184
hsa-mir-3130-2,0.5247069134452154
hsa-mir-3944,0.5199791283386155
hsa-mir-3909,0.5194521763008325
hsa-mir-488,0.5192499193682558
hsa-mir-487b,0.5172670045077348
hsa-mir-4286,0.5163960410280998
hsa-mir-6753,0.5160601333717197
hsa-mir-3692,0.5119522651697852
hsa-mir-6730,0.5077833455264082
hsa-mir-1254-1,0.5052207269064741
hsa-mir-6815,0.5024988773099516
hsa-mir-421,0.49625225997041766
hsa-mir-1249,0.4940408502272375
hsa-mir-3922,0.49371131801654533
hsa-mir-4654,0.49114481647124025
hsa-mir-570,0.4879890685115401
hsa-mir-605,0.48618921151345207
hsa-mir-4453,0.47805406914024506
hsa-mir-2467,0.47568938465068616
hsa-mir-6843,0.47464270364211913
hsa-mir-874,0.4658601439637075
hsa-mir-154,0.45973393431661275
hsa-mir-4660,0.45837999287262576
hsa-mir-18a,0.4564021390170666
hsa-mir-365a,0.4542484278135155
hsa-mir-4636,0.4540559735936428
hsa-mir-6769b,0.451950364732695
hsa-mir-6794,0.4512071461344044
hsa-mir-5698,0.4474097272310612
hsa-mir-500b,0.4463668155220721
hsa-mir-3680-1,0.44268182243111565
hsa-mir-219b,0.44160868320081603
hsa-mir-365b,0.44105476799471843
hsa-mir-4649,0.4410332657298594
hsa-mir-7152,0.43994503768797005
hsa-mir-6755,0.4395825061057965
hsa-mir-6502,0.4392763598745723
hsa-mir-452,0.4391503747408907
hsa-mir-5006,0.43824462747958154
hsa-mir-1181,0.4370787248072582
hsa-mir-17,0.4363759071739869
hsa-mir-3157,0.4358557000950564
hsa-mir-4713,0.43464484717998647
hsa-mir-3127,0.4342969954025084
hsa-mir-4722,0.43317780023527364
hsa-mir-500a,0.42329835183532893
hsa-mir-4442,0.4215666676634974
hsa-mir-651,0.4194880260448107
hsa-mir-6803,0.4180797811672508
hsa-mir-196a-2,0.41630269665225367
hsa-mir-93,0.4122804957503713
hsa-mir-6881,0.4120904753322438
hsa-mir-124-2,0.4117282292491463
hsa-mir-3691,0.4051995942017362
hsa-mir-7846,0.4029455594084409
hsa-mir-122,0.4007902049247496
hsa-mir-3158-2,0.40072437662102284
hsa-mir-5001,0.39804666790598925
hsa-mir-1271,0.3978801392982945
hsa-mir-19b-2,0.396031732332252
hsa-mir-4714,0.3889916988186598
hsa-mir-548k,0.38817182006570017
hsa-mir-7854,0.3865658806056211
hsa-mir-3136,0.3848191285531402
hsa-mir-4792,0.3847958634666046
hsa-mir-642a,0.3835520245059504
hsa-mir-19b-1,0.3783806607881573
hsa-mir-3194,0.37762567177169554
hsa-mir-185,0.3774226942057671
hsa-mir-758,0.3773494331428384
hsa-mir-6757,0.37530578216800553
hsa-mir-887,0.3732174940993838
hsa-mir-7-2,0.3725324531865962
hsa-mir-1307,0.36480576305637785
hsa-mir-5580,0.3633642044018639
hsa-mir-6769a,0.36286049240811197
hsa-mir-3606,0.36165251315835717
hsa-mir-198,0.3554542408579224
hsa-mir-671,0.3545925143994247
hsa-mir-6726,0.3545539143405626
hsa-mir-4424,0.3522267066169524
hsa-mir-574,0.3511865327191813
hsa-mir-92a-2,0.3503610670790056
hsa-mir-371b,0.35014679370119717
hsa-mir-186,0.34968081765012166
hsa-mir-92a-1,0.34691437434590233
hsa-mir-320d-2,0.343540276993695
hsa-mir-196a-1,0.34069209358719577
hsa-mir-2276,0.3404731384958895
hsa-mir-1277,0.3374764465942229
hsa-mir-6857,0.33565274029326425
hsa-mir-491,0.33515382044517766
hsa-mir-193a,0.33493516430134335
hsa-mir-4746,0.33462695152762284
hsa-mir-6882,0.33410636321392273
hsa-mir-6783,0.3327645783826865
hsa-mir-6854,0.3308404540789183
hsa-mir-5699,0.330213730149217
hsa-mir-1270,0.32907630125751836
hsa-mir-342,0.32875989099002056
hsa-mir-106a,0.3269765777720047
hsa-mir-548n,0.3264959857703519
hsa-mir-362,0.3262542269623673
hsa-mir-548ba,0.32296432957527144
hsa-mir-138-2,0.3211242751778973
hsa-mir-5703,0.3211017987915867
hsa-mir-2116,0.32064300076225927
hsa-mir-6801,0.31947595177237953
hsa-mir-7-3,0.31682767843511456
hsa-mir-141,0.31670465519751156
hsa-mir-3622a,0.31611582661953774
hsa-mir-7702,0.31488135305111203
hsa-mir-549a,0.3146915521561686
hsa-mir-4763,0.30557230671663693
hsa-mir-4785,0.30404695343577665
hsa-mir-4683,0.3013796038870403
hsa-mir-423,0.3005901835312991
hsa-mir-3607,0.30005036468885177
hsa-mir-548x-2,0.29944470730938927
hsa-mir-1185-1,0.29845129506375845
hsa-mir-592,0.2952351864711478
hsa-mir-532,0.2938033084495693
hsa-let-7d,0.29336298001887956
hsa-mir-5008,0.29273645822667715
hsa-mir-1254-2,0.29113089449036456
hsa-mir-6834,0.290334282268246
hsa-mir-4677,0.2885335201175458
hsa-mir-455,0.28603957877779707
hsa-mir-4781,0.2856969717023477
hsa-mir-5586,0.2856899810534858
hsa-mir-6779,0.2851249179045769
hsa-mir-3667,0.28416693733196446
hsa-mir-200c,0.2832032698907247
hsa-mir-3651,0.28307848398510616
hsa-mir-412,0.28217763633517273
hsa-mir-4784,0.2808202220721444
hsa-mir-539,0.280443161055254
hsa-mir-219a-1,0.2802521004779071
hsa-mir-1915,0.2787742910008159
hsa-mir-4444-1,0.27854108052815174
hsa-mir-495,0.27738664822726544
hsa-mir-6716,0.276964752065948
hsa-mir-4473,0.2768272782224711
hsa-mir-632,0.2761375004738036
hsa-mir-142,0.27437258536590475
hsa-mir-153-1,0.2712426789214846
hsa-mir-381,0.2679730091714442
hsa-mir-3919,0.2679647783474204
hsa-mir-4772,0.2644157107384637
hsa-mir-6871,0.2632174156251785
hsa-mir-320e,0.26157356160329465
hsa-mir-1180,0.25997413738729863
hsa-mir-582,0.2594914419830843
hsa-mir-5189,0.2573137151569189
hsa-mir-378c,0.25596758712767187
hsa-mir-222,0.254823725968355
hsa-mir-1292,0.2517650349874327
hsa-mir-2277,0.25156772700079033
hsa-mir-4664,0.2509352708235708
hsa-mir-190a,0.24936344291952028
hsa-mir-4777,0.24861553383412552
hsa-mir-4727,0.24779648879393612
hsa-mir-487a,0.24746073589751544
hsa-mir-548o-2,0.24710485302676127
hsa-mir-548l,0.24608248133397387
hsa-mir-766,0.2452561935836722
hsa-mir-6762,0.24486826720120344
hsa-mir-3622b,0.24471958365749374
hsa-mir-643,0.24417911192495745
hsa-mir-625,0.24289665939865068
hsa-mir-6731,0.23832605518130487
hsa-mir-23a,0.23681447203826303
hsa-mir-3615,0.23387019204061343
hsa-mir-1976,0.233140455856537
hsa-mir-484,0.2322875130460229
hsa-mir-103a-1,0.23228124056589267
hsa-mir-1248,0.23180226963085307
hsa-mir-103a-2,0.23097261901880356
hsa-mir-1245a,0.22786360949397547
hsa-mir-3191,0.22617955033854684
hsa-mir-7155,0.22521339869895937
hsa-mir-526a-1,0.22288720729906755
hsa-mir-3605,0.21863337967234348
hsa-mir-449c,0.21545879912787558
hsa-mir-199a-1,0.21447264359320145
hsa-mir-6875,0.21409784310616775
hsa-mir-3690-1,0.21074900496194182
hsa-mir-5695,0.2103745833930377
hsa-mir-3117,0.2103273177531082
hsa-mir-7844,0.20905349044479818
hsa-mir-450b,0.20609499704076
hsa-mir-1243,0.20588969426834908
hsa-mir-6084,0.20506696559521634
hsa-mir-34b,0.20323973223614233
hsa-mir-205,0.20305618169869427
hsa-mir-3150b,0.2028141796485603
hsa-mir-4524a,0.2019010139184341
hsa-mir-296,0.19931622147072803
hsa-mir-6772,0.1986762697378449
hsa-mir-3116-1,0.19755750770731675
hsa-mir-543,0.19727167152333067
hsa-mir-431,0.1971777299123078
hsa-mir-618,0.19688203412823682
hsa-mir-21,0.19666679985956478
hsa-mir-3173,0.19377602788747875
hsa-mir-3618,0.19335847628294153
hsa-mir-659,0.19265773070366837
hsa-mir-3130-1,0.18986770736350597
hsa-mir-4703,0.1896651407375428
hsa-mir-4632,0.18807012340624757
hsa-mir-199a-2,0.18609188137473906
hsa-mir-1262,0.18580428540001737
hsa-mir-6787,0.18575608914897365
hsa-mir-548o,0.18409557144766758
hsa-mir-1251,0.17795299791930747
hsa-mir-1306,0.1752775781984203
hsa-mir-3164,0.1750457161624698
hsa-let-7b,0.174373800311502
hsa-mir-188,0.17220830417772467
hsa-mir-324,0.17154669933529723
hsa-mir-5684,0.16919731116111844
hsa-mir-744,0.16890885062606414
hsa-mir-548a-3,0.16836622755136504
hsa-mir-6883,0.16797214833817425
hsa-mir-1229,0.16612427360952317
hsa-mir-3656,0.16502078147409827
hsa-mir-3684,0.16415772059570904
hsa-mir-136,0.16204419849027948
hsa-mir-1236,0.16058149215049433
hsa-mir-660,0.15927171392827985
hsa-mir-28,0.15895640456610818
hsa-mir-5579,0.15878654738692446
hsa-mir-3934,0.15458208156503114
hsa-mir-6499,0.15420186222578786
hsa-mir-6793,0.15172795444853934
hsa-mir-1343,0.15121155701097658
hsa-mir-30e,0.15079406702296536
hsa-mir-146b,0.1507218615083944
hsa-mir-4762,0.14799447410650618
hsa-mir-451a,0.14713557542587258
hsa-mir-148a,0.14686365459573986
hsa-mir-590,0.14680620511884854
hsa-mir-6734,0.14614113058832945
hsa-mir-489,0.14428621047489112
hsa-mir-16-1,0.14404355236093278
hsa-mir-320c-1,0.13668480549879522
hsa-mir-5091,0.13312542528759128
hsa-mir-4658,0.13238018471795066
hsa-mir-3616,0.13145130208805988
hsa-mir-323a,0.13010810798950193
hsa-mir-4743,0.12993287927857153
hsa-mir-199b,0.12927472436721604
hsa-mir-4525,0.12824708266184556
hsa-mir-202,0.12807141632504235
hsa-mir-6802,0.12577609737484352
hsa-mir-502,0.12521988116293162
hsa-mir-7-1,0.12460592431313737
hsa-mir-203b,0.12417409681704467
hsa-mir-374a,0.12141413781389021
hsa-mir-548s,0.11921428439943396
hsa-mir-3613,0.11657015636173489
hsa-mir-1234,0.11631265221220215
hsa-mir-16-2,0.1154481067068821
hsa-mir-409,0.11437480299670184
hsa-mir-128-1,0.11276242011220672
hsa-mir-3620,0.11256173496528056
hsa-mir-138-1,0.11215538298538062
hsa-mir-338,0.11143294173473577
hsa-mir-5588,0.11005577572483219
hsa-mir-149,0.10878763141755059
hsa-mir-1266,0.104198714373967
hsa-mir-1255a,0.10412340236718105
hsa-mir-493,0.10405679590872134
hsa-mir-6820,0.10391989871081718
hsa-mir-652,0.10361245037660732
hsa-mir-4662a,0.10305480446334549
hsa-mir-889,0.10241052740146094
hsa-mir-15a,0.10119040915494229
hsa-mir-23b,0.09887371706689677
hsa-mir-223,0.09861360159010511
hsa-mir-4423,0.09855874507458148
hsa-mir-127,0.09478716912041545
hsa-mir-128-2,0.0943122239606169
hsa-mir-15b,0.09244926327974708
hsa-mir-6795,0.08991717291637309
hsa-mir-3679,0.08699220791255614
hsa-mir-214,0.08619025129067044
hsa-mir-556,0.083339989747796
hsa-mir-940,0.08255750787432754
hsa-mir-181d,0.08161935721923273
hsa-mir-624,0.08040171673620891
hsa-let-7a-2,0.07828702665803687
hsa-mir-4798,0.07722601242582879
hsa-mir-450a-2,0.07531906435409098
hsa-let-7a-1,0.07350308832091021
hsa-let-7i,0.07266751155666573
hsa-let-7a-3,0.07266067432113751
hsa-mir-5000,0.07251671663147552
hsa-mir-25,0.07037154321052308
hsa-mir-3920,0.06985980294656954
hsa-mir-29b-2,0.06809982237000152
hsa-mir-4709,0.06779767398747959
hsa-mir-382,0.06754543164327277
hsa-mir-511,0.06602366261669937
hsa-mir-6514,0.06552063092346837
hsa-mir-1245b,0.06385594288544026
hsa-mir-299,0.06073000552987392
hsa-mir-1227,0.06063719895457349
hsa-mir-664a,0.056122702902663975
hsa-mir-320d-1,0.05474594895391728
hsa-mir-877,0.054692217371671105
hsa-mir-5706,0.05166550505159343
hsa-mir-1246,0.0494147796475295
hsa-mir-1288,0.04888723759348697
hsa-mir-337,0.048750799898477075
hsa-mir-552,0.04827580941766965
hsa-mir-6892,0.04750860674369058
hsa-mir-30c-1,0.04694186639365749
hsa-mir-221,0.046544997618017864
hsa-mir-2110,0.045947439327084894
hsa-mir-450a-1,0.04589899540228137
hsa-mir-4775,0.04430398606784738
hsa-mir-1197,0.04359303606850917
hsa-mir-5680,0.043519903211875724
hsa-mir-378a,0.04203508614575057
hsa-mir-29b-1,0.04201393725067214
hsa-mir-152,0.0419362744174268
hsa-mir-3928,0.039050579765402514
hsa-mir-3917,0.039000006206464335
hsa-mir-3926-1,0.03882891295282347
hsa-mir-4474,0.03830360255662604
hsa-mir-380,0.03823437804217607
hsa-mir-1179,0.037316921051160766
hsa-mir-6827,0.0370779466554847
hsa-mir-130b,0.03694315174825411
hsa-mir-4720,0.0367338207692827
hsa-mir-496,0.03655159751980302
hsa-mir-3190,0.03307087837075068
hsa-mir-150,0.03299769888916509
hsa-mir-3065,0.03146553524400036
hsa-mir-548e,0.03069322480557436
hsa-mir-589,0.029748051635290394
hsa-mir-1276,0.029219607565552426
hsa-mir-4536-2,0.029059609207743125
hsa-mir-4669,0.028888147597643184
hsa-mir-769,0.028151180330248014
hsa-mir-3199-2,0.026699731914422164
hsa-mir-30c-2,0.02174928340384818
hsa-mir-629,0.021106750697939585
hsa-mir-379,0.019549731998654205
hsa-mir-6735,0.018817772502508413
hsa-mir-5708,0.01653923372747292
hsa-mir-22,0.016049210422904477
hsa-mir-1538,0.0154120647135304
hsa-mir-107,0.013406393811962833
hsa-mir-6844,0.012428204838310345
hsa-mir-588,0.01097264753561206
hsa-mir-655,0.010715563489052045
hsa-mir-410,0.009861517848790044
hsa-mir-361,0.009410005925028931
hsa-mir-4707,0.007895188650256174
hsa-mir-320c-2,0.006851598543131261
hsa-mir-7705,0.002897932634938177
hsa-mir-3976,0.0
hsa-mir-4272,0.0
hsa-mir-4271,0.0
hsa-mir-4270,0.0
hsa-mir-4269,0.0
hsa-mir-4268,0.0
hsa-mir-4267,0.0
hsa-mir-4297,0.0
hsa-mir-4296,0.0
hsa-mir-4295,0.0
hsa-mir-4294,0.0
hsa-mir-4293,0.0
hsa-mir-4292,0.0
hsa-mir-4291,0.0
hsa-mir-4260,0.0
hsa-mir-4259,0.0
hsa-mir-4258,0.0
hsa-mir-4287,0.0
hsa-mir-4285,0.0
hsa-mir-4283-2,0.0
hsa-mir-4283-1,0.0
hsa-mir-4314,0.0
hsa-mir-4313,0.0
hsa-mir-4312,0.0
hsa-mir-4311,0.0
hsa-mir-4309,0.0
hsa-mir-4308,0.0
hsa-mir-4307,0.0
hsa-mir-4305,0.0
hsa-mir-4304,0.0
hsa-mir-4275,0.0
hsa-mir-4274,0.0
hsa-mir-4273,0.0
hsa-mir-4301,0.0
hsa-mir-4300,0.0
hsa-mir-4299,0.0
hsa-mir-4298,0.0
hsa-mir-4329,0.0
hsa-mir-4328,0.0
hsa-mir-4327,0.0
hsa-mir-4325,0.0
hsa-mir-4324,0.0
hsa-mir-4323,0.0
hsa-mir-4322,0.0
hsa-mir-4321,0.0
hsa-mir-4320,0.0
hsa-mir-4290,0.0
hsa-mir-4289,0.0
hsa-mir-4288,0.0
hsa-mir-4317,0.0
hsa-mir-4316,0.0
hsa-mir-4315-2,0.0
hsa-mir-4315-1,0.0
hsa-mir-3938,0.0
hsa-mir-3935,0.0
hsa-mir-3929,0.0
hsa-mir-4425,0.0
hsa-mir-4420,0.0
hsa-mir-4419a,0.0
hsa-mir-4418,0.0
hsa-mir-4417,0.0
hsa-mir-4330,0.0
hsa-mir-4303,0.0
hsa-mir-4302,0.0
hsa-mir-1202,0.0
hsa-mir-1200,0.0
hsa-mir-1199,0.0
hsa-mir-1193,0.0
hsa-mir-1184-3,0.0
hsa-mir-8084,0.0
hsa-mir-8083,0.0
hsa-mir-8082,0.0
hsa-mir-8081,0.0
hsa-mir-8080,0.0
hsa-mir-8079,0.0
hsa-mir-8078,0.0
hsa-mir-4437,0.0
hsa-mir-4319,0.0
hsa-mir-4318,0.0
hsa-mir-4436a,0.0
hsa-mir-4432,0.0
hsa-mir-4430,0.0
hsa-mir-4429,0.0
hsa-mir-4428,0.0
hsa-mir-4427,0.0
hsa-mir-3972,0.0
hsa-mir-3960,0.0
hsa-mir-4459,0.0
hsa-mir-4458,0.0
hsa-mir-4456,0.0
hsa-mir-4455,0.0
hsa-mir-4452,0.0
hsa-mir-4451,0.0
hsa-mir-1204,0.0
hsa-mir-1203,0.0
hsa-mir-4447,0.0
hsa-mir-4441,0.0
hsa-mir-4440,0.0
hsa-mir-4438,0.0
hsa-mir-3924,0.0
hsa-mir-3915,0.0
hsa-mir-3914-2,0.0
hsa-mir-3914-1,0.0
hsa-mir-4468,0.0
hsa-mir-4467,0.0
hsa-mir-4466,0.0
hsa-mir-4464,0.0
hsa-mir-4463,0.0
hsa-mir-4436b-2,0.0
hsa-mir-4460,0.0
hsa-mir-8077,0.0
hsa-mir-8076,0.0
hsa-mir-8075,0.0
hsa-mir-8074,0.0
hsa-mir-8073,0.0
hsa-mir-8071-2,0.0
hsa-mir-8071-1,0.0
hsa-mir-8070,0.0
hsa-mir-8069-2,0.0
hsa-mir-8069-1,0.0
hsa-mir-8068,0.0
hsa-mir-8067,0.0
hsa-mir-8066,0.0
hsa-mir-8065,0.0
hsa-mir-4450,0.0
hsa-mir-4481,0.0
hsa-mir-448,0.0
hsa-mir-4477b,0.0
hsa-mir-4477a,0.0
hsa-mir-4476,0.0
hsa-mir-4475,0.0
hsa-mir-4472-2,0.0
hsa-mir-4472-1,0.0
hsa-mir-4471,0.0
hsa-mir-3927,0.0
hsa-mir-4499,0.0
hsa-mir-4498,0.0
hsa-mir-4497,0.0
hsa-mir-4462,0.0
hsa-mir-4495,0.0
hsa-mir-4493,0.0
hsa-mir-4487,0.0
hsa-mir-4486,0.0
hsa-mir-4485,0.0
hsa-mir-4483,0.0
hsa-mir-4509-3,0.0
hsa-mir-4509-2,0.0
hsa-mir-4509-1,0.0
hsa-mir-4508,0.0
hsa-mir-4506,0.0
hsa-mir-4505,0.0
hsa-mir-4504,0.0
hsa-mir-4503,0.0
hsa-mir-8064,0.0
hsa-mir-8063,0.0
hsa-mir-8062,0.0
hsa-mir-8061,0.0
hsa-mir-8060,0.0
hsa-mir-8059,0.0
hsa-mir-8058,0.0
hsa-mir-8057,0.0
hsa-mir-8056,0.0
hsa-mir-8055,0.0
hsa-mir-8054,0.0
hsa-mir-8053,0.0
hsa-mir-8052,0.0
hsa-mir-802,0.0
hsa-mir-7978,0.0
hsa-mir-7977,0.0
hsa-mir-4496,0.0
hsa-mir-3908,0.0
hsa-mir-384,0.0
hsa-mir-378j,0.0
hsa-mir-451b,0.0
hsa-mir-4518,0.0
hsa-mir-4514,0.0
hsa-mir-4513,0.0
hsa-mir-4512,0.0
hsa-mir-4534,0.0
hsa-mir-4531,0.0
hsa-mir-4526,0.0
hsa-mir-4524b,0.0
hsa-mir-4500,0.0
hsa-mir-378e,0.0
hsa-mir-378b,0.0
hsa-mir-4520-2,0.0
hsa-mir-4520-1,0.0
hsa-mir-4635,0.0
hsa-mir-4633,0.0
hsa-mir-4540,0.0
hsa-mir-4539,0.0
hsa-mir-4538,0.0
hsa-mir-4535,0.0
hsa-mir-7973-2,0.0
hsa-mir-7973-1,0.0
hsa-mir-7856,0.0
hsa-mir-7975,0.0
hsa-mir-4659b,0.0
hsa-mir-4656,0.0
hsa-mir-4655,0.0
hsa-mir-4653,0.0
hsa-mir-3714,0.0
hsa-mir-7853,0.0
hsa-mir-7852,0.0
hsa-mir-7847,0.0
hsa-mir-7704,0.0
hsa-mir-4650-2,0.0
hsa-mir-4650-1,0.0
hsa-mir-4642,0.0
hsa-mir-378h,0.0
hsa-mir-378g,0.0
hsa-mir-7159,0.0
hsa-mir-7158,0.0
hsa-mir-7157,0.0
hsa-mir-7154,0.0
hsa-mir-7153,0.0
hsa-mir-7151,0.0
hsa-mir-764,0.0
hsa-mir-762,0.0
hsa-mir-761,0.0
hsa-mir-759,0.0
hsa-mir-7515,0.0
hsa-mir-718,0.0
hsa-mir-7162,0.0
hsa-mir-1233-2,0.0
hsa-mir-1233-1,0.0
hsa-mir-4666b,0.0
hsa-mir-3688-2,0.0
hsa-mir-3688-1,0.0
hsa-mir-3687-2,0.0
hsa-mir-3687-1,0.0
hsa-mir-3686,0.0
hsa-mir-4694,0.0
hsa-mir-4693,0.0
hsa-mir-3713,0.0
hsa-mir-3690-2,0.0
hsa-mir-4651,0.0
hsa-mir-4679-1,0.0
hsa-mir-4678,0.0
hsa-mir-4675,0.0
hsa-mir-4671,0.0
hsa-mir-4701,0.0
hsa-mir-4698,0.0
hsa-mir-4696,0.0
hsa-mir-3689d-2,0.0
hsa-mir-3689d-1,0.0
hsa-mir-3689c,0.0
hsa-mir-1244-4,0.0
hsa-mir-1244-3,0.0
hsa-mir-7150,0.0
hsa-mir-711,0.0
hsa-mir-7107,0.0
hsa-mir-1253,0.0
hsa-mir-3689b,0.0
hsa-mir-3670-3,0.0
hsa-mir-3670-2,0.0
hsa-mir-3670-1,0.0
hsa-mir-367,0.0
hsa-mir-3668,0.0
hsa-mir-4719,0.0
hsa-mir-4718,0.0
hsa-mir-4692,0.0
hsa-mir-4688,0.0
hsa-mir-4686,0.0
hsa-mir-4712,0.0
hsa-mir-4711,0.0
hsa-mir-4704,0.0
hsa-mir-4737,0.0
hsa-mir-4735,0.0
hsa-mir-3675,0.0
hsa-mir-3674,0.0
hsa-mir-3672,0.0
hsa-mir-6863,0.0
hsa-mir-6862-2,0.0
hsa-mir-6862-1,0.0
hsa-mir-1244-2,0.0
hsa-mir-1244-1,0.0
hsa-mir-6876,0.0
hsa-mir-1264,0.0
hsa-mir-1263,0.0
hsa-mir-1261,0.0
hsa-mir-3671,0.0
hsa-mir-3670-4,0.0
hsa-mir-6859-1,0.0
hsa-mir-4759,0.0
hsa-mir-3666,0.0
hsa-mir-3665,0.0
hsa-mir-3659,0.0
hsa-mir-3658,0.0
hsa-mir-3657,0.0
hsa-mir-6841,0.0
hsa-mir-6835,0.0
hsa-mir-1260a,0.0
hsa-mir-1255b-2,0.0
hsa-mir-1255b-1,0.0
hsa-mir-6867,0.0
hsa-mir-6864,0.0
hsa-mir-4739,0.0
hsa-mir-575,0.0
hsa-mir-5739,0.0
hsa-mir-603,0.0
hsa-mir-5707,0.0
hsa-mir-604,0.0
hsa-mir-606,0.0
hsa-mir-2053,0.0
hsa-mir-2052,0.0
hsa-mir-596,0.0
hsa-mir-595,0.0
hsa-mir-593,0.0
hsa-mir-591,0.0
hsa-mir-6068,0.0
hsa-mir-6859-4,0.0
hsa-mir-6859-3,0.0
hsa-mir-6859-2,0.0
hsa-mir-1273e,0.0
hsa-mir-1273d,0.0
hsa-mir-4765,0.0
hsa-mir-4764,0.0
hsa-mir-3649,0.0
hsa-mir-3648-2,0.0
hsa-mir-3648-1,0.0
hsa-mir-3621,0.0
hsa-mir-1273a,0.0
hsa-mir-1272,0.0
hsa-mir-1268b,0.0
hsa-mir-1268a,0.0
hsa-mir-6828,0.0
hsa-mir-6074,0.0
hsa-mir-2117,0.0
hsa-mir-5787,0.0
hsa-mir-6811,0.0
hsa-mir-1285-2,0.0
hsa-mir-1285-1,0.0
hsa-mir-1283-2,0.0
hsa-mir-1281,0.0
hsa-mir-1279,0.0
hsa-mir-4783,0.0
hsa-mir-4780,0.0
hsa-mir-4779,0.0
hsa-mir-4776-2,0.0
hsa-mir-4776-1,0.0
hsa-mir-6069,0.0
hsa-mir-3612,0.0
hsa-mir-6070,0.0
hsa-mir-6831,0.0
hsa-mir-1273f,0.0
hsa-mir-6071,0.0
hsa-mir-3591,0.0
hsa-mir-3529,0.0
hsa-mir-4774,0.0
hsa-mir-6072,0.0
hsa-mir-4803,0.0
hsa-mir-4801,0.0
hsa-mir-4790,0.0
hsa-mir-583,0.0
hsa-mir-1273g,0.0
hsa-mir-6791,0.0
hsa-mir-6790,0.0
hsa-mir-6785,0.0
hsa-mir-1297,0.0
hsa-mir-1290,0.0
hsa-mir-103b-1,0.0
hsa-mir-3975,0.0
hsa-mir-499b,0.0
hsa-mir-325,0.0
hsa-mir-601,0.0
hsa-mir-6780a,0.0
hsa-mir-6770-3,0.0
hsa-mir-6770-2,0.0
hsa-mir-6770-1,0.0
hsa-mir-1303,0.0
hsa-mir-1302-9,0.0
hsa-mir-1302-8,0.0
hsa-mir-1302-7,0.0
hsa-mir-1302-6,0.0
hsa-mir-1302-5,0.0
hsa-mir-1302-4,0.0
hsa-mir-3201,0.0
hsa-mir-5095,0.0
hsa-mir-5093,0.0
hsa-mir-5047,0.0
hsa-mir-5011,0.0
hsa-mir-924,0.0
hsa-mir-1302-3,0.0
hsa-mir-1302-2,0.0
hsa-mir-1302-11,0.0
hsa-mir-1302-10,0.0
hsa-mir-1302-1,0.0
hsa-mir-1299,0.0
hsa-mir-6760,0.0
hsa-mir-6759,0.0
hsa-mir-3197,0.0
hsa-mir-103b-2,0.0
hsa-mir-5007,0.0
hsa-mir-3184,0.0
hsa-mir-3180-5,0.0
hsa-mir-3180-3,0.0
hsa-mir-3180-2,0.0
hsa-mir-3180-1,0.0
hsa-mir-3179-4,0.0
hsa-mir-3179-3,0.0
hsa-mir-3179-2,0.0
hsa-mir-3179-1,0.0
hsa-mir-890,0.0
hsa-mir-8485,0.0
hsa-mir-6752,0.0
hsa-mir-6745,0.0
hsa-mir-1324,0.0
hsa-mir-1322,0.0
hsa-mir-1321,0.0
hsa-mir-3169,0.0
hsa-mir-3168,0.0
hsa-mir-3167,0.0
hsa-mir-6724-1,0.0
hsa-mir-6722,0.0
hsa-mir-6719,0.0
hsa-mir-8089,0.0
hsa-mir-8088,0.0
hsa-mir-8087,0.0
hsa-mir-8086,0.0
hsa-mir-1208,0.0
hsa-mir-6724-4,0.0
hsa-mir-6724-3,0.0
hsa-mir-6724-2,0.0
hsa-mir-1469,0.0
hsa-mir-3185,0.0
hsa-mir-663a,0.0
hsa-mir-661,0.0
hsa-mir-657,0.0
hsa-mir-1207,0.0
hsa-mir-3156-2,0.0
hsa-mir-3156-1,0.0
hsa-mir-3155b,0.0
hsa-mir-3153,0.0
hsa-mir-5197,0.0
hsa-mir-5196,0.0
hsa-mir-5195,0.0
hsa-mir-1206,0.0
hsa-mir-510,0.0
hsa-mir-5096,0.0
hsa-mir-5186,0.0
hsa-mir-515-2,0.0
hsa-mir-518f,0.0
hsa-mir-518d,0.0
hsa-mir-520h,0.0
hsa-mir-520e,0.0
hsa-mir-520d,0.0
hsa-mir-519e,0.0
hsa-mir-519d,0.0
hsa-mir-3148,0.0
hsa-mir-3147,0.0
hsa-mir-3142,0.0
hsa-mir-3141,0.0
hsa-mir-3160-2,0.0
hsa-mir-147a,0.0
hsa-mir-1471,0.0
hsa-mir-1470,0.0
hsa-mir-1205,0.0
hsa-mir-6511a-4,0.0
hsa-mir-6511a-3,0.0
hsa-mir-6511a-2,0.0
hsa-mir-6511a-1,0.0
hsa-mir-3134,0.0
hsa-mir-3133,0.0
hsa-mir-3132,0.0
hsa-mir-3125,0.0
hsa-mir-3123,0.0
hsa-mir-3122,0.0
hsa-mir-526a-2,0.0
hsa-mir-524,0.0
hsa-mir-5194,0.0
hsa-mir-5192,0.0
hsa-mir-5191,0.0
hsa-mir-5190,0.0
hsa-mir-6500,0.0
hsa-mir-650,0.0
hsa-mir-649,0.0
hsa-mir-648,0.0
hsa-mir-647,0.0
hsa-mir-646,0.0
hsa-mir-645,0.0
hsa-mir-644a,0.0
hsa-mir-548aj-2,0.0
hsa-mir-548aj-1,0.0
hsa-mir-548ae-2,0.0
hsa-mir-548ae-1,0.0
hsa-mir-3160-1,0.0
hsa-mir-3156-3,0.0
hsa-mir-1587,0.0
hsa-mir-422a,0.0
hsa-mir-1972-2,0.0
hsa-mir-6088,0.0
hsa-mir-6086,0.0
hsa-mir-6085,0.0
hsa-mir-6083,0.0
hsa-mir-6082,0.0
hsa-mir-6081,0.0
hsa-mir-6080,0.0
hsa-mir-608,0.0
hsa-mir-6079,0.0
hsa-mir-6078,0.0
hsa-mir-6077,0.0
hsa-mir-6076,0.0
hsa-mir-6075,0.0
hsa-mir-523,0.0
hsa-mir-521-2,0.0
hsa-mir-548aa-2,0.0
hsa-mir-548aa-1,0.0
hsa-mir-548a-2,0.0
hsa-mir-548a-1,0.0
hsa-mir-3135b,0.0
hsa-mir-3135a,0.0
hsa-mir-548c,0.0
hsa-mir-548bb,0.0
hsa-mir-548ax,0.0
hsa-mir-548as,0.0
hsa-mir-548ap,0.0
hsa-mir-548ao,0.0
hsa-mir-548an,0.0
hsa-mir-548am,0.0
hsa-mir-586,0.0
hsa-mir-4257,0.0
hsa-mir-1827,0.0
hsa-mir-1825,0.0
hsa-mir-640,0.0
hsa-mir-638,0.0
hsa-mir-637,0.0
hsa-mir-635,0.0
hsa-mir-634,0.0
hsa-mir-633,0.0
hsa-mir-630,0.0
hsa-mir-4256,0.0
hsa-mir-3118-3,0.0
hsa-mir-3118-2,0.0
hsa-mir-3118-1,0.0
hsa-mir-4255,0.0
hsa-mir-548ad,0.0
hsa-mir-548ac,0.0
hsa-mir-548h-2,0.0
hsa-mir-548h-1,0.0
hsa-mir-548g,0.0
hsa-mir-548f-5,0.0
hsa-mir-548f-4,0.0
hsa-mir-548f-3,0.0
hsa-mir-548f-2,0.0
hsa-mir-4253,0.0
hsa-mir-548u,0.0
hsa-mir-548p,0.0
hsa-mir-548m,0.0
hsa-mir-548i-4,0.0
hsa-mir-548i-3,0.0
hsa-mir-548i-2,0.0
hsa-mir-548i-1,0.0
hsa-mir-548ak,0.0
hsa-mir-548h-4,0.0
hsa-mir-3121,0.0
hsa-mir-3120,0.0
hsa-mir-3119-2,0.0
hsa-mir-3119-1,0.0
hsa-mir-3118-4,0.0
hsa-mir-302d,0.0
hsa-mir-302c,0.0
hsa-mir-300,0.0
hsa-mir-550b-2,0.0
hsa-mir-550b-1,0.0
hsa-mir-548z,0.0
hsa-mir-548w,0.0
hsa-mir-626,0.0
hsa-mir-623,0.0
hsa-mir-548h-3,0.0
hsa-mir-621,0.0
hsa-mir-620,0.0
hsa-mir-619,0.0
hsa-mir-617,0.0
hsa-mir-6165,0.0
hsa-mir-6134,0.0
hsa-mir-6133,0.0
hsa-mir-1972-1,0.0
hsa-mir-6131,0.0
hsa-mir-5583-1,0.0
hsa-mir-558,0.0
hsa-mir-5572,0.0
hsa-mir-557,0.0
hsa-mir-554,0.0
hsa-mir-553,0.0
hsa-mir-548h-5,0.0
hsa-mir-4252,0.0
hsa-mir-4251,0.0
hsa-mir-302f,0.0
hsa-mir-302e,0.0
hsa-mir-5688,0.0
hsa-mir-4282,0.0
hsa-mir-568,0.0
hsa-mir-567,0.0
hsa-mir-566,0.0
hsa-mir-563,0.0
hsa-mir-562,0.0
hsa-mir-5591,0.0
hsa-mir-5590,0.0
hsa-mir-5589,0.0
hsa-mir-5587,0.0
hsa-mir-622,0.0
hsa-mir-5583-2,0.0
hsa-mir-6130,0.0
hsa-mir-613,0.0
hsa-mir-6129,0.0
hsa-mir-6128,0.0
hsa-mir-6127,0.0
hsa-mir-6126,0.0
hsa-mir-6124,0.0
hsa-mir-610,0.0
hsa-mir-6090,0.0
hsa-mir-6089-2,0.0
hsa-mir-6089-1,0.0
hsa-mir-1973,0.0
hsa-mir-4281,0.0
hsa-mir-298,0.0
hsa-mir-4280,0.0
hsa-mir-297,0.0
hsa-mir-2909,0.0
hsa-mir-2861,0.0
hsa-mir-5692c-1,0.0
hsa-mir-5692b,0.0
hsa-mir-5692a-2,0.0
hsa-mir-5692a-1,0.0
hsa-mir-569,0.0
hsa-mir-5689,0.0
hsa-mir-2392,0.0
hsa-mir-5704,0.0
hsa-mir-5701-3,0.0
hsa-mir-5701-2,0.0
hsa-mir-5701-1,0.0
hsa-mir-5700,0.0
hsa-mir-5692c-2,0.0
hsa-mir-4279,0.0
hsa-mir-3974,0.0
hsa-mir-3973,0.0
hsa-mir-4278,0.0
hsa-mir-941-5,0.0
hsa-mir-941-4,0.0
hsa-mir-941-3,0.0
hsa-mir-4266,0.0
hsa-mir-4265,0.0
hsa-mir-4264,0.0
hsa-mir-4263,0.0
hsa-mir-4262,0.0
hsa-mir-4261,0.0
hsa-mir-4277,0.0
hsa-mir-587,0.0
hsa-mir-4276,0.0
hsa-mir-9500,0.0
hsa-mir-208a,0.0
hsa-mir-2054,0.0
hsa-mir-922,0.0
hsa-mir-921,0.0
hsa-mir-920,0.0
hsa-mir-1184-2,0.0
hsa-mir-1184-1,0.0
hsa-mir-1183,0.0
hsa-mir-1182,0.0
hsa-mir-3978,0.0
hsa-mir-3977,0.0
hsa-mir-941-2,0.0
hsa-mir-941-1,0.0
hsa-mir-933,0.0
hsa-mir-602,0.0
hsa-mir-1258,-0.0003045004228923364
hsa-mir-376a-1,-0.0033056388888736753
hsa-mir-3940,-0.004656465876741564
hsa-mir-140,-0.005823872095063613
hsa-mir-340,-0.005889133926641804
hsa-mir-6845,-0.007727045580982186
hsa-mir-3189,-0.007954061257739585
hsa-mir-200a,-0.011163235567713398
hsa-mir-548ai,-0.012423352539198735
hsa-mir-5010,-0.014166864651595954
hsa-mir-375,-0.015689385508146924
hsa-mir-3610,-0.0158457193028228
hsa-let-7g,-0.01848858944163394
hsa-mir-454,-0.01899152222292346
hsa-mir-4326,-0.019328064254002304
hsa-mir-99b,-0.02102369598479627
hsa-mir-627,-0.022411253302443535
hsa-mir-4666a,-0.024199103364797067
hsa-mir-4758,-0.02523399587326549
hsa-mir-767,-0.026009564975344308
hsa-mir-505,-0.02673013145192738
hsa-mir-3152,-0.02761686993617733
hsa-mir-4672,-0.029067883225860004
hsa-mir-7112,-0.030391689146080803
hsa-mir-3664,-0.03178636235022404
hsa-mir-1267,-0.03345915648376782
hsa-mir-3912,-0.03401205977328256
hsa-mir-6788,-0.036776747193355504
hsa-mir-6773,-0.03707828768516123
hsa-mir-100,-0.037507889004150814
hsa-mir-6761,-0.03912760228973359
hsa-mir-125b-1,-0.039576787024314955
hsa-mir-548ag-1,-0.041155674018204066
hsa-mir-503,-0.04377813673353963
hsa-mir-1537,-0.04526257374080289
hsa-mir-4800,-0.047519566840719604
hsa-mir-4640,-0.04905820721381658
hsa-mir-133a-1,-0.05148698706303844
hsa-mir-96,-0.052315240744340845
hsa-mir-191,-0.052739909786076754
hsa-mir-5687,-0.0546871867406432
hsa-mir-1913,-0.05527707943362627
hsa-mir-1228,-0.05777092592181905
hsa-mir-4646,-0.061269982839146586
hsa-mir-1291,-0.06205243265819114
hsa-let-7f-2,-0.06307704652729479
hsa-mir-654,-0.06315055490694631
hsa-mir-98,-0.06520952598547491
hsa-mir-130a,-0.0652448019743563
hsa-let-7f-1,-0.06582693412981803
hsa-mir-1226,-0.06934654451113723
hsa-mir-3183,-0.07024175828466446
hsa-mir-429,-0.07077033055467054
hsa-mir-4657,-0.07181917198109793
hsa-mir-449b,-0.07354010727539402
hsa-mir-125b-2,-0.0736487598731721
hsa-mir-125a,-0.07447641237206956
hsa-mir-4797,-0.07852451257134667
hsa-mir-92b,-0.07947670626115386
hsa-mir-331,-0.07960087581761076
hsa-mir-6515,-0.08049935884136179
hsa-mir-4676,-0.08098294860991301
hsa-mir-1301,-0.08099868479180035
hsa-mir-598,-0.08149635954217133
hsa-mir-664b,-0.08150237927911227
hsa-mir-548b,-0.0816400583649809
hsa-mir-3158-1,-0.08425907673707765
hsa-mir-151b,-0.08585009880380488
hsa-mir-4662b,-0.08842119610837473
hsa-mir-6737,-0.08859197765101097
hsa-mir-181a-2,-0.09034670929031151
hsa-mir-3943,-0.09314232003080555
hsa-mir-24-1,-0.09530566896971913
hsa-mir-1287,-0.09608127868830602
hsa-mir-4706,-0.0975288273445499
hsa-mir-200b,-0.09926269023906419
hsa-mir-3941,-0.09958836513888011
hsa-mir-145,-0.10062405629423042
hsa-mir-6754,-0.10387540552613819
hsa-mir-636,-0.10444622359861279
hsa-mir-24-2,-0.10569427766375908
hsa-mir-146a,-0.10593796042856556
hsa-mir-494,-0.10660871183167454
hsa-mir-550a-1,-0.10774582294327889
hsa-mir-542,-0.10800989052398287
hsa-let-7e,-0.10838136932448143
hsa-mir-6806,-0.1088328119375776
hsa-mir-6746,-0.1094853782971851
hsa-mir-133a-2,-0.11429207189212563
hsa-mir-3913-2,-0.11445987621763315
hsa-mir-3646,-0.1205978188117012
hsa-mir-181a-1,-0.12254064352922703
hsa-mir-148b,-0.12445791190676492
hsa-mir-132,-0.12988733985961393
hsa-mir-155,-0.13220059886916136
hsa-mir-329-2,-0.13408457494467088
hsa-mir-6895,-0.1369488646469136
hsa-mir-1260b,-0.1393420718624504
hsa-mir-4761,-0.13970874340384026
hsa-mir-105-2,-0.14400824729425665
hsa-mir-335,-0.14429156180740363
hsa-mir-27b,-0.14642643886876228
hsa-mir-6764,-0.14777050422134283
hsa-mir-5092,-0.14843731970750812
hsa-mir-105-1,-0.1488503568523712
hsa-mir-4802,-0.1499226747341464
hsa-mir-3677,-0.15071538832048287
hsa-mir-301b,-0.1507275437323958
hsa-mir-545,-0.15169342155434193
hsa-mir-4480,-0.1541868200440589
hsa-mir-885,-0.15681404936565446
hsa-mir-4742,-0.15936235094524318
hsa-mir-181c,-0.16071164999893592
hsa-mir-4769,-0.1635154560287717
hsa-mir-6866,-0.16361126988897484
hsa-mir-32,-0.1640189574870821
hsa-mir-6840,-0.16427415637023046
hsa-mir-6777,-0.16529449664402424
hsa-mir-339,-0.1680520397898366
hsa-mir-6821,-0.16879197788217046
hsa-mir-550a-3,-0.17106247564992252
hsa-mir-424,-0.1713467035679163
hsa-mir-4728,-0.17146179030889935
hsa-mir-374b,-0.17198562097194736
hsa-mir-6837,-0.1733544746756301
hsa-mir-26b,-0.17490656292013013
hsa-mir-4999,-0.17659501937940902
hsa-mir-4771-1,-0.18000739422951598
hsa-mir-4716,-0.18008093697746028
hsa-mir-6884,-0.18069926438725759
hsa-mir-3198-2,-0.18081331871725997
hsa-mir-151a,-0.18120890170569678
hsa-mir-181b-1,-0.18201728002556575
hsa-mir-181b-2,-0.18259914965879578
hsa-mir-101-1,-0.18508274207867043
hsa-mir-101-2,-0.1872322778756276
hsa-mir-6880,-0.18728324163662696
hsa-mir-10b,-0.1875076523683351
hsa-mir-548aw,-0.18822850215781456
hsa-mir-6503,-0.1921494203505816
hsa-mir-126,-0.19279707829992188
hsa-mir-3614,-0.19341975621264312
hsa-mir-550a-2,-0.19535018729791515
hsa-mir-765,-0.19555233141099046
hsa-mir-330,-0.19691334075382555
hsa-mir-8072,-0.19750540209527506
hsa-mir-760,-0.19809358814012035
hsa-mir-30a,-0.19814084393172174
hsa-mir-504,-0.19969856950577045
hsa-mir-2681,-0.20116988579341885
hsa-mir-6818,-0.20209791314839176
hsa-mir-7156,-0.20269193311893915
hsa-mir-5188,-0.2053479345847579
hsa-mir-3911,-0.20651906156605698
hsa-mir-4522,-0.20756496293839205
hsa-mir-585,-0.20804983102995084
hsa-mir-3611,-0.20870459459195168
hsa-mir-369,-0.20882326713284458
hsa-mir-6852,-0.2103203713961687
hsa-mir-6894,-0.2134908558622588
hsa-mir-425,-0.2185074674158206
hsa-mir-642b,-0.22007248610782593
hsa-mir-376b,-0.22345824308909532
hsa-mir-27a,-0.22448951659605104
hsa-mir-939,-0.22454498890651958
hsa-mir-5585,-0.22505423509813238
hsa-mir-3619,-0.22514947262302698
hsa-mir-3129,-0.2264616991844434
hsa-mir-6792,-0.2279836670664562
hsa-mir-34a,-0.2308497168878115
hsa-mir-1468,-0.23331698062965353
hsa-mir-3174,-0.23422616673773985
hsa-mir-4789,-0.23903587071705049
hsa-mir-182,-0.24154798143715053
hsa-mir-106b,-0.24235763243697978
hsa-mir-5009,-0.24241839813444147
hsa-mir-6832,-0.2434609729950394
hsa-mir-95,-0.24370719504445365
hsa-mir-3913-1,-0.24498682404929148
hsa-mir-378d-1,-0.24563217917447558
hsa-mir-411,-0.24665891436652623
hsa-mir-3910-2,-0.2468663065506103
hsa-mir-376c,-0.24933854564130165
hsa-mir-4482,-0.24953295448350854
hsa-mir-378f,-0.24966861287025494
hsa-mir-5193,-0.2502930059244687
hsa-mir-658,-0.25265962221014515
hsa-mir-3137,-0.25690565613330013
hsa-mir-4637,-0.25713507576774164
hsa-mir-6839,-0.2585345083943978
hsa-mir-301a,-0.2594464569328173
hsa-mir-323b,-0.2604883258575555
hsa-mir-4536-1,-0.26465560351838335
hsa-mir-615,-0.26651203979264326
hsa-mir-29c,-0.26840702121355026
hsa-mir-4741,-0.269104399986044
hsa-mir-676,-0.2723911417612648
hsa-mir-29a,-0.27573578148583716
hsa-mir-6847,-0.27657241893082163
hsa-mir-320a,-0.280251328115592
hsa-mir-3652,-0.2804879728985378
hsa-mir-7703,-0.2816219442657986
hsa-mir-34c,-0.28798447874315997
hsa-mir-6763,-0.2893928085484125
hsa-mir-4699,-0.2929964918439026
hsa-mir-6836,-0.2930506750425354
hsa-mir-5571,-0.2936787413618684
hsa-mir-3165,-0.296363569754989
hsa-mir-6858,-0.29842568694860205
hsa-mir-33b,-0.2984565821571839
hsa-mir-1257,-0.3058781069663142
hsa-mir-4680,-0.31021767218904966
hsa-mir-6874,-0.3108679335228309
hsa-mir-3064,-0.3168841102779595
hsa-mir-4760,-0.3185305251944666
hsa-mir-133b,-0.3230661166946231
hsa-mir-99a,-0.32337821001241074
hsa-mir-3143,-0.32770684877223855
hsa-mir-377,-0.3280952338989304
hsa-mir-4670,-0.32910107607407857
hsa-mir-6733,-0.3300741071613613
hsa-mir-4685,-0.33244098542208367
hsa-mir-5002,-0.335166437187942
hsa-mir-5187,-0.3367174605803338
hsa-mir-4494,-0.3372691309805168
hsa-mir-6877,-0.33779301036686693
hsa-mir-6516,-0.33950485350368803
hsa-mir-548d-2,-0.3397770090324213
hsa-mir-3926-2,-0.34042593320744646
hsa-mir-30d,-0.35005982885482084
hsa-let-7c,-0.3525750927362047
hsa-mir-6833,-0.3539507914541857
hsa-mir-4767,-0.36144912250230915
hsa-mir-6728,-0.36475255615365226
hsa-mir-26a-1,-0.36724162153860196
hsa-mir-4528,-0.36950538487347834
hsa-mir-26a-2,-0.3699944001688934
hsa-mir-6848,-0.3709820311592776
hsa-mir-218-2,-0.3740481046876365
hsa-mir-7851,-0.37804896024086987
hsa-mir-20b,-0.37891878350880837
hsa-mir-183,-0.38291019260004416
hsa-mir-6513,-0.3908335614701094
hsa-mir-1910,-0.392504478990026
hsa-mir-6808,-0.39473082624212374
hsa-mir-4523,-0.39557049445399306
hsa-mir-4444-2,-0.4038791210755246
hsa-mir-6798,-0.406655204932396
hsa-mir-218-1,-0.40712382433179634
hsa-mir-18b,-0.407547445169301
hsa-mir-3689f,-0.40822408719763775
hsa-mir-4519,-0.41015305902153887
hsa-mir-564,-0.42280547277020963
hsa-mir-5003,-0.4233808469940928
hsa-mir-4771-2,-0.427202083419849
hsa-mir-363,-0.4276794554898244
hsa-mir-1185-2,-0.42921369900907735
hsa-mir-6861,-0.42925309243573334
hsa-mir-4697,-0.43282363201012575
hsa-mir-190b,-0.43706607480000287
hsa-mir-6842,-0.437601927942693
hsa-mir-33a,-0.43832300085775505
hsa-mir-3178,-0.44280453937451153
hsa-mir-3936,-0.4467599827611662
hsa-mir-935,-0.4470267335276087
hsa-mir-6805,-0.44752288027747905
hsa-mir-4751,-0.45287779562855995
hsa-mir-6797,-0.45321031211289764
hsa-mir-4687,-0.45345979337097875
hsa-mir-346,-0.45974231317607755
hsa-mir-1-2,-0.4618911281628305
hsa-mir-147b,-0.46378491373930253
hsa-mir-4533,-0.4647911448652809
hsa-mir-4700,-0.464970309650735
hsa-mir-212,-0.4679194380366433
hsa-mir-1247,-0.4697103745833938
hsa-mir-6758,-0.4709553961345054
hsa-mir-326,-0.47154827428015755
hsa-mir-641,-0.47193175733229814
hsa-mir-135a-2,-0.4725510473879733
hsa-mir-7110,-0.4778167127218556
hsa-mir-3925,-0.4815205299026151
hsa-mir-3617,-0.4816324538070195
hsa-mir-4489,-0.49048247318037047
hsa-mir-6747,-0.4912670289830373
hsa-mir-3198-1,-0.49127128831493916
hsa-mir-497,-0.494064810685382
hsa-mir-4502,-0.49813655523926337
hsa-mir-1-1,-0.5076116793490881
hsa-mir-6869,-0.5077789464947685
hsa-mir-551a,-0.5082728290194418
hsa-mir-7106,-0.5126232804082151
hsa-mir-23c,-0.5129197764909709
hsa-mir-4674,-0.5157913362700114
hsa-mir-5694,-0.5163698517575356
hsa-mir-320b-1,-0.5192094667729419
hsa-mir-5693,-0.5228836573272185
hsa-mir-6813,-0.5236858251419798
hsa-mir-7848,-0.5248593132871573
hsa-mir-134,-0.5257328199687917
hsa-mir-656,-0.5322268391709424
hsa-mir-345,-0.5352656582283438
hsa-mir-449a,-0.5430247440072089
hsa-mir-3186,-0.5513322000573329
hsa-mir-3609,-0.5602967454004213
hsa-mir-4667,-0.5714325163140418
hsa-mir-3139,-0.573549457542561
hsa-mir-10a,-0.5745372986254311
hsa-mir-139,-0.5750373437861288
hsa-mir-1289-1,-0.5818883729394404
hsa-mir-4717,-0.5819469141116558
hsa-mir-1237,-0.5891170227129289
hsa-mir-3163,-0.5917435502145618
hsa-mir-548q,-0.5922993582534787
hsa-mir-4753,-0.5960922907215462
hsa-mir-943,-0.599146738727059
hsa-mir-143,-0.6021526017928871
hsa-mir-195,-0.6111369706972123
hsa-mir-541,-0.6152968730322651
hsa-mir-938,-0.6193178134283148
hsa-mir-7114,-0.6213925294996293
hsa-mir-7845,-0.622420237229475
hsa-mir-3916,-0.6242896737176645
hsa-mir-187,-0.6243991379944585
hsa-mir-3202-2,-0.6245213633865584
hsa-mir-4443,-0.6262035698818701
hsa-mir-4507,-0.6292447530493573
hsa-mir-3124,-0.6304197394531054
hsa-mir-5090,-0.6309455970951996
hsa-mir-6855,-0.6312221005087454
hsa-mir-5094,-0.6357275033625781
hsa-mir-937,-0.6366514530828613
hsa-mir-6125,-0.6376386342167124
hsa-mir-6860,-0.6413598667252537
hsa-mir-30b,-0.6443980692672233
hsa-mir-3126,-0.6448478273376331
hsa-mir-6825,-0.6522086797414182
hsa-mir-4747,-0.6650703864876139
hsa-mir-3945,-0.6660884240805279
hsa-mir-6768,-0.6738918032939416
hsa-mir-3939,-0.6834252461286645
hsa-mir-5087,-0.685413740404694
hsa-mir-6729,-0.6858909030881204
hsa-mir-6504,-0.6902040327543336
hsa-mir-6865,-0.7125238182904287
hsa-mir-2115,-0.7233784767896875
hsa-mir-6809,-0.7265422141079255
hsa-mir-376a-2,-0.737303573749754
hsa-mir-3182,-0.7391176914161185
hsa-mir-4515,-0.7448878549555102
hsa-mir-6814,-0.7488527931606324
hsa-mir-4434,-0.7601867798685334
hsa-mir-4745,-0.7605492097357419
hsa-mir-548al,-0.7679650417949417
hsa-mir-6890,-0.7725621580445864
hsa-mir-578,-0.7743793380630326
hsa-mir-555,-0.7745439561305055
hsa-mir-6799,-0.7811574198772367
hsa-mir-4446,-0.7955996119842424
hsa-mir-4484,-0.7978072310024414
hsa-mir-6891,-0.7998575757591617
hsa-mir-217,-0.8049448561183365
hsa-mir-3654,-0.8096827444287997
hsa-mir-5697,-0.8104934128179995
hsa-mir-3166,-0.8112632544740987
hsa-mir-3187,-0.8129537293624618
hsa-mir-4643,-0.8141710150998146
hsa-mir-1273h,-0.824139663713446
hsa-mir-4736,-0.8256776834422376
hsa-mir-4673,-0.8260519369321843
hsa-mir-4738,-0.837047250508785
hsa-mir-4641,-0.8399004908619734
hsa-mir-320b-2,-0.8402283778180625
hsa-mir-6774,-0.8453211844950334
hsa-mir-1273c,-0.8579691731616714
hsa-mir-4740,-0.8653609915710502
hsa-mir-6824,-0.8814511740487176
hsa-mir-4310,-0.8852786752488443
hsa-mir-4684,-0.8926340518236542
hsa-mir-548t,-0.9011643914718096
hsa-mir-6132,-0.9013953050591936
hsa-mir-6850,-0.904063363365021
hsa-mir-4793,-0.9061967419794673
hsa-mir-6784,-0.9149371040557517
hsa-mir-1250,-0.9225150328265286
hsa-mir-433,-0.9286631992181165
hsa-mir-675,-0.9306464193655914
hsa-mir-6826,-0.9479132563690256
hsa-mir-6889,-0.9512959213648293
hsa-mir-6870,-0.9538619228514912
hsa-mir-4726,-0.9591136365038903
hsa-mir-876,-0.9650945865417799
hsa-mir-216a,-0.9671934255423162
hsa-mir-3171,-0.9741389898211271
hsa-mir-31,-0.9760408233637456
hsa-mir-1231,-0.9775027124576271
hsa-mir-4721,-0.9827848071695596
hsa-mir-4691,-0.9981229765280255
hsa-mir-6807,-1.010285921806944
hsa-mir-6756,-1.0104132836223565
hsa-mir-184,-1.0184419127621422
hsa-mir-4419b,-1.028223024627233
hsa-mir-548ah,-1.0282259401899594
hsa-mir-6506,-1.040400407131803
hsa-mir-4715,-1.0455992818684583
hsa-mir-548ar,-1.054174579145365
hsa-mir-6838,-1.0598711625121007
hsa-mir-4710,-1.0762970850131044
hsa-mir-6879,-1.0816889664160718
hsa-mir-4478,-1.0892939792358909
hsa-mir-3162,-1.0916631278071194
hsa-mir-1286,-1.0999516513010898
hsa-mir-4511,-1.1051370734307362
hsa-mir-4457,-1.1101283850066537
hsa-mir-4804,-1.1258733306726454
hsa-mir-3175,-1.1267697379067654
hsa-mir-7161,-1.1383200672565372
hsa-mir-6878,-1.1384649819440928
hsa-mir-4733,-1.1487916612575133
hsa-mir-7108,-1.1545960843778795
hsa-mir-3650,-1.1643312324455837
hsa-mir-3115,-1.1693438387604251
hsa-mir-1909,-1.1699154876103735
hsa-mir-6775,-1.1730285253116053
hsa-mir-548av,-1.2151345127625632
hsa-mir-6507,-1.2204029304831367
hsa-mir-4422,-1.2242439696991878
hsa-mir-3181,-1.2243827576443445
hsa-mir-4537,-1.2261719926555417
hsa-mir-3921,-1.2621353919826066
hsa-mir-4770,-1.2672668528260715
hsa-mir-6817,-1.2710572392745791
hsa-mir-4527,-1.3064945197439193
hsa-mir-4679-2,-1.3243931539489389
hsa-mir-6886,-1.336070941042019
hsa-mir-6846,-1.338033048837481
hsa-mir-873,-1.3455719360529363
hsa-mir-770,-1.3635412550541874
hsa-mir-4681,-1.377451009058361
hsa-mir-4490,-1.3792333413369056
hsa-mir-216b,-1.3805203429413335
hsa-mir-6732,-1.387837578046365
hsa-mir-4695,-1.3904525521146598
hsa-mir-7113,-1.4069741957372306
hsa-mir-6718,-1.4100826503310204
hsa-mir-4682,-1.4101357410579807
hsa-mir-7849,-1.4188557869799898
hsa-mir-4749,-1.4408644007261848
hsa-mir-4730,-1.4424301364131003
hsa-mir-4530,-1.4490512788599588
hsa-mir-483,-1.450747053468169
hsa-mir-6765,-1.4513284004069562
hsa-mir-1539,-1.4720285875230772
hsa-mir-4501,-1.48323337459645
hsa-mir-4284,-1.5061618380418522
hsa-mir-4470,-1.542210773479057
hsa-mir-4648,-1.5597533440410032
hsa-mir-548ay,-1.5859028418728671
hsa-mir-4254,-1.5922899979883842
hsa-mir-4799,-1.611367834650928
hsa-mir-7111,-1.622359219765539
hsa-mir-4492,-1.6244833603888882
hsa-mir-4729,-1.6565495147350726
hsa-mir-6893,-1.6577857130903948
hsa-mir-548ab,-1.6991550296603724
hsa-mir-6872,-1.7459551042539125
hsa-mir-302a,-1.7948937540331678
hsa-mir-135a-1,-1.7991651771084347
hsa-mir-609,-1.9198708243910796
hsa-mir-7843,-1.9426940915084348
hsa-mir-1178,-1.9687376562978236
hsa-mir-4421,-2.0131199584881183
hsa-mir-5004,-2.0818928015848677
hsa-mir-6073,-2.124486680123853
hsa-mir-3683,-2.139784912085373
hsa-mir-208b,-2.2065110925899085
hsa-mir-7160,-2.237542416327738
hsa-mir-1265,-2.2599578592942007
hsa-mir-302b,-2.351205302472913
hsa-mir-3202-1,-2.3695457346039257
hsa-mir-5681a,-2.379059575557668
hsa-mir-1289-2,-2.413170743479715
hsa-mir-4439,-2.7627954219803366
hsa-mir-4510,-2.7777893450225486
hsa-mir-663b,-2.8551766386696893
hsa-mir-3937,-2.9108669622770025
hsa-mir-8085,-2.9922250576682874
hsa-mir-1282,-3.6256302717664433
hsa-mir-3907,-3.888020490709935
hsa-mir-631,-4.13723984713048
hsa-mir-4663,-6.025543359994316
hsa-mir-571,-6.052735436270935
