Feature,Score
stage,118.58519934462075
hsa-mir-571,71.19097745683115
hsa-mir-4663,38.3567040932429
hsa-mir-3973,34.193548387096754
hsa-mir-8082,34.193548387096754
hsa-mir-451b,18.50816871353489
hsa-mir-4300,18.0289382106204
hsa-mir-631,13.97939993169274
hsa-mir-1253,12.856372527064678
hsa-mir-6071,11.121702370484675
hsa-mir-4460,10.296171624566984
hsa-mir-3907,9.154019886605338
hsa-mir-4468,9.1384784754613
hsa-mir-591,9.049967247223655
hsa-mir-3683,8.787023691243544
hsa-mir-1282,7.9412078689302055
hsa-mir-891a,7.921378362228949
hsa-mir-936,7.7398972531396275
hsa-mir-6719,7.738202091973041
hsa-mir-4508,7.683884048709157
hsa-mir-575,7.672772249196821
hsa-mir-548c,7.368835878038257
hsa-mir-4450,6.463761966667059
hsa-mir-6835,6.189887377698822
hsa-mir-4488,5.719941846198406
hsa-mir-1272,5.453687255215568
hsa-mir-647,5.249451247903535
hsa-mir-6083,5.234285714285734
hsa-mir-367,5.234285714285734
hsa-mir-3972,5.234285714285734
hsa-mir-921,5.234285714285734
hsa-mir-4264,5.234285714285734
hsa-mir-6127,5.234285714285734
hsa-mir-4418,5.234285714285734
hsa-mir-6090,5.234285714285734
hsa-mir-4302,5.234285714285734
hsa-mir-1299,5.234285714285734
hsa-mir-1972-1,5.234285714285734
hsa-mir-4440,5.2342857142857335
hsa-mir-3665,5.2342857142857335
hsa-mir-3686,5.106335274384411
hsa-mir-1539,5.019428685987438
hsa-mir-4776-2,4.676144238371229
hsa-mir-661,4.655281712004372
hsa-mir-888,4.513682231576536
hsa-mir-6088,4.508029782579815
hsa-mir-7107,4.476407880198567
hsa-mir-6864,4.341823367946005
hsa-mir-6077,4.198444452748607
hsa-mir-3196,4.1071373668618865
hsa-mir-6770-3,4.10260928122077
hsa-mir-5704,4.006648720235084
hsa-mir-6165,4.00543334404509
hsa-mir-3937,3.975816219315278
hsa-mir-4735,3.948821536125456
hsa-mir-6084,3.9357704433183054
hsa-mir-8085,3.908381005354162
hsa-mir-3688-1,3.874658182102212
hsa-mir-6859-4,3.8250472350587406
hsa-mir-578,3.823148039617299
hsa-mir-4666b,3.811345682233939
hsa-mir-6076,3.801402618492735
hsa-mir-890,3.7713677219184807
hsa-mir-6841,3.7599943308715553
hsa-mir-6889,3.74671435199076
hsa-mir-1825,3.7276504409482376
hsa-mir-8083,3.7196466242313444
hsa-mir-4320,3.663696096188698
hsa-mir-548ax,3.4598379050607075
hsa-mir-6080,3.428149921173215
hsa-mir-3155b,3.3678930417916604
hsa-mir-6768,3.3441275186540143
hsa-mir-4737,3.2919529361219233
hsa-mir-3165,3.282214671901143
hsa-mir-4516,3.2173359936679007
hsa-mir-4720,3.2079106497279035
hsa-mir-5681a,3.140405148364634
hsa-mir-4462,3.1260295426731095
hsa-mir-548w,3.096031060387921
hsa-mir-4503,3.0706808726556765
hsa-mir-4779,3.064962256394664
hsa-mir-4471,3.0610930637800244
hsa-mir-6765,3.010814071955222
hsa-mir-4722,2.9355123907920406
hsa-mir-4512,2.9264452997909274
hsa-mir-4448,2.899533958132049
hsa-mir-3142,2.895567300741
hsa-mir-5700,2.8870906130567335
hsa-mir-8079,2.882169154651115
hsa-mir-4492,2.871360577056451
hsa-mir-617,2.8526100422066194
hsa-mir-4428,2.837463278539202
hsa-mir-4642,2.8327443697383754
hsa-mir-4436a,2.7918902634460587
hsa-mir-548as,2.787010827564027
hsa-mir-1265,2.771531271832016
hsa-mir-323a,2.761571065651123
hsa-mir-7849,2.6562682994612503
hsa-mir-6831,2.641113354269293
hsa-mir-5591,2.6267005559272234
hsa-mir-3661,2.6211433760813696
hsa-mir-1269b,2.612703825750894
hsa-mir-4695,2.5974299922384585
hsa-mir-548ak,2.5961973687803863
hsa-mir-323b,2.584562662637588
hsa-mir-6866,2.5768857967456498
hsa-mir-1184-1,2.5422077922078063
hsa-mir-3689d-1,2.5422077922078063
hsa-mir-1184-3,2.5422077922078063
hsa-mir-4535,2.5422077922078063
hsa-mir-4317,2.5422077922078063
hsa-mir-5186,2.5422077922078063
hsa-mir-4441,2.5422077922078063
hsa-mir-1469,2.5422077922078063
hsa-mir-4459,2.5422077922078063
hsa-mir-548f-5,2.5422077922078063
hsa-mir-548h-5,2.5422077922078063
hsa-mir-4276,2.5422077922078063
hsa-mir-4278,2.5422077922078063
hsa-mir-2909,2.5422077922078063
hsa-mir-6131,2.5422077922078063
hsa-mir-4776-1,2.536832422863001
hsa-mir-4435-2,2.526279916622232
hsa-mir-4651,2.524180529560566
hsa-mir-4697,2.520095134341968
hsa-mir-4315-2,2.519936179061906
hsa-mir-3120,2.5112901736306066
hsa-mir-3650,2.509810305425438
hsa-mir-6130,2.50726173237111
hsa-mir-548ah,2.4926775294438333
hsa-mir-302c,2.4749537177569145
hsa-mir-5196,2.4740828190798325
hsa-mir-378j,2.458289488629607
hsa-mir-1184-2,2.454726344442058
hsa-mir-4504,2.451119783231469
hsa-mir-802,2.4507700513542163
hsa-mir-4752,2.4373747076055867
hsa-mir-6504,2.4042248505975747
hsa-mir-4698,2.3927399880836866
hsa-mir-8075,2.3880745352431743
hsa-mir-548ay,2.383662228450828
hsa-mir-4493,2.3552687573532363
hsa-mir-4489,2.340279986392718
hsa-mir-8066,2.334938375193923
hsa-mir-6823,2.3314482021075436
hsa-mir-8052,2.3295407344366934
hsa-mir-3133,2.3264128144024765
hsa-mir-3689c,2.3223737315783373
hsa-mir-6500,2.315266751887001
hsa-mir-5583-1,2.284472785244564
hsa-mir-1285-1,2.2767987264227445
hsa-mir-718,2.272924286620288
hsa-mir-892a,2.268045029495188
hsa-mir-711,2.2540951281877817
hsa-mir-892b,2.252123422601919
hsa-mir-6869,2.24002969017024
hsa-mir-3119-2,2.232377434180802
hsa-mir-5011,2.2272643956371714
hsa-mir-6872,2.175082790575122
hsa-mir-941-1,2.1613449152805546
hsa-mir-6796,2.1584750698552138
hsa-mir-3128,2.144235130815898
hsa-mir-3121,2.134748109131178
hsa-mir-6873,2.120890964776927
hsa-mir-563,2.1150121251816394
hsa-mir-5584,2.10792665583271
hsa-mir-5702,2.1009591179082627
hsa-mir-663a,2.086375435541119
hsa-mir-1193,2.0861995807744687
hsa-mir-1267,2.0839477266942117
hsa-mir-3167,2.0820305403512123
hsa-mir-4655,2.078770288425357
hsa-mir-593,2.0784099472572297
hsa-mir-147a,2.076609671818044
hsa-mir-6722,2.06856458055634
hsa-mir-1289-2,2.051214844874654
hsa-mir-489,2.0401402224523846
hsa-mir-5694,2.037403239509501
hsa-mir-4525,2.028656746249102
hsa-mir-5691,2.026963366732131
hsa-mir-1178,2.019324085184379
hsa-mir-187,2.012018529405707
hsa-mir-3927,2.0093100307634053
hsa-mir-4666a,2.0016342790415047
hsa-mir-378f,1.9923003308103526
hsa-mir-3915,1.9894025816480556
hsa-mir-3180-2,1.9882051004986758
hsa-mir-603,1.9875044057545264
hsa-mir-137,1.9796150948884366
hsa-mir-1297,1.9676949990197476
hsa-mir-4712,1.9671591018121068
hsa-mir-1281,1.966472356861553
hsa-mir-6766,1.947884253174338
hsa-mir-6740,1.9396024676340096
hsa-mir-6826,1.9338060242644857
hsa-mir-4773-1,1.9285971499340966
hsa-mir-4694,1.9269219768955541
hsa-mir-4726,1.9240441497361536
hsa-mir-5587,1.923157134079783
hsa-mir-4730,1.9139521431327224
hsa-mir-4520-1,1.8981175028236121
hsa-mir-876,1.8913215404171426
hsa-mir-372,1.8897603774355805
hsa-mir-548u,1.8861723652477091
hsa-mir-449b,1.8626134329462118
hsa-mir-1302-3,1.8624427515611361
hsa-mir-378e,1.861842620901655
hsa-mir-3921,1.8591024497591782
hsa-mir-4749,1.848996023652266
hsa-mir-548m,1.8482809439403325
hsa-mir-1207,1.8443568649903925
hsa-mir-668,1.8360335398931737
hsa-mir-548ab,1.835121540110463
hsa-mir-7853,1.8338650048035543
hsa-mir-5692a-1,1.832483729360722
hsa-mir-4426,1.832324453347637
hsa-mir-3202-1,1.8307976444328453
hsa-mir-6801,1.8215772823720027
hsa-mir-4804,1.804437367745676
hsa-mir-7113,1.8019746492422533
hsa-mir-630,1.7968218063172503
hsa-mir-922,1.7855968536062443
hsa-mir-4435-1,1.7776525259596978
hsa-mir-4682,1.755707749451988
hsa-mir-1278,1.7461076816174912
hsa-mir-4650-1,1.7441414336616394
hsa-mir-4310,1.741585325916707
hsa-mir-761,1.7399368215885958
hsa-mir-3149,1.7385693687697399
hsa-mir-4690,1.738127386364063
hsa-mir-6073,1.7315266443904052
hsa-mir-4790,1.7307514157268142
hsa-mir-554,1.7262504595185673
hsa-mir-449c,1.7230451523686359
hsa-mir-891b,1.7210693182076895
hsa-mir-541,1.7201915909438468
hsa-mir-6745,1.718201637582308
hsa-mir-548ag-1,1.7167452096775553
hsa-mir-5093,1.7118112926208675
hsa-mir-4510,1.7097839968632917
hsa-mir-4721,1.7058241293826306
hsa-mir-770,1.696812886679202
hsa-mir-3180-5,1.6959974142348808
hsa-mir-548ac,1.6939470782673471
hsa-mir-373,1.6872513405782228
hsa-mir-892c,1.685107683290196
hsa-mir-663b,1.6843059812649441
hsa-mir-3141,1.6786742784091813
hsa-mir-4417,1.6693185263488244
hsa-mir-3941,1.6685095952308258
hsa-mir-3180-4,1.6680621064134116
hsa-mir-3668,1.647988378751519
hsa-mir-4470,1.645990989933785
hsa-mir-6759,1.6442985257058367
hsa-mir-6087,1.6410573273357547
hsa-mir-4461,1.6349613303137773
hsa-mir-5004,1.6285596122012977
hsa-mir-3688-2,1.6279351417961476
hsa-mir-875,1.625828416571428
hsa-mir-550b-1,1.621119209085712
hsa-mir-4681,1.618571981409617
hsa-mir-4673,1.5994427582248516
hsa-mir-371a,1.5959545911557227
hsa-mir-4254,1.5952955917522398
hsa-mir-4263,1.5950190411258618
hsa-mir-3159,1.5942232410763268
hsa-mir-3184,1.5924867886744047
hsa-mir-2682,1.5891312068857684
hsa-mir-1268b,1.587988858048738
hsa-mir-4794,1.5796336551235575
hsa-mir-6770-2,1.5720739728267934
hsa-mir-4773-2,1.5707521224215375
hsa-mir-3689e,1.561203281626293
hsa-mir-7856,1.55597770445775
hsa-mir-599,1.5515850400300537
hsa-mir-3181,1.5492390771455677
hsa-mir-3199-1,1.5415024733031748
hsa-mir-3126,1.539781383350435
hsa-mir-380,1.5393958507251864
hsa-mir-6751,1.5230408054312634
hsa-mir-449a,1.5056589683670296
hsa-mir-4765,1.5031674680447646
hsa-mir-548at,1.5028308596820612
hsa-mir-4679-1,1.50168229719352
hsa-mir-378b,1.500469471480441
hsa-mir-6848,1.499696792963845
hsa-mir-933,1.4961262183603679
hsa-mir-3131,1.4945780983703116
hsa-mir-6736,1.4900515826935798
hsa-mir-3166,1.4866192076626092
hsa-mir-3182,1.4819052238853745
hsa-mir-4729,1.4670366389860385
hsa-mir-6862-2,1.464049854280436
hsa-mir-6862-1,1.4533885512079552
hsa-mir-675,1.4491240705264032
hsa-mir-4439,1.4426659559791335
hsa-mir-4446,1.440890862157719
hsa-mir-4421,1.44036168113113
hsa-mir-516a-1,1.4373860538694134
hsa-mir-544a,1.4266777099125856
hsa-mir-4675,1.4248715853435756
hsa-mir-4733,1.4224656172248489
hsa-mir-3680-2,1.4192730087155447
hsa-mir-2467,1.4167707775755194
hsa-mir-3910-1,1.414747660377454
hsa-mir-1827,1.4104791140361896
hsa-mir-6717,1.4071041833336095
hsa-mir-4711,1.401475014431537
hsa-mir-548ao,1.3991310925413558
hsa-mir-202,1.3979151951843969
hsa-mir-466,1.3932835365809282
hsa-mir-4520-2,1.3887419799455158
hsa-mir-3939,1.3822708958912024
hsa-mir-6126,1.3817651529899266
hsa-mir-6785,1.3792412126397435
hsa-mir-4692,1.3702718740635849
hsa-mir-6855,1.3606443101607166
hsa-mir-513a-1,1.3559338950303108
hsa-mir-4419b,1.3516463814570179
hsa-mir-516a-2,1.3429416265501646
hsa-mir-653,1.3420412425253696
hsa-mir-889,1.3408577929772518
hsa-mir-3692,1.3387416203345355
hsa-mir-5195,1.3382442459647486
hsa-mir-5094,1.334519861013754
hsa-mir-7111,1.3283652619179835
hsa-mir-5690,1.3261574243906553
hsa-mir-4688,1.3228239147429683
hsa-mir-7158,1.3138515100414474
hsa-mir-4774,1.312119131147697
hsa-mir-548f-4,1.3106820258844794
hsa-mir-5692c-2,1.3086954320940354
hsa-mir-378h,1.3060040198731044
hsa-mir-8073,1.3022272359123894
hsa-mir-3177,1.3005224758197569
hsa-mir-1204,1.2997148356710881
hsa-mir-329-1,1.2977664384706953
hsa-mir-3125,1.2967957006134498
hsa-mir-6513,1.295535130744207
hsa-mir-409,1.2950683750055103
hsa-mir-3175,1.2833994564182596
hsa-mir-638,1.2816943361014026
hsa-mir-3143,1.280253118264972
hsa-mir-3680-1,1.2798894225113013
hsa-mir-606,1.2796268225553062
hsa-mir-3197,1.276223887146275
hsa-mir-3122,1.276095256537098
hsa-mir-378g,1.2752041105662302
hsa-mir-4464,1.2686960637635196
hsa-mir-1264,1.2675544792100681
hsa-mir-3924,1.2662638407330693
hsa-mir-376a-2,1.266007515939745
hsa-mir-4327,1.2640409802845582
hsa-mir-4284,1.2635161327599702
hsa-mir-6849,1.2626633498164788
hsa-mir-493,1.2611326817065862
hsa-mir-499b,1.2559216393147936
hsa-mir-3689b,1.2551889837808679
hsa-mir-4736,1.2532565962060194
hsa-mir-4289,1.251252636589757
hsa-mir-5703,1.248807118663208
hsa-mir-520e,1.2450992716898146
hsa-mir-642b,1.2405546578408262
hsa-mir-6863,1.2343217826568067
hsa-mir-548t,1.2337368152276451
hsa-mir-548au,1.231051447954978
hsa-mir-6750,1.2261321670185736
hsa-mir-601,1.2199400102797426
hsa-mir-526b,1.216600339989523
hsa-mir-6790,1.2163847934031669
hsa-mir-548x,1.2134820248526308
hsa-mir-4648,1.2103128593170362
hsa-mir-4537,1.2095505829378868
hsa-mir-4719,1.2092961327961085
hsa-mir-422a,1.2060148674856754
hsa-mir-3146,1.1957593801238646
hsa-mir-4308,1.1909126345933252
hsa-mir-657,1.1904337619102943
hsa-mir-6893,1.1888093524532637
hsa-mir-6081,1.187056777638554
hsa-mir-3150b,1.1864159634662004
hsa-mir-514b,1.1863402529499758
hsa-mir-4764,1.1854090038237992
hsa-mir-548ad,1.1840048362275095
hsa-mir-6811,1.1838730837211664
hsa-mir-4523,1.1801817333378497
hsa-mir-4656,1.1800437258989918
hsa-mir-650,1.1751756816613288
hsa-mir-5192,1.1749293847727202
hsa-mir-6506,1.1739459332923647
hsa-mir-410,1.172910514141881
hsa-mir-7977,1.171315973977843
hsa-mir-612,1.1700372975665532
hsa-mir-4782,1.1698773344027762
hsa-mir-4321,1.1693486793461685
hsa-mir-6775,1.1684870713624622
hsa-mir-548az,1.1662378151742918
hsa-mir-2113,1.1639997497131511
hsa-mir-4710,1.1622704014677185
hsa-mir-519b,1.154304096471298
hsa-mir-3168,1.1541576093350443
hsa-mir-4678,1.153226020345126
hsa-mir-4734,1.1526996747860936
hsa-mir-6861,1.152036619777227
hsa-mir-548ag-2,1.1510744155293793
hsa-mir-3938,1.1489972409573752
hsa-mir-512-1,1.1417567690340116
hsa-mir-31,1.140915568464403
hsa-mir-4487,1.1402662249732534
hsa-mir-1289-1,1.1401133551457052
hsa-mir-644a,1.136084967512527
hsa-mir-4780,1.1349256910353207
hsa-mir-6817,1.1341148935029584
hsa-mir-6787,1.1303524555033932
hsa-mir-4747,1.1290323299411702
hsa-mir-3658,1.1280332162234343
hsa-mir-512-2,1.1267680969776641
hsa-mir-539,1.1212235597968856
hsa-mir-3622b,1.1183773073381233
hsa-mir-4457,1.1180081482394943
hsa-mir-5585,1.1172632748906552
hsa-mir-4703,1.1157032271705356
hsa-mir-412,1.107683258565305
hsa-mir-4639,1.1071977936993465
hsa-mir-3185,1.0989217345309756
hsa-mir-7843,1.092633936346727
hsa-mir-3914-1,1.0884930921981253
hsa-mir-527,1.0878514505403003
hsa-mir-521-2,1.0875932637635208
hsa-mir-640,1.0869464415791081
hsa-mir-6795,1.0852261384748418
hsa-mir-5190,1.0847016941472556
hsa-mir-3186,1.0840502839945032
hsa-mir-6738,1.0801735057127366
hsa-mir-7845,1.0800066100357646
hsa-mir-6757,1.0752492073147586
hsa-mir-302d,1.0748204973482354
hsa-mir-4526,1.0744576860466037
hsa-mir-6767,1.0743514885702736
hsa-mir-1298,1.0733874018869747
hsa-mir-6878,1.0697448117550912
hsa-mir-662,1.068688233402275
hsa-mir-5681b,1.0661880921665499
hsa-mir-1914,1.066038764343048
hsa-mir-7974,1.0646798522829701
hsa-mir-4279,1.060548178712557
hsa-mir-135a-1,1.0602296745716182
hsa-mir-147b,1.0591081469675079
hsa-mir-1244-1,1.0582753573567696
hsa-mir-6718,1.0575169895705465
hsa-mir-5697,1.0558454868427938
hsa-mir-4536-1,1.047080998190157
hsa-mir-5087,1.0463687100947798
hsa-mir-376a-1,1.0461602450842613
hsa-mir-548k,1.0450709901419017
hsa-mir-518a-2,1.0447615471057363
hsa-mir-1285-2,1.043908260398998
hsa-mir-6819,1.043676860693905
hsa-mir-3685,1.0428214142996834
hsa-mir-4427,1.0344644726669587
hsa-mir-3139,1.033585281588864
hsa-mir-4652,1.0325341973037905
hsa-mir-4799,1.031949181339062
hsa-mir-6815,1.0287915406867651
hsa-mir-6807,1.0278430300537869
hsa-mir-4522,1.0271076414963203
hsa-mir-3132,1.026483830905239
hsa-mir-6879,1.0263699620956948
hsa-mir-1912,1.0248934228235727
hsa-mir-496,1.0241589949187033
hsa-mir-4802,1.023406614323258
hsa-mir-494,1.0217315930101047
hsa-mir-3148,1.0204894225354129
hsa-mir-5708,1.0192670565301858
hsa-mir-4744,1.0172267568644795
hsa-mir-6731,1.016632248456246
hsa-mir-3657,1.0137111670467114
hsa-mir-609,1.0111332463645306
hsa-mir-6753,1.0075864308744642
hsa-mir-8059,1.0072687765018822
hsa-mir-7847,1.0067491678332852
hsa-mir-3606,1.0014894331008641
hsa-mir-3162,1.0003263974106493
hsa-mir-4731,0.9999671444291973
hsa-mir-4438,0.9963950179593996
hsa-mir-577,0.9922716287461553
hsa-mir-5007,0.9913030778356181
hsa-mir-370,0.9897598775653522
hsa-mir-762,0.9882692782798269
hsa-mir-6828,0.9861845319214517
hsa-mir-3936,0.9852450989607786
hsa-mir-6805,0.9834626036706247
hsa-mir-1283-2,0.9834148956882727
hsa-mir-4767,0.9804073794854822
hsa-mir-4478,0.9718927242709864
hsa-mir-4705,0.971456127643881
hsa-mir-4760,0.9681754059063119
hsa-mir-329-2,0.9662859946112162
hsa-mir-1269a,0.9650362974068443
hsa-mir-548an,0.9631893443537677
hsa-mir-4662b,0.9628157366229035
hsa-mir-381,0.9618854146043907
hsa-mir-6870,0.9602970825625937
hsa-mir-587,0.9576448447501983
hsa-mir-1197,0.9548212108115302
hsa-mir-548p,0.9544758128246946
hsa-mir-6829,0.95376649272648
hsa-mir-518c,0.9528849807292905
hsa-mir-4480,0.9515764470917588
hsa-mir-655,0.9487731375944497
hsa-mir-190b,0.9487508122829206
hsa-mir-374c,0.9478955257129582
hsa-mir-515-2,0.9478187943558462
hsa-mir-6867,0.947186437931182
hsa-mir-3646,0.9463286655333991
hsa-mir-637,0.9426621673184239
hsa-mir-520b,0.9416822220398401
hsa-mir-3689a,0.9397508940776302
hsa-mir-6728,0.9396180705619736
hsa-mir-3935,0.9390274686926009
hsa-mir-665,0.9386206682409616
hsa-mir-522,0.9381220573603004
hsa-mir-4315-1,0.9373968797596107
hsa-mir-513c,0.9361303308334376
hsa-mir-451a,0.9350586528741935
hsa-mir-4716,0.9332695299665748
hsa-mir-3156-2,0.9275618374558334
hsa-mir-6760,0.9275618374558334
hsa-mir-1206,0.9275618374558334
hsa-mir-8086,0.9275618374558334
hsa-mir-8089,0.9275618374558334
hsa-mir-4463,0.9275618374558334
hsa-mir-384,0.9275618374558334
hsa-mir-6124,0.9275618374558334
hsa-mir-3674,0.9275618374558334
hsa-mir-3119-1,0.9275618374558334
hsa-mir-4270,0.9275618374558334
hsa-mir-4324,0.9275618374558334
hsa-mir-8058,0.9275618374558334
hsa-mir-3169,0.9275618374558334
hsa-mir-548a-1,0.9275618374558334
hsa-mir-1471,0.9275618374558334
hsa-mir-7975,0.9275618374558334
hsa-mir-1273g,0.9275618374558334
hsa-mir-4483,0.9275618374558334
hsa-mir-924,0.9275618374558334
hsa-mir-764,0.9275618374558334
hsa-mir-3135b,0.9275618374558334
hsa-mir-4323,0.9275618374558334
hsa-mir-2392,0.9275618374558334
hsa-mir-4271,0.9275618374558334
hsa-mir-4280,0.9275618374558334
hsa-mir-4288,0.9275618374558334
hsa-mir-4312,0.9275618374558334
hsa-mir-595,0.9275618374558334
hsa-mir-5692a-2,0.9275618374558334
hsa-mir-1273a,0.9275618374558334
hsa-mir-5688,0.9275618374558334
hsa-mir-520a,0.9275392711475815
hsa-mir-3189,0.9248706505373713
hsa-mir-3923,0.9233247396888962
hsa-mir-4713,0.9218360729428371
hsa-mir-219a-2,0.9197442868480521
hsa-mir-7978,0.9175670704034024
hsa-mir-1185-1,0.9132640828257961
hsa-mir-4452,0.9036669870170848
hsa-mir-375,0.9030191461304847
hsa-mir-3654,0.9020846685404507
hsa-mir-3147,0.9013880473085549
hsa-mir-938,0.9007281273985438
hsa-mir-4696,0.8998845848835277
hsa-mir-4434,0.8994545018899323
hsa-mir-3653,0.8972932002847251
hsa-mir-3160-1,0.8944878219865833
hsa-mir-548al,0.891397784269654
hsa-mir-758,0.8897260150492106
hsa-mir-623,0.8861208687328259
hsa-mir-586,0.8836275377055596
hsa-mir-4436b-2,0.8817856714425638
hsa-mir-1271,0.8776295605920196
hsa-mir-3672,0.8763834921419273
hsa-mir-154,0.8728068406058989
hsa-mir-8064,0.8723141788883173
hsa-mir-611,0.8703805841631974
hsa-mir-548ar,0.869212728264193
hsa-mir-6830,0.8687173829343623
hsa-mir-6886,0.8658329209596545
hsa-mir-6512,0.8631422692524812
hsa-mir-3115,0.8577032705716028
hsa-mir-4664,0.8571153740040952
hsa-mir-3163,0.8540846206006012
hsa-mir-548av,0.8523114327913355
hsa-mir-3529,0.8515549886380961
hsa-mir-3960,0.8469264436206995
hsa-mir-4258,0.8464285065184282
hsa-mir-548a-2,0.8455987747110072
hsa-mir-4738,0.8402528622355245
hsa-mir-4506,0.8383150682943487
hsa-mir-4771-2,0.8382934442315626
hsa-mir-6860,0.8376744376901313
hsa-mir-433,0.8353079615446067
hsa-mir-6770-1,0.8343244932580149
hsa-mir-6814,0.8334566491729231
hsa-mir-4420,0.8300486208637395
hsa-mir-582,0.8288994161592736
hsa-mir-122,0.828312843369469
hsa-mir-3664,0.8279688071866556
hsa-mir-3607,0.8270751723405477
hsa-mir-6845,0.8265762399683245
hsa-mir-7109,0.8242019918439244
hsa-mir-330,0.8230696488903921
hsa-mir-5695,0.8226497789711791
hsa-mir-6816,0.8223833038767685
hsa-mir-7157,0.8219929821039632
hsa-mir-6890,0.8216189144316414
hsa-mir-3180-3,0.8209644927956978
hsa-mir-485,0.8208043452114315
hsa-mir-515-1,0.8198553917039368
hsa-mir-4517,0.8181218442628119
hsa-mir-518a-1,0.8164712718209528
hsa-mir-6827,0.8160829037718618
hsa-mir-4497,0.8121102580689957
hsa-mir-552,0.8108726593471449
hsa-mir-4491,0.8080310550395862
hsa-mir-627,0.8063525166078636
hsa-mir-1224,0.8045136567067608
hsa-mir-144,0.8037315201669665
hsa-mir-4803,0.8032615151482564
hsa-mir-567,0.799963518790519
hsa-mir-3164,0.7997563524437549
hsa-mir-7973-1,0.7990334997594267
hsa-mir-518f,0.7942542527947856
hsa-mir-518d,0.7920749231766655
hsa-mir-4674,0.7915925267258296
hsa-mir-4739,0.7863847879088575
hsa-mir-302a,0.784883430707471
hsa-mir-548l,0.7833598445911292
hsa-mir-5693,0.7828480990522623
hsa-mir-548aa-2,0.7815208163775018
hsa-mir-296,0.7808883803984425
hsa-mir-5696,0.7808637608672573
hsa-mir-3180-1,0.779800609985314
hsa-mir-4724,0.7794865360813901
hsa-mir-5006,0.7789443944095157
hsa-mir-4769,0.7753609942722794
hsa-mir-320b-2,0.775158673825462
hsa-mir-4693,0.771716566746916
hsa-mir-4257,0.7711072539643983
hsa-mir-4714,0.7694325290361367
hsa-mir-521-1,0.7671705687276834
hsa-mir-1276,0.767112513547794
hsa-mir-6800,0.7671096307155814
hsa-mir-3156-3,0.7663585196676337
hsa-mir-487b,0.7650863868223069
hsa-mir-6752,0.7630601783923042
hsa-mir-192,0.7607267781245315
hsa-mir-6857,0.7605928211094632
hsa-mir-548a-3,0.7596013153761956
hsa-mir-4795,0.7557785030662348
hsa-mir-517c,0.7555352864452689
hsa-mir-518b,0.7546938132927202
hsa-mir-432,0.7513563766655004
hsa-mir-431,0.7494289812492437
hsa-mir-516b-2,0.7468107772184435
hsa-mir-6778,0.7451111079715154
hsa-mir-654,0.7445373813898021
hsa-mir-6887,0.7443961081183836
hsa-mir-1587,0.7424095926546596
hsa-mir-363,0.7420158617538959
hsa-mir-6068,0.7416158603319435
hsa-mir-136,0.7407366243768148
hsa-mir-5003,0.7396362800896296
hsa-mir-4432,0.7393643155783952
hsa-mir-548q,0.7390196846906298
hsa-mir-134,0.738655286260759
hsa-mir-6503,0.7370841829099865
hsa-mir-421,0.7368630659846419
hsa-mir-3158-2,0.7359734906331805
hsa-mir-885,0.7348972540023903
hsa-mir-4644,0.7345473694194354
hsa-mir-1295b,0.7338167371827518
hsa-mir-383,0.7327694460651912
hsa-mir-523,0.7306714821080245
hsa-mir-106a,0.730416981312174
hsa-mir-516b-1,0.7261749327321274
hsa-mir-127,0.7237187664598548
hsa-mir-6499,0.7236466738415219
hsa-mir-3064,0.7235400769817127
hsa-mir-382,0.7231506354835571
hsa-mir-1203,0.7227526708090808
hsa-mir-613,0.7226786195255513
hsa-mir-6789,0.7222703773197605
hsa-mir-4502,0.7218687206769785
hsa-mir-1305,0.7213944934111884
hsa-mir-513b,0.720198159196917
hsa-mir-4429,0.718958773957632
hsa-mir-7976,0.7183861452729949
hsa-mir-194-2,0.713483360611325
hsa-mir-519e,0.7127876063097964
hsa-mir-4474,0.7124326950911744
hsa-mir-4292,0.7102402025437143
hsa-mir-4792,0.7040097791795026
hsa-mir-1181,0.7022862100139042
hsa-mir-6888,0.7015424920486548
hsa-mir-7848,0.6999587735862431
hsa-mir-1275,0.6998923066269426
hsa-mir-5707,0.6991069570610526
hsa-mir-1303,0.6990311656064977
hsa-mir-379,0.6990270027128253
hsa-mir-544b,0.6989524364401299
hsa-mir-1909,0.6987144861693677
hsa-mir-3656,0.6985226851611785
hsa-mir-8072,0.6984958858265656
hsa-mir-6749,0.698117176240457
hsa-mir-520c,0.6974061013536615
hsa-mir-622,0.697325815793413
hsa-mir-376b,0.6972155655068912
hsa-mir-4539,0.6966484238898302
hsa-mir-4791,0.6966371000955484
hsa-mir-4445,0.6941445343428296
hsa-mir-302b,0.693773268129128
hsa-mir-584,0.6930570539383214
hsa-mir-3926-1,0.6915128570428865
hsa-mir-507,0.6885269511198812
hsa-mir-4761,0.6875745087045897
hsa-mir-450b,0.6867702661885444
hsa-mir-3945,0.686479159925768
hsa-mir-3662,0.6860159314252503
hsa-mir-369,0.6835312132180917
hsa-mir-490,0.6834733460052025
hsa-mir-597,0.6818898774048678
hsa-mir-4649,0.6797112926156645
hsa-mir-6856,0.6791171237813419
hsa-mir-6507,0.6780233866093563
hsa-mir-6824,0.6773612584959683
hsa-mir-5589,0.675688089641646
hsa-mir-5583-2,0.6732721142849131
hsa-mir-5191,0.6730395155676946
hsa-mir-1260a,0.6725753192395039
hsa-mir-558,0.6722457899674692
hsa-mir-216a,0.6719132269032595
hsa-mir-3929,0.6704475546277869
hsa-mir-378d-2,0.6689166772949255
hsa-mir-6846,0.6685774004781326
hsa-mir-6834,0.6672995384890202
hsa-mir-4496,0.6632324357050963
hsa-mir-9-1,0.6622236870393324
hsa-mir-6125,0.6611796346646375
hsa-mir-3679,0.660290764503598
hsa-mir-519a-2,0.6594989226471211
hsa-mir-492,0.6594281125085115
hsa-mir-9-3,0.6584457451769399
hsa-mir-194-1,0.6583014192753707
hsa-mir-4534,0.6578055124273668
hsa-mir-621,0.6577068358483028
hsa-mir-3610,0.6575819768144913
hsa-mir-4723,0.656613840988405
hsa-mir-3678,0.6541180880728608
hsa-mir-9-2,0.6525847239617408
hsa-mir-487a,0.651291761108093
hsa-mir-7703,0.6476967936348198
hsa-mir-3689f,0.6476576775426196
hsa-mir-4755,0.6456888256220327
hsa-mir-4753,0.6455990179897324
hsa-mir-4763,0.6428388946498792
hsa-mir-299,0.6424001702908065
hsa-mir-7114,0.6418632554333323
hsa-mir-196b,0.6406065264500194
hsa-mir-3913-2,0.6402923783169044
hsa-mir-4538,0.6391964693879401
hsa-mir-6732,0.637589720356
hsa-mir-6792,0.6372147839412955
hsa-mir-559,0.6368506978512606
hsa-mir-4515,0.6337892809350469
hsa-mir-6784,0.6317623546954538
hsa-mir-5685,0.6299042302694492
hsa-mir-6874,0.6245136349816326
hsa-mir-1256,0.6241650450553398
hsa-mir-3913-1,0.6237026580754012
hsa-mir-1185-2,0.6231287106889442
hsa-mir-7855,0.6211835063430989
hsa-mir-3174,0.6208886528826449
hsa-mir-153-2,0.6208633261530896
hsa-mir-20b,0.6190193234793554
hsa-mir-610,0.6156477261615675
hsa-mir-4458,0.6151693326297805
hsa-mir-5683,0.6150046226544271
hsa-mir-4296,0.614966561326336
hsa-mir-5095,0.6132605804419184
hsa-mir-3655,0.6130601996948312
hsa-mir-656,0.6123281462078118
hsa-mir-1283-1,0.609174060203633
hsa-mir-519d,0.6079231227709921
hsa-mir-3914-2,0.6077724519055812
hsa-mir-1260b,0.6072882093624471
hsa-mir-548aq,0.6068081701746892
hsa-mir-614,0.6064056793679229
hsa-mir-5582,0.6060850228983234
hsa-mir-4796,0.6056369262063186
hsa-mir-1250,0.6055565729119939
hsa-mir-30b,0.6029856965707057
hsa-mir-580,0.6003679665094954
hsa-mir-4654,0.5989789992398739
hsa-mir-5572,0.5982442766510988
hsa-mir-208a,0.5980884442533334
hsa-mir-3591,0.5967605981969994
hsa-mir-635,0.595478995595363
hsa-mir-6764,0.5950156040077076
hsa-mir-337,0.5945011397402277
hsa-mir-4306,0.5929252496169637
hsa-mir-34b,0.5908160272784017
hsa-mir-3911,0.5904289676769772
hsa-mir-7156,0.5891241259719167
hsa-mir-4745,0.5877392500485733
hsa-mir-517b,0.5873769138908884
hsa-mir-550b-2,0.5870922339452436
hsa-mir-1304,0.5869568847462755
hsa-mir-659,0.5858736428366735
hsa-mir-203a,0.5849682736352669
hsa-mir-4748,0.5845488339705998
hsa-mir-4444-1,0.5835185392789718
hsa-mir-3611,0.5834896441557393
hsa-mir-3145,0.5812070104759773
hsa-mir-509-1,0.5804337038325865
hsa-mir-4787,0.579521426411593
hsa-mir-216b,0.5792652314029593
hsa-mir-615,0.5786098918727142
hsa-mir-217,0.5783412649261702
hsa-mir-6825,0.5740894179526933
hsa-mir-520f,0.5718877338601399
hsa-mir-1252,0.5714070844377968
hsa-mir-7161,0.5695432279662523
hsa-mir-506,0.5693182793772805
hsa-mir-3663,0.5692897803953817
hsa-mir-503,0.5685527900641004
hsa-mir-153-1,0.5677057151763415
hsa-mir-517a,0.5671854063058335
hsa-mir-6780a,0.5664947516160734
hsa-mir-4633,0.5632721362362099
hsa-mir-129-2,0.5618674000779262
hsa-mir-519a-1,0.5596565892595936
hsa-mir-4684,0.5596118546865134
hsa-mir-3171,0.5592373956016472
hsa-mir-3919,0.5591751126246121
hsa-mir-1263,0.5589006422308711
hsa-mir-1913,0.5575995718026531
hsa-mir-2681,0.5564280728396382
hsa-mir-520h,0.5563469532848137
hsa-mir-1286,0.5562582672690309
hsa-mir-4659b,0.5553043507980334
hsa-mir-4465,0.554938341346248
hsa-mir-498,0.554127789283374
hsa-mir-708,0.5535801847209072
hsa-mir-6895,0.5520187880507084
hsa-mir-3916,0.5502924302034441
hsa-mir-196a-2,0.5502852657739016
hsa-mir-4778,0.5493950596059092
hsa-mir-4704,0.5474716800543609
hsa-mir-3116-2,0.5460770696549545
hsa-mir-196a-1,0.5443982085195174
hsa-mir-3677,0.5426832717921632
hsa-mir-6804,0.5417558104387892
hsa-mir-3160-2,0.5412665161780122
hsa-mir-4709,0.5411132550196063
hsa-mir-4650-2,0.540117173460335
hsa-mir-6838,0.5394963403031618
hsa-mir-1231,0.539077378824049
hsa-mir-6715a,0.5383261929222916
hsa-mir-4635,0.537011113477476
hsa-mir-2115,0.5342711359002159
hsa-mir-4740,0.5339902117905087
hsa-mir-3116-1,0.5337923619806535
hsa-mir-4775,0.5320521028248785
hsa-mir-4689,0.5308200326362998
hsa-mir-6132,0.529330746303415
hsa-mir-205,0.5278384175104744
hsa-mir-765,0.5267314731333029
hsa-mir-223,0.5244130834985894
hsa-mir-526a-2,0.5242920544217368
hsa-mir-636,0.5234314567645396
hsa-mir-548ap,0.5234143207215297
hsa-mir-2117,0.5229504313395021
hsa-mir-5047,0.5214378367144177
hsa-mir-518e,0.5197996715116471
hsa-mir-499a,0.5182385419223341
hsa-mir-873,0.5181274772080968
hsa-mir-6747,0.516763397181048
hsa-mir-4442,0.5164193327396064
hsa-mir-602,0.5159229706571887
hsa-mir-4476,0.5150129836078086
hsa-mir-4513,0.5144311262915466
hsa-mir-6502,0.5135181715388156
hsa-mir-4511,0.5116687315204496
hsa-mir-5682,0.510024054518269
hsa-mir-377,0.5099252481265252
hsa-mir-1277,0.5091699205595741
hsa-mir-4788,0.5087392923057301
hsa-mir-509-3,0.5077428212020169
hsa-mir-6739,0.5071926134732853
hsa-mir-488,0.5055020682515788
hsa-mir-190a,0.5052272664889182
hsa-mir-543,0.5050212567383842
hsa-mir-1227,0.5024685532522707
hsa-mir-7704,0.5023740737207126
hsa-mir-2278,0.5017029379153788
hsa-mir-519c,0.501112282951566
hsa-mir-193b,0.5010363954173044
hsa-mir-596,0.5007961376507155
hsa-mir-135b,0.5002840205008978
hsa-mir-3675,0.4978821425781933
hsa-mir-6769a,0.4961212073416541
hsa-mir-3153,0.4956811196838995
hsa-mir-4530,0.49435528985478505
hsa-mir-8077,0.4920358149945581
hsa-mir-215,0.49172787199652657
hsa-mir-520g,0.4906084579569766
hsa-mir-6883,0.48917505614557777
hsa-mir-1257,0.48887765119314375
hsa-mir-4498,0.48617627684503284
hsa-mir-1236,0.4861321130454871
hsa-mir-4701,0.48523310111130324
hsa-mir-6876,0.4852154908054987
hsa-mir-129-1,0.4850176014753861
hsa-mir-374b,0.4848409704763123
hsa-mir-509-2,0.48481004157530366
hsa-mir-3925,0.4846440154700876
hsa-mir-5009,0.48375215814065486
hsa-mir-943,0.4804484474111985
hsa-mir-143,0.4797750881436459
hsa-mir-4430,0.4751851017911849
hsa-mir-4634,0.47511401015761334
hsa-mir-4679-2,0.47496341035630346
hsa-mir-4784,0.47481708071417833
hsa-mir-4638,0.47322046442385896
hsa-mir-6763,0.4732202945344145
hsa-mir-4484,0.4729392114020409
hsa-mir-7151,0.4729364698842763
hsa-mir-6858,0.4715554024397954
hsa-mir-4643,0.4710573223599698
hsa-mir-3202-2,0.4706945230564671
hsa-mir-206,0.47041991380974046
hsa-mir-1295a,0.47008056616896254
hsa-mir-411,0.46945385878075585
hsa-mir-320c-1,0.4669744357733963
hsa-mir-1249,0.4667494374291532
hsa-mir-3942,0.46589677403822394
hsa-mir-6783,0.46580495700168717
hsa-mir-199a-1,0.46570629098578253
hsa-mir-19a,0.46491168573060443
hsa-mir-7108,0.4645825454594049
hsa-mir-4668,0.46346895659238585
hsa-mir-4256,0.4628330999022063
hsa-mir-4743,0.45985627152009
hsa-mir-4687,0.4588708931738513
hsa-mir-34c,0.45833448687780176
hsa-mir-7705,0.45738919199266825
hsa-mir-6880,0.4572167884383714
hsa-mir-639,0.4565122963258661
hsa-mir-7110,0.4553337423581591
hsa-mir-573,0.4531863200403721
hsa-mir-4532,0.45202659045462606
hsa-mir-4665,0.45185085909399747
hsa-mir-2861,0.4517354627965913
hsa-mir-525,0.4515788730800684
hsa-mir-3918,0.45090368723187424
hsa-mir-944,0.45006518101727433
hsa-mir-1290,0.4494300621920784
hsa-mir-524,0.44690100296275104
hsa-mir-4672,0.4467982416500784
hsa-mir-4762,0.44417805748783123
hsa-mir-604,0.4439106107395714
hsa-mir-6836,0.44290437165451835
hsa-mir-455,0.4428384502231398
hsa-mir-4295,0.4406150111334553
hsa-mir-6865,0.4379356833572081
hsa-mir-4494,0.437793419190141
hsa-mir-199a-2,0.4359865970826333
hsa-mir-3140,0.4347031097076411
hsa-mir-548b,0.4338250929116783
hsa-mir-6882,0.4327756927976577
hsa-mir-4437,0.432501771747857
hsa-mir-4423,0.43249127754628275
hsa-mir-4637,0.4320956360939384
hsa-mir-1245b,0.43062161002812327
hsa-mir-607,0.43031940231276367
hsa-mir-4766,0.430259640835038
hsa-mir-3151,0.43023391195307203
hsa-mir-1273h,0.42973664700846387
hsa-mir-3190,0.42923368647705473
hsa-mir-4680,0.4290640135811946
hsa-mir-378c,0.4289460987848073
hsa-mir-1199,0.4282979772501161
hsa-mir-3682,0.42704229711888664
hsa-mir-6754,0.42681918592598805
hsa-mir-4691,0.42681388162365164
hsa-mir-6743,0.4260618217908889
hsa-mir-6781,0.4220122658632957
hsa-mir-4527,0.42179554166985533
hsa-mir-149,0.42177406354364005
hsa-mir-6885,0.42002122728790886
hsa-mir-1246,0.4194774710422535
hsa-mir-5689,0.419364782096453
hsa-mir-138-1,0.4191398443378092
hsa-mir-199b,0.41795740719390184
hsa-mir-3124,0.4171134478197474
hsa-mir-6868,0.416296308541202
hsa-mir-4700,0.41609451218791194
hsa-mir-583,0.41551565014642533
hsa-mir-6773,0.41548321137270694
hsa-mir-4467,0.41458786077570514
hsa-mir-4518,0.41389436243976613
hsa-mir-495,0.41312158624990475
hsa-mir-548e,0.4090573294697889
hsa-mir-6727,0.4087509839665788
hsa-mir-3161,0.40869746815457975
hsa-mir-6774,0.408596243100436
hsa-mir-3170,0.408067459406116
hsa-mir-4529,0.4075899162938671
hsa-mir-5194,0.4074540753941261
hsa-mir-4717,0.4066007876563579
hsa-mir-564,0.40618380052498354
hsa-mir-4451,0.4057804136305927
hsa-mir-1911,0.4054201258158034
hsa-mir-3135a,0.404850860397036
hsa-mir-365a,0.4046811052965135
hsa-mir-548j,0.4029338558028285
hsa-mir-658,0.40292745359103693
hsa-mir-572,0.40263777174031934
hsa-mir-513a-2,0.4022600301789129
hsa-mir-1284,0.4009940510734495
hsa-mir-3928,0.40029092986989956
hsa-mir-4453,0.40003536765220593
hsa-mir-4798,0.3979629687229464
hsa-mir-6875,0.39695800499929945
hsa-mir-4260,0.3962759779230476
hsa-mir-4422,0.3958714540485584
hsa-mir-4686,0.39489196311353053
hsa-mir-526a-1,0.394709078218193
hsa-mir-589,0.3940302160172588
hsa-mir-4706,0.39367841236738127
hsa-mir-3183,0.3936497418379513
hsa-mir-4433a,0.3930969840194657
hsa-mir-195,0.3923275493623718
hsa-mir-365b,0.39135788439284225
hsa-mir-3191,0.3912306188873541
hsa-mir-3621,0.39090015663245176
hsa-mir-4658,0.38925283781585274
hsa-mir-497,0.3891333924551898
hsa-mir-6509,0.38710937376318094
hsa-mir-4728,0.38706581594703054
hsa-mir-7844,0.38642979376358677
hsa-mir-6769b,0.3859422456569267
hsa-mir-585,0.38469178607509846
hsa-mir-10a,0.3839671628371179
hsa-mir-7973-2,0.38350280066070874
hsa-mir-34a,0.38266733278000153
hsa-mir-1323,0.38234846265704997
hsa-mir-124-2,0.38100497297311975
hsa-mir-6881,0.37997961902396205
hsa-mir-181d,0.37949695203984735
hsa-mir-4433b,0.37833098775323193
hsa-mir-6776,0.377288883810837
hsa-mir-4667,0.3764023494010063
hsa-mir-3975,0.37549613536930215
hsa-mir-4322,0.3754380699440573
hsa-mir-4454,0.37477088709376827
hsa-mir-4659a,0.3743399904436205
hsa-mir-4756,0.37380490709535796
hsa-mir-184,0.373771394313505
hsa-mir-6755,0.3734452763107023
hsa-mir-592,0.3726855807651
hsa-mir-4671,0.370828265836186
hsa-mir-6794,0.370062110466779
hsa-mir-4436b-1,0.3689855150952626
hsa-mir-1468,0.3681966686969255
hsa-mir-548h-3,0.36815706459593545
hsa-mir-760,0.36719712307615304
hsa-mir-1273c,0.367145265458649
hsa-mir-3667,0.3670503128738125
hsa-mir-520d,0.36671546412095174
hsa-mir-191,0.3667040324872307
hsa-mir-4759,0.3665503777180766
hsa-mir-4505,0.3647275814246609
hsa-mir-5680,0.36455404581205286
hsa-mir-198,0.3621058287033042
hsa-mir-7851,0.36190509154356104
hsa-mir-3943,0.36133115044107744
hsa-mir-4431,0.3609586901602641
hsa-mir-7160,0.36092045336203743
hsa-mir-18b,0.3606982383017868
hsa-mir-6734,0.36024375759279303
hsa-mir-6756,0.3598395457789834
hsa-mir-4768,0.35931407060027765
hsa-mir-579,0.35870376873769405
hsa-mir-298,0.35797406566692147
hsa-mir-600,0.3578347469557357
hsa-mir-150,0.3577682758692979
hsa-mir-628,0.3570203668800211
hsa-mir-3187,0.35531230826871935
hsa-mir-6742,0.3551883248671388
hsa-mir-6843,0.3545436767460975
hsa-mir-4485,0.3539358697396341
hsa-mir-2355,0.35315820784521135
hsa-mir-514a-1,0.3530430754623237
hsa-mir-7846,0.3528868985672934
hsa-mir-301a,0.3524788071295179
hsa-mir-624,0.3521777597062089
hsa-mir-24-1,0.35202660085389126
hsa-mir-4443,0.3514170620335188
hsa-mir-376c,0.34996494878354717
hsa-mir-4424,0.3486370279886914
hsa-mir-6851,0.3486093780641719
hsa-mir-1322,0.34699815718583304
hsa-mir-3944,0.3467045588656583
hsa-mir-203b,0.34666075339616365
hsa-mir-514a-3,0.346549840826963
hsa-mir-4793,0.34541691636070004
hsa-mir-20a,0.34511350492138204
hsa-mir-3609,0.34484678896205456
hsa-mir-5571,0.34386530214547495
hsa-mir-1225,0.34335905610524997
hsa-mir-1254-1,0.3433488625302213
hsa-mir-4473,0.3428504279988085
hsa-mir-3681,0.34189372205293966
hsa-mir-4444-2,0.3416482966307102
hsa-mir-3137,0.3410278443307104
hsa-mir-4490,0.34087383060130083
hsa-mir-4641,0.3400880530784931
hsa-mir-6894,0.3388702028994308
hsa-mir-548d-1,0.3387747351983968
hsa-mir-6799,0.33870702268702196
hsa-mir-4645,0.33666250498600075
hsa-mir-18a,0.3365427156700561
hsa-mir-4533,0.3364379562989892
hsa-mir-4685,0.336420479761112
hsa-mir-3176,0.33603221083589807
hsa-mir-4647,0.3356349542021516
hsa-mir-4718,0.33509472743101154
hsa-mir-548s,0.33498162514490415
hsa-mir-548bb,0.33423690244018633
hsa-mir-4466,0.33362131494457636
hsa-mir-6852,0.33286283210323075
hsa-mir-3659,0.3314846772743709
hsa-mir-625,0.33136957001935263
hsa-let-7i,0.33113537295372064
hsa-mir-5692c-1,0.33093040733403667
hsa-mir-4770,0.33031678339799364
hsa-mir-4742,0.32966357352154413
hsa-mir-4501,0.329404835625367
hsa-mir-548y,0.3289413018769438
hsa-mir-514a-2,0.3285824842740872
hsa-mir-508,0.328575386766035
hsa-mir-181c,0.3285560127296475
hsa-mir-3188,0.3269995705976278
hsa-mir-6853,0.3269814567839086
hsa-mir-7641-2,0.326857882170265
hsa-mir-570,0.3255810374843893
hsa-mir-450a-2,0.32551620190994857
hsa-mir-7106,0.3245556271347533
hsa-mir-4425,0.3229392139293368
hsa-mir-5089,0.32238663575869164
hsa-mir-4750,0.3216732969741065
hsa-mir-24-2,0.32070801313325825
hsa-mir-1291,0.31901808947863514
hsa-mir-3622a,0.31769775956309215
hsa-mir-124-1,0.3164160886721424
hsa-mir-425,0.3146224236580177
hsa-mir-3136,0.3133665089180319
hsa-mir-887,0.31299730825771416
hsa-mir-548ai,0.3119549857429816
hsa-mir-7706,0.31172495442791204
hsa-mir-181b-2,0.3111166966901122
hsa-mir-3150a,0.3106424910838719
hsa-mir-125b-2,0.3100529408093379
hsa-mir-3195,0.30927763761334964
hsa-mir-4699,0.30830601949790387
hsa-mir-6793,0.30752692658687886
hsa-mir-576,0.30632677695836513
hsa-mir-3922,0.30531876021102444
hsa-mir-151b,0.3052838829064061
hsa-mir-1248,0.3046367993013931
hsa-mir-542,0.30449104052757453
hsa-mir-5092,0.30379906060584366
hsa-mir-501,0.303577674418765
hsa-mir-6782,0.30336488081548046
hsa-mir-23a,0.3008996460916121
hsa-mir-548d-2,0.3006794790083154
hsa-mir-1237,0.3006376487174551
hsa-mir-141,0.3004130819665718
hsa-mir-670,0.29940100912777773
hsa-mir-208b,0.29767044158076683
hsa-mir-645,0.2975874035561984
hsa-mir-6772,0.2973228206002545
hsa-mir-181b-1,0.29717325626136776
hsa-mir-3157,0.29665246683706736
hsa-mir-3155a,0.2966435398272211
hsa-mir-424,0.29533809305276887
hsa-mir-1244-2,0.29507624605660604
hsa-mir-6797,0.2945585864084316
hsa-mir-204,0.2942524697552482
hsa-mir-6771,0.2936535348001374
hsa-mir-1908,0.29332544635158597
hsa-mir-3152,0.29203965460111725
hsa-mir-3200,0.2919419957584347
hsa-mir-6715b,0.29169025268682275
hsa-mir-185,0.29138343292411334
hsa-mir-6720,0.2910791473240482
hsa-mir-224,0.2906378537291333
hsa-mir-33b,0.2902241821468256
hsa-mir-5684,0.29020816904513175
hsa-mir-3917,0.2887967629976904
hsa-mir-4677,0.28776805755486506
hsa-mir-6505,0.2867879127935974
hsa-mir-188,0.28589979830995493
hsa-mir-5580,0.2857838661128156
hsa-mir-4524a,0.2851365139078875
hsa-mir-4999,0.28484588768422525
hsa-mir-6741,0.28452866667230353
hsa-mir-30a,0.2837453475557972
hsa-mir-6735,0.2828053177339097
hsa-mir-6844,0.28157280123142475
hsa-mir-551a,0.28100745711553876
hsa-mir-183,0.2809991363445632
hsa-mir-1251,0.280594414820984
hsa-mir-124-3,0.2804304316275396
hsa-mir-1537,0.28036949206533807
hsa-mir-1247,0.27900472566221834
hsa-mir-346,0.27756067087661085
hsa-mir-6891,0.276116713501653
hsa-mir-6510,0.2759128622197875
hsa-mir-581,0.2754210548614991
hsa-mir-4653,0.27540116028640294
hsa-mir-1293,0.2751899722729274
hsa-mir-7-2,0.2749207213976894
hsa-mir-378i,0.2741827097761213
hsa-mir-1270,0.2737890488987677
hsa-mir-320e,0.27371115033146814
hsa-mir-4783,0.2726212233562045
hsa-mir-5581,0.2697191089041988
hsa-mir-5001,0.26876888805616106
hsa-mir-3129,0.26858625793438007
hsa-mir-7152,0.26752972182397583
hsa-mir-6837,0.2671072279497365
hsa-mir-4507,0.266982755595078
hsa-mir-510,0.26674868734510165
hsa-mir-5188,0.26669594122348866
hsa-mir-3198-2,0.2646019259076225
hsa-mir-5090,0.2641647940154228
hsa-mir-6729,0.26405387594337226
hsa-mir-652,0.2635170013367626
hsa-mir-5579,0.26297649996944356
hsa-let-7e,0.2625603540933484
hsa-mir-193a,0.2618946184821329
hsa-mir-4777,0.2606482109916177
hsa-mir-3684,0.25998800407151734
hsa-mir-3194,0.25923056272785727
hsa-mir-3617,0.2584671062059487
hsa-mir-556,0.25832874574140813
hsa-mir-3612,0.25774013306376586
hsa-mir-561,0.25755290402142655
hsa-mir-4746,0.2565546790154692
hsa-mir-125b-1,0.2556077493890311
hsa-mir-1243,0.25551087735976236
hsa-mir-555,0.2551699875254487
hsa-mir-26a-2,0.25380471575160035
hsa-mir-548f-1,0.253586308040433
hsa-mir-4482,0.2530197682728665
hsa-mir-505,0.25284131705934887
hsa-mir-3649,0.25228422798932365
hsa-mir-4751,0.25210825605275694
hsa-mir-3926-2,0.2520144294470196
hsa-mir-6840,0.24908803935222681
hsa-mir-6822,0.24906680566154552
hsa-mir-211,0.24747255196439294
hsa-mir-26a-1,0.2469294702546254
hsa-mir-4519,0.24589003486645047
hsa-mir-93,0.2457303774191584
hsa-mir-214,0.24497250284996638
hsa-mir-6721,0.24448131623791883
hsa-mir-3910-2,0.24424758049044093
hsa-mir-3614,0.24344020573140715
hsa-mir-4657,0.24342985003256642
hsa-mir-548ba,0.24110249875550985
hsa-mir-6877,0.24051190421538982
hsa-mir-6842,0.2401130208798013
hsa-mir-4469,0.2397220742810298
hsa-mir-6786,0.2383095126517194
hsa-mir-1254-2,0.23698049253496772
hsa-let-7f-1,0.23678715160604175
hsa-mir-130a,0.2357898040211725
hsa-mir-4670,0.2353124835500727
hsa-mir-4786,0.23507048910170597
hsa-mir-3144,0.23446243297683583
hsa-mir-4669,0.23352810769549057
hsa-let-7f-2,0.23311032889314323
hsa-mir-219a-1,0.23208366338933065
hsa-mir-939,0.23178577971258416
hsa-mir-135a-2,0.23142751785038712
hsa-mir-4661,0.23073093864865402
hsa-mir-4715,0.2305652473217645
hsa-mir-3618,0.22981827053038395
hsa-mir-1262,0.2292310791633084
hsa-mir-7702,0.22907791301802022
hsa-mir-548n,0.228517465820739
hsa-mir-1287,0.22802777648988254
hsa-mir-6516,0.2279097600503442
hsa-mir-5586,0.22649224326381914
hsa-mir-221,0.22619878619129968
hsa-mir-30d,0.22585730796213072
hsa-mir-641,0.22574199193872668
hsa-mir-200c,0.22481780316885752
hsa-mir-320b-1,0.22451436675303701
hsa-mir-6788,0.22448350466115105
hsa-mir-107,0.22439695759100173
hsa-mir-6730,0.22343869102527184
hsa-mir-550a-1,0.22176691915792673
hsa-mir-210,0.22139585524724262
hsa-mir-378d-1,0.22120610498001697
hsa-mir-6758,0.22110157731146812
hsa-mir-138-2,0.22064719821345222
hsa-mir-345,0.22006663204178517
hsa-mir-92a-1,0.21999238645236324
hsa-mir-3158-1,0.21989614627685877
hsa-mir-4757,0.2190232381878139
hsa-mir-6746,0.21890866878735737
hsa-mir-3127,0.21888474836011973
hsa-mir-7-3,0.21843955358724418
hsa-mir-19b-2,0.2177965765909226
hsa-mir-3613,0.21747651383859887
hsa-mir-151a,0.21715253778350693
hsa-mir-6733,0.21676021337732437
hsa-mir-92a-2,0.215820741912282
hsa-mir-148b,0.21452557034033765
hsa-mir-4660,0.21371334704869707
hsa-mir-4536-2,0.21369153188085324
hsa-mir-1294,0.21317614465874585
hsa-mir-548am,0.21278140611188953
hsa-mir-186,0.21211676454188588
hsa-mir-4772,0.21199810806479621
hsa-mir-4741,0.2116737523067414
hsa-mir-1245a,0.21132875433071924
hsa-mir-1292,0.21051707801918845
hsa-mir-548o-2,0.20968299369827997
hsa-mir-3192,0.20901938164279266
hsa-mir-3615,0.20860254189709168
hsa-mir-3619,0.2084932134123551
hsa-mir-342,0.20802905428400753
hsa-mir-23b,0.20657980137279214
hsa-mir-100,0.20132621364794898
hsa-mir-95,0.20070343943541566
hsa-mir-4636,0.1996242938173587
hsa-mir-6723,0.19933158946552426
hsa-mir-548aw,0.19907279403921183
hsa-mir-6780b,0.19864965030490045
hsa-mir-671,0.19858939549159604
hsa-mir-4676,0.19854102444169505
hsa-mir-3620,0.19795487130127087
hsa-mir-27a,0.19728103085018492
hsa-mir-6779,0.19655815597264054
hsa-mir-4286,0.19593671956661146
hsa-mir-6726,0.1958110135852721
hsa-mir-632,0.19512772223939645
hsa-mir-616,0.19483062691961567
hsa-mir-483,0.19414879829566462
hsa-mir-25,0.19331364328474443
hsa-mir-1238,0.19282690896267146
hsa-mir-548x-2,0.19269710148622407
hsa-mir-17,0.19067493004953173
hsa-mir-7641-1,0.18947959910679377
hsa-mir-550a-3,0.1894464588923096
hsa-mir-6850,0.18934795445140476
hsa-mir-500b,0.1893131140863015
hsa-mir-6798,0.1888358510167385
hsa-mir-766,0.18824249923197162
hsa-mir-3616,0.18757140196788194
hsa-mir-448,0.187384631679687
hsa-mir-320d-1,0.18652661428236783
hsa-mir-3156-1,0.1861958886554102
hsa-mir-324,0.18570132006575885
hsa-mir-5588,0.18559430545071898
hsa-mir-219b,0.18333305808883468
hsa-mir-4707,0.18313579883641193
hsa-mir-3138,0.18310376588642527
hsa-mir-6515,0.1830897464021608
hsa-mir-133a-2,0.1826582358859445
hsa-mir-874,0.18222150744077162
hsa-mir-500a,0.18163407214205596
hsa-mir-19b-1,0.18077342130397173
hsa-mir-942,0.17878435160409062
hsa-mir-5100,0.17870661132862764
hsa-mir-338,0.17870372330953926
hsa-mir-6839,0.17839529963581216
hsa-mir-651,0.17836693561004488
hsa-mir-1182,0.17825392399498896
hsa-mir-491,0.1780433791876043
hsa-mir-454,0.17781470134416227
hsa-mir-1306,0.17708044193104722
hsa-mir-6761,0.1766689169612437
hsa-mir-4528,0.1764304569381525
hsa-mir-450a-1,0.17526331303999487
hsa-mir-200a,0.17488903197453043
hsa-mir-1307,0.17408356186242455
hsa-mir-29a,0.17311798555671437
hsa-mir-4754,0.17282430887876885
hsa-mir-133a-1,0.17207346352266567
hsa-mir-6820,0.1716172763063349
hsa-let-7g,0.17102571487709933
hsa-mir-548o,0.1696580664545111
hsa-mir-934,0.16965158196918975
hsa-mir-4683,0.16947220707512123
hsa-mir-6514,0.16880695987205468
hsa-mir-3193,0.16857641318664793
hsa-mir-5000,0.1685630856904366
hsa-mir-3934,0.16845179444069447
hsa-mir-484,0.16788716525449696
hsa-mir-2114,0.16773867138640697
hsa-mir-23c,0.16729315603075118
hsa-mir-320a,0.166899045827751
hsa-mir-769,0.1660621442621989
hsa-mir-3074,0.1659056245094152
hsa-mir-4785,0.1634661565885622
hsa-mir-5187,0.15865080946758653
hsa-mir-21,0.1585940687352903
hsa-mir-4479,0.1583701861950577
hsa-mir-4646,0.15782288052063412
hsa-mir-6737,0.15766652298446168
hsa-mir-6501,0.15573675674193344
hsa-mir-222,0.15565884593714255
hsa-mir-99a,0.15440317247271684
hsa-mir-605,0.15421896192545834
hsa-mir-98,0.15392050877345423
hsa-mir-3605,0.15373441382407504
hsa-mir-2276,0.15347445648252175
hsa-mir-197,0.15199214072727962
hsa-mir-767,0.1519890549259885
hsa-mir-126,0.1505161921328725
hsa-mir-1301,0.14886615935306002
hsa-mir-5193,0.14856835744880947
hsa-mir-6818,0.14843011115060137
hsa-mir-5705,0.14739156613883592
hsa-mir-504,0.14615622325182193
hsa-mir-1976,0.14607421289473554
hsa-mir-101-2,0.14573864848168758
hsa-mir-101-1,0.14513626120625
hsa-mir-1258,0.14453962905757084
hsa-mir-1296,0.14437309697114417
hsa-mir-6892,0.14398321880291812
hsa-mir-935,0.14353127414757116
hsa-mir-3909,0.14342830880823018
hsa-mir-7852,0.14341548797776532
hsa-mir-3117,0.1428116819490787
hsa-mir-4449,0.14256990409926265
hsa-mir-1910,0.14117378136820216
hsa-mir-6791,0.1410110523232145
hsa-mir-5706,0.13984537866547117
hsa-mir-549a,0.1396680384261364
hsa-mir-6809,0.13935372495845466
hsa-mir-218-1,0.13857748619027968
hsa-mir-26b,0.13780530916262476
hsa-mir-937,0.13734873912157353
hsa-mir-6748,0.13712918809176022
hsa-mir-30c-1,0.13649427646733003
hsa-mir-744,0.13580407431450311
hsa-mir-3178,0.13496320398253472
hsa-mir-362,0.13479562976375242
hsa-mir-5091,0.13416255373170494
hsa-mir-4708,0.13395121367564347
hsa-mir-15b,0.1335200740681977
hsa-mir-6744,0.13346054397824764
hsa-mir-6847,0.1332745277232202
hsa-mir-3690-1,0.13323095414278158
hsa-mir-3199-2,0.1332087309089088
hsa-mir-29c,0.1327021923113766
hsa-mir-139,0.1324665268290952
hsa-mir-4781,0.13208173489757852
hsa-let-7c,0.1317201758364329
hsa-mir-7155,0.13152361322121695
hsa-mir-1-2,0.13090313175902585
hsa-mir-132,0.13054134624793512
hsa-mir-146b,0.12988402241979705
hsa-mir-5189,0.1296747730592877
hsa-mir-7112,0.12700085851969298
hsa-mir-125a,0.1260414200897401
hsa-mir-142,0.1258642149687053
hsa-mir-598,0.12575243061548252
hsa-mir-200b,0.12441792936392676
hsa-mir-676,0.12422900280192467
hsa-mir-4771-1,0.12409609240768113
hsa-mir-361,0.12400230966974654
hsa-mir-133b,0.12295310038125891
hsa-mir-3652,0.12209033606425168
hsa-mir-33a,0.12124902626978323
hsa-mir-4521,0.1212435877254831
hsa-mir-6508,0.11895830269014335
hsa-mir-5008,0.1158009782906085
hsa-mir-3912,0.11512800873199042
hsa-mir-331,0.11497553577007522
hsa-mir-3691,0.1142283166777045
hsa-mir-4758,0.11201624372608657
hsa-mir-4727,0.11063402853015562
hsa-mir-6821,0.11039723105743392
hsa-mir-574,0.1101213113553795
hsa-mir-877,0.10991686743461444
hsa-mir-7850,0.10891264900258044
hsa-mir-1266,0.10878044208569865
hsa-mir-320d-2,0.10763561724934087
hsa-mir-218-2,0.10654923719767985
hsa-mir-642a,0.10645902889132856
hsa-mir-545,0.10505471268527271
hsa-mir-103a-2,0.10427367247859655
hsa-mir-103a-1,0.10401787014352436
hsa-mir-3130-2,0.10391337943160193
hsa-mir-548v,0.10391327463215323
hsa-mir-145,0.10262584542328188
hsa-mir-6808,0.10240604491055882
hsa-mir-182,0.10219442975584107
hsa-mir-7-1,0.10165953488805535
hsa-mir-1-1,0.10059258730444372
hsa-mir-7854,0.09910212001939511
hsa-mir-212,0.09865691846790749
hsa-mir-28,0.0985186024010939
hsa-mir-6716,0.09816975137345575
hsa-let-7a-2,0.09776799509103482
hsa-mir-5088,0.0974275631337781
hsa-mir-429,0.09657326849562206
hsa-mir-3660,0.096476284403719
hsa-let-7a-3,0.09622367400032952
hsa-mir-550a-2,0.09585527146900162
hsa-mir-340,0.09559365477064988
hsa-let-7a-1,0.09488178879490375
hsa-mir-5687,0.09352846765561343
hsa-mir-6806,0.09327524553572603
hsa-mir-130b,0.09308835767375426
hsa-mir-4640,0.09253997668786086
hsa-mir-152,0.09109925117560701
hsa-mir-2277,0.0907806121319318
hsa-mir-2116,0.09029237369118873
hsa-mir-27b,0.09009454584573781
hsa-mir-532,0.08977733167896068
hsa-mir-5590,0.0896566239640698
hsa-mir-6832,0.08912033352471598
hsa-mir-486-2,0.08846707163991718
hsa-mir-4797,0.08744573743693136
hsa-mir-5002,0.08735706932907734
hsa-mir-3920,0.0870096677395288
hsa-mir-4732,0.0868762126554828
hsa-mir-486-1,0.08608768169238398
hsa-mir-1228,0.08538087676776326
hsa-mir-590,0.08503083803636768
hsa-mir-643,0.0849522232036452
hsa-let-7d,0.08492322525137394
hsa-mir-1229,0.08457394152779556
hsa-mir-6833,0.08411605038198969
hsa-mir-301b,0.08400128456603488
hsa-mir-371b,0.08330830057888039
hsa-mir-5699,0.08265582476249834
hsa-mir-106b,0.08264923208399373
hsa-mir-6813,0.08261476348636597
hsa-mir-452,0.08139141388701031
hsa-mir-326,0.080386338931828
hsa-mir-105-2,0.08033809150208882
hsa-mir-588,0.08006338854845399
hsa-mir-10b,0.07965271898697393
hsa-mir-4789,0.07957647696287476
hsa-mir-511,0.07919342409770057
hsa-mir-3198-1,0.07822652627007318
hsa-mir-6810,0.07811254190940455
hsa-mir-423,0.07742152726276726
hsa-mir-6802,0.0771768321024672
hsa-mir-328,0.07674880280505239
hsa-mir-148a,0.07536986821551082
hsa-mir-30c-2,0.07505890924158609
hsa-mir-155,0.07458130630031035
hsa-mir-3154,0.07296201003639952
hsa-mir-502,0.07010747934075767
hsa-mir-92b,0.06794355437619162
hsa-mir-181a-1,0.06786893663604242
hsa-mir-105-1,0.06782249447341959
hsa-mir-6762,0.0676824189612207
hsa-mir-6854,0.06602056671592228
hsa-mir-4662a,0.0645598345319485
hsa-mir-4725,0.06423461357481432
hsa-mir-1234,0.06207273680594769
hsa-mir-335,0.06094762029241667
hsa-mir-32,0.06057455426333077
hsa-mir-664a,0.060415594114501786
hsa-mir-16-1,0.06036870348217596
hsa-mir-128-2,0.059301858337226204
hsa-mir-16-2,0.05853293549402872
hsa-mir-320c-2,0.05803543639063743
hsa-mir-3065,0.05790052785843081
hsa-mir-1288,0.056752775216248386
hsa-mir-99b,0.05503661438874926
hsa-mir-618,0.05471486869028448
hsa-mir-181a-2,0.05415193953432551
hsa-mir-1180,0.053203733132509395
hsa-mir-3130-1,0.05279603214194578
hsa-mir-3651,0.05184863176597992
hsa-mir-6803,0.05096681762089868
hsa-mir-128-1,0.05022874507759857
hsa-mir-15a,0.05000660098188979
hsa-mir-4800,0.04953567787299656
hsa-mir-3940,0.049459853558126404
hsa-mir-146a,0.048763360940224966
hsa-mir-96,0.04751164505783262
hsa-mir-664b,0.047432407326755785
hsa-mir-29b-2,0.04710251062495044
hsa-mir-6511b-2,0.04402872528084906
hsa-mir-660,0.043896326298638495
hsa-mir-6511b-1,0.04362062056290998
hsa-mir-1255a,0.04314527800333599
hsa-mir-5010,0.041756626109949284
hsa-let-7b,0.04071643101359033
hsa-mir-29b-1,0.04069999373198995
hsa-mir-6812,0.039353042147279485
hsa-mir-6871,0.039298249228499824
hsa-mir-30e,0.03759302890594302
hsa-mir-1179,0.03622121376858281
hsa-mir-140,0.03595479491669097
hsa-mir-1226,0.03578095215969378
hsa-mir-374a,0.03509007030403999
hsa-mir-339,0.033820506901002925
hsa-mir-4632,0.031966183551988485
hsa-mir-629,0.029734521006856567
hsa-mir-1343,0.029355854813356168
hsa-mir-551b,0.02740835390550874
hsa-mir-940,0.027003764931437385
hsa-mir-5698,0.024170696969287763
hsa-mir-6884,0.023886972009158784
hsa-mir-3173,0.023162961533249798
hsa-mir-6777,0.021724999485176862
hsa-mir-2110,0.02171660267077873
hsa-mir-1915,0.021083053529801377
hsa-mir-1538,0.018647895168221074
hsa-mir-378a,0.012216083673187206
hsa-mir-22,0.010692949447598733
hsa-mir-4326,0.007539558720341813
