Feature,Info_Gain_General,Info_Gain_Stage,Info_Gain_Subtype
hsa-mir-4731,0.010480092385037776,0.0,0.0178070268777899
hsa-mir-3661,0.009895279882541463,0.0015144661012937988,0.0
hsa-mir-4257,0.009354875194632073,0.0,0.007999899636729424
hsa-mir-5690,0.009244271059091314,0.029414785451765457,0.02330576717145827
hsa-mir-181d,0.009048764827392808,0.04295767894864788,0.007887133479072439
hsa-mir-4637,0.008742756314789712,0.036809072892034056,0.008290711711866239
hsa-mir-526a-2,0.008537131883191829,0.0,0.011825412385229273
hsa-mir-5583-1,0.008407840370621256,0.028447447808759296,0.017799199560090795
hsa-mir-203b,0.008401717859938929,0.014608087165368211,0.0
hsa-mir-509-1,0.008128940141206131,0.012534603942109701,0.011124451904989119
hsa-mir-4501,0.008110530407939631,0.027992359289168434,0.011661530262838893
hsa-mir-4802,0.007921820057633422,0.0,0.03140797085217928
hsa-mir-4471,0.0077838588043903645,0.006883783041883973,0.0
hsa-mir-6880,0.007590021151371751,0.0,0.016753012835565517
hsa-mir-548ac,0.0074586604831184955,0.02463059780519261,0.0
hsa-mir-381,0.007227530866021459,0.026695105755985882,0.0015121993374695997
hsa-mir-4740,0.007062030991398349,0.006642664803332643,0.012401393095184954
hsa-mir-6849,0.007013687273709435,0.0,0.002524945819508684
hsa-mir-5088,0.006872322750723137,0.0,0.00629382882833629
hsa-mir-4513,0.006840922158078855,0.008427283725197743,0.0011215069807726241
hsa-mir-6720,0.006618400136191971,0.0,0.006036325433681711
hsa-mir-941-1,0.006448509309711525,0.0017254059444145042,0.018309507808763614
hsa-mir-17,0.0063508694112486275,0.0,0.0010259923525071102
hsa-mir-589,0.006284949621876756,0.0403113091395082,0.0
hsa-mir-4684,0.0062684712942675525,0.0,0.015815203781143206
hsa-mir-3908,0.006187749152284483,0.0027246861852141535,0.023174799162024806
hsa-mir-5572,0.006177318242981067,0.01642181367384321,0.010250177712797015
hsa-mir-6829,0.006176674399401394,0.024423379946042267,0.0183792297183194
hsa-mir-4264,0.00607089438999131,0.011559808580013708,0.0009344029391622488
hsa-mir-5589,0.006066113260418504,0.0,0.017766808081321583
hsa-mir-466,0.0060272685250875035,0.002394869805927957,0.007415923676193703
hsa-mir-145,0.005979523081929061,0.0,0.0
hsa-mir-770,0.005961075410147898,0.0,0.0
hsa-mir-6768,0.005911030495594605,0.0028979704948457474,0.04070063405496116
hsa-mir-1273g,0.005889395902177075,0.006936371025500154,0.0
hsa-mir-6875,0.005846369720848732,0.0,0.0
hsa-mir-3145,0.005736086374352745,0.005710523083159114,0.0
hsa-mir-572,0.005735386931867703,0.0,0.01042180027743278
hsa-mir-23c,0.00572251246752653,0.004826367095994044,0.005834113871911795
hsa-mir-200c,0.005596073230573317,0.004444620931607357,0.0
hsa-mir-4277,0.005530270256347225,0.0,0.015727375669349897
hsa-mir-3144,0.005524422158973863,0.02365578504308541,0.009414052065884082
hsa-mir-520f,0.005497917134364538,0.0,0.0001820405073520437
hsa-mir-548i-1,0.0054222549712618084,0.02806176574767294,0.010269856731732085
hsa-mir-6090,0.005410289457936757,0.0,0.01827382403954103
hsa-mir-4472-1,0.005408925032791334,0.003056569164296974,0.0
hsa-mir-4756,0.005370799092422662,0.006636860740674155,0.0
hsa-mir-135a-2,0.005369404126068789,0.0,0.002882090654574121
hsa-mir-193b,0.005365149257971158,0.0,0.0
hsa-mir-6796,0.005326300671625539,0.010628732069679181,0.005164013296973247
hsa-mir-4794,0.005319103018675997,0.009212024310328637,0.0
hsa-mir-370,0.005307342479816901,0.0,0.015430056266156678
hsa-mir-3692,0.0052896300572694566,0.0,0.013814306061521231
hsa-mir-6499,0.0052762579578080615,0.013762183610082523,0.0030899708619047672
hsa-mir-1193,0.005269428927060726,0.04055742029557141,0.018121795622655146
hsa-mir-19a,0.005268032495648778,0.008484717977800038,0.0
hsa-mir-1908,0.0052410423901130265,0.010844410211563016,0.0
hsa-mir-4638,0.005180762865369171,0.0,5.653482022527356e-07
hsa-mir-3124,0.005175688527896849,0.0,0.03081551594868115
hsa-mir-4466,0.005157300110949281,0.01990871592434651,0.020902094596418674
hsa-mir-6769b,0.005130019231074812,0.0028764699814294303,0.0
hsa-mir-6777,0.005114962725946581,0.0,0.0
hsa-mir-6865,0.005104088834293807,0.012411138087784934,0.0
hsa-mir-299,0.00509579472317534,0.0,0.009021909957326102
hsa-mir-3156-1,0.0050668975805047145,0.0,0.03470143241647916
hsa-mir-320d-1,0.005060537472573401,0.0,0.0
hsa-mir-515-2,0.005022695783247322,0.0009470110564175904,0.0055305574858079964
hsa-mir-6852,0.00499518159910628,0.0,0.0
hsa-mir-219a-1,0.004974415135784338,0.004354306783016959,0.0013961625177083548
hsa-mir-378d-1,0.00496012208880392,0.0,0.0234819136311184
hsa-mir-1197,0.004940102714678263,0.02208871988393879,0.0006405537423521679
hsa-mir-521-2,0.004920333128708654,0.0,0.0
hsa-mir-617,0.0049069790547833225,0.0,0.024539189117295468
hsa-mir-3920,0.0048991323906919515,0.0,0.015697062141903695
hsa-mir-410,0.004877217317905136,0.001745096525958445,0.0
hsa-mir-6733,0.004823576176778532,0.008080756089666519,0.0
hsa-mir-5191,0.0048027635256363554,0.006215412725534275,0.022868580620037715
hsa-mir-6732,0.004751321301542988,0.009118954875037222,0.002542108282183708
hsa-mir-5704,0.004723731575258516,0.009390831688841583,0.0
hsa-mir-4282,0.004673197513130667,0.022455370961026677,0.01611065132834355
hsa-mir-501,0.0046640362997570906,0.0,0.0
hsa-mir-320e,0.00466374839661432,0.019265594461305824,0.0
hsa-mir-4454,0.004656876813771693,0.0,0.02482129566573521
hsa-mir-5192,0.004650298412648413,0.0,0.027071055681325173
hsa-let-7a-2,0.004615982936705065,0.0,0.023205113666310284
hsa-mir-454,0.004606878118413205,0.03312048254537192,0.01135235448485905
hsa-mir-8086,0.004604015978441511,0.03276986986842623,0.0
hsa-mir-30b,0.0046023619845110275,0.008217736414483312,0.006616715953783103
hsa-mir-548aj-1,0.00459855586133473,0.012288831356813468,0.020937218288626047
hsa-mir-195,0.004593155113983838,0.004253988462660008,0.009133758803435477
hsa-mir-6776,0.0045920898992887205,0.020853636930275865,0.0
hsa-mir-3118-1,0.004538867661541657,0.0,0.00474705979269463
hsa-mir-6799,0.0045353451824596824,0.0,0.0
hsa-mir-181c,0.004530204039631003,0.0,0.0
hsa-mir-514a-1,0.004500946883866708,0.0,0.0
hsa-mir-618,0.004482753427355712,0.02741947847331616,0.015068480338233492
hsa-mir-488,0.004466895179148556,0.04194308700635441,0.013283175687036186
hsa-mir-516b-1,0.004448740984258404,0.024573860496528432,0.018384759225603453
hsa-mir-130a,0.004443940910204391,0.012975466111668332,0.0
hsa-mir-889,0.004435533160364158,0.0,0.0
hsa-mir-6511a-4,0.004412717952180012,0.02109222634064789,0.0
hsa-mir-767,0.004403909585453114,0.0,0.0
hsa-mir-325,0.004396049663226487,0.0,0.014882099773266377
hsa-mir-6818,0.004374513500954302,0.0,0.014100126308939975
hsa-mir-520a,0.004363027035980349,0.006097481802896709,0.0
hsa-mir-628,0.004352759441045961,0.0,0.0027930626287506755
hsa-mir-7154,0.004339123799072975,0.02211224018401614,0.0
hsa-mir-26a-1,0.0043264351197098705,0.0,0.0
hsa-mir-497,0.004323858762180555,0.0,0.01847889240286449
hsa-mir-548v,0.004311026497191506,0.018148483149403205,0.0
hsa-mir-127,0.004304432439285466,0.0,0.0
hsa-mir-3670-3,0.004300853562555829,0.0,0.0009206893880200351
hsa-mir-1303,0.004289795105403393,0.0009994169071569914,0.013708770934385495
hsa-mir-4752,0.004277953229217868,0.016218574366384075,0.011080701925649361
hsa-mir-4733,0.004267417556973685,0.016502001334376182,0.011419932658063514
hsa-mir-3132,0.004229835362259626,0.0,0.0
hsa-mir-1288,0.004226599368406969,0.0015567889439238591,0.0064366407986165
hsa-mir-6755,0.004201183202548253,0.04322983176285922,0.022944913702389602
hsa-mir-3690-2,0.004187559896748683,0.0,0.029317975850996936
hsa-mir-3662,0.004184211744320487,0.0,0.006285847099110953
hsa-mir-3182,0.00416753194242514,0.022069256065311293,0.0
hsa-mir-3927,0.004165473407250153,0.0,0.0
hsa-mir-450a-1,0.0041170032425295044,0.015527546790246483,0.016008338900822983
hsa-mir-1290,0.004027831191563247,0.0,0.0
hsa-mir-1302-3,0.0040234225915254385,0.03974664300848385,0.01868226653244842
hsa-mir-520d,0.00400170776677411,0.013724506023880867,0.010869881121763791
hsa-mir-1261,0.0039916274555288345,0.0047773329581461965,0.0
hsa-mir-199b,0.003977779655292335,0.012387592407931525,0.019291624468338098
hsa-mir-2052,0.003965899809508344,0.0,0.024145936211077856
hsa-mir-7109,0.0039527398410582615,0.0,0.005450033184188241
hsa-mir-642b,0.003934150254693236,0.01038383175703883,0.01711147166039395
hsa-mir-6801,0.003906587568269337,0.021870341240654234,0.01628763281196055
hsa-mir-1293,0.0038918614438187005,0.003782055039014409,0.002859877190784621
hsa-mir-103a-2,0.0038752169128470904,0.0,0.019171614200454767
hsa-mir-103a-1,0.003872637867129103,0.0,0.0463285148637993
hsa-mir-5011,0.003864414331376298,0.028764446711630143,0.0
hsa-mir-4429,0.0038568721366109004,0.0,0.0
hsa-mir-8060,0.0038443327339190425,0.01971250934270108,0.0
hsa-mir-802,0.0038110144344505326,0.019742729820408478,0.02562141950373653
hsa-mir-4431,0.003807790307943093,0.010036324874205249,0.0
hsa-mir-3938,0.003799144443154656,0.0010741186482157161,0.024569877164354992
hsa-mir-518f,0.00379506388661055,0.0,0.0
hsa-mir-4449,0.0037760861329259043,0.017336866814804175,0.0
hsa-mir-1273a,0.003774397121958817,0.0,0.004416292224543206
hsa-mir-3654,0.003771644106809302,0.011394186396291861,0.0
hsa-mir-2114,0.0037690641871531705,0.026385999423089057,0.002797400979423381
hsa-mir-4453,0.0037569436320084026,0.0,0.0
hsa-mir-4476,0.0037347948773378548,0.0,0.0
hsa-mir-3125,0.0036789786988973283,0.0,0.007748147355828738
hsa-mir-4477b,0.0036733078342336967,0.011599142060027656,0.0
hsa-mir-375,0.0036494776330413536,0.03424523621575304,0.0
hsa-mir-668,0.003645726692349527,0.001465330150085098,0.0
hsa-mir-1302-7,0.0036221782086860443,0.007173723784019703,0.008446632603991588
hsa-mir-548ak,0.0036164727326118973,0.019943613170153807,0.03614850667661518
hsa-mir-216a,0.003604913610260496,0.0,0.0
hsa-mir-4436a,0.0035889693053597904,0.0,0.0
hsa-mir-1271,0.003576484886790743,0.03814975917172081,0.010426140680772855
hsa-mir-6773,0.0035732601107703044,0.03585963453017804,0.019445381354694646
hsa-mir-4652,0.0035103737214092767,0.0,0.0
hsa-mir-527,0.003508027487741927,0.0,0.007125888188772134
hsa-mir-335,0.003488791823615056,0.0,0.008268191215109022
hsa-mir-6859-1,0.0034785934616869962,0.016287111300269608,0.004955684930504134
hsa-mir-580,0.0034724488273071286,0.0,0.0
hsa-mir-3940,0.00346120899448521,0.0,0.0
hsa-mir-596,0.0034553830503937233,0.0,0.024292059495946372
hsa-mir-4653,0.003452377810310603,0.0,0.005279337776060489
hsa-mir-522,0.003450592393475116,0.0,0.009329831144085254
hsa-mir-421,0.003439999918983472,0.006022023392928233,0.0
hsa-mir-4700,0.003426332020866174,0.0013077569578223702,0.0
hsa-mir-5681b,0.00341810090712491,0.0,0.0
hsa-mir-4529,0.0034172619550109085,0.0,0.02008105286788875
hsa-mir-6833,0.0034169506064352095,0.0,0.0
hsa-mir-6877,0.0033895089469282436,0.0,0.0
hsa-mir-4787,0.003368120437442168,0.0017483204080583903,0.0
hsa-mir-138-2,0.003363835077268784,0.009292954690359512,0.0
hsa-mir-654,0.0033609185348929538,0.02100279472207811,0.014536101316483752
hsa-mir-448,0.003360406809998051,0.0,0.011468859050587588
hsa-mir-4507,0.0033596455923451396,0.0101556308049644,0.0
hsa-mir-23b,0.003345230679710376,0.018789332927395375,0.0
hsa-mir-4432,0.0033416813503898135,0.0,0.0
hsa-mir-6876,0.003331155405192132,0.0,0.0
hsa-mir-1285-1,0.0033188709347821144,0.016899076454721662,0.02325050789254668
hsa-mir-346,0.0032622440005813935,0.025948440092618874,0.011847190774194827
hsa-mir-4292,0.003255354398370658,0.013412130454396376,0.021079469549799335
hsa-mir-3666,0.003239790920712249,0.023935410770064003,0.0
hsa-mir-4314,0.0032291271446782677,0.0,0.0011753259122502246
hsa-mir-571,0.0032234879938497496,0.010902381259889626,0.016378483281792144
hsa-mir-3622a,0.003221535508054596,0.011786202738446327,0.012248965055475347
hsa-mir-6074,0.003216632532379582,0.005992432010706761,0.01770810499917075
hsa-mir-4698,0.0032114574843020716,0.010300205180362898,0.02038749555388719
hsa-mir-1302-8,0.0031887196664216466,0.006177599071999662,0.04480327317259958
hsa-mir-26a-2,0.0031878012115301724,0.028067981506907813,0.01591462895257645
hsa-mir-4755,0.0031861138206266126,0.0,0.026427296736233785
hsa-mir-1304,0.0031828696644990995,0.006437984432133614,0.016605845985985468
hsa-mir-187,0.0031820836716257572,0.0,6.890253152591619e-05
hsa-mir-92a-2,0.003180941357937006,0.0,0.0
hsa-mir-3120,0.0031763337027133076,0.006508020387566038,0.0
hsa-mir-4774,0.0031752871272026084,0.02561656242386956,0.0
hsa-mir-1244-1,0.0031527612788236903,0.0,0.0056217868317960384
hsa-mir-4271,0.0031455875942083544,0.0015482196803437986,0.0
hsa-mir-3973,0.003142019237725502,0.0,0.006474382936580536
hsa-let-7a-1,0.0031339442397849693,0.0,0.0031589929773074843
hsa-mir-4791,0.0031326231605474097,0.0,0.0
hsa-mir-4474,0.0031317800202119717,0.0059428168217383615,0.0020598481013522907
hsa-mir-7161,0.003121576471737386,0.001905770393325401,0.021010134102892764
hsa-mir-3678,0.0030942856198236113,0.015378393809250213,0.007588093404093499
hsa-mir-4293,0.0030910210770577207,0.034958918637966185,0.0
hsa-mir-548aa-1,0.0030603961083619513,0.0,0.003421153450296144
hsa-mir-6824,0.0030591040658669577,0.009747226030647038,0.02364589681287499
hsa-mir-1470,0.003056769992168862,0.0,0.006286489687944652
hsa-mir-30d,0.0030277515635420693,0.0004709698094216286,0.013239380822563485
hsa-mir-5591,0.0030207630126619645,0.0,0.029496215271869186
hsa-mir-6080,0.00299236830671179,0.009042138679950185,0.006569522511922665
hsa-mir-4509-1,0.0029886511540487826,0.0069277986128124525,0.0
hsa-mir-1915,0.0029722076938376585,0.0006234705412673236,0.0
hsa-mir-92a-1,0.002969998442397759,0.0,0.0
hsa-mir-8087,0.0029640344464966217,0.004475197754591154,0.011174418202327674
hsa-mir-3160-2,0.0029639676586560304,0.0,0.0
hsa-mir-4686,0.002959625721708936,0.02753396914531203,0.005716953376017075
hsa-mir-6750,0.0029583813244706825,0.004499829390710364,0.0
hsa-mir-7974,0.0029521395289456853,0.0,0.002072715264306968
hsa-mir-185,0.002942445842466168,0.0,0.0059807433971144075
hsa-mir-595,0.002934712481428292,0.013878566085781863,0.005637723689518204
hsa-mir-4328,0.0029290123943274127,0.0,0.01389266186310878
hsa-mir-4716,0.002926645219834101,0.011432847618615849,0.0019881623419641947
hsa-mir-4665,0.002926119622022494,0.01745159821853992,0.03035853854651993
hsa-mir-4313,0.002912582809502684,0.0,0.0
hsa-mir-199a-1,0.002899104874838465,0.0,0.02485296375853041
hsa-mir-8066,0.0028812076513656804,0.0,0.0
hsa-mir-1273f,0.0028753044296956354,0.0,0.0
hsa-mir-744,0.002870686749293583,0.007001662267433595,0.023916420720997422
hsa-mir-508,0.0028695454090188477,0.0,0.0
hsa-mir-2355,0.0028690464214500278,0.0,0.0
hsa-mir-6749,0.002862492635742675,0.02408068266647989,0.0
hsa-mir-6763,0.002854535174399153,0.000780540917307615,0.01102434634974614
hsa-mir-6847,0.002851588145978412,0.0032891870844968807,0.0
hsa-mir-144,0.0028480622831064117,0.006881197316873422,0.0
hsa-mir-5582,0.002841993757172978,0.0,0.0
hsa-mir-196b,0.0028267152888385993,0.00707692371506452,0.0
hsa-mir-5685,0.0028152952204482107,0.027441344530175105,0.0
hsa-mir-3138,0.00280950342909303,0.0,0.02939002355777709
hsa-mir-548h-3,0.002792282750239572,0.008583619647596574,0.029077796578105053
hsa-mir-1203,0.002780582646716545,0.014700183768585617,0.0
hsa-mir-943,0.0027510907948936625,0.006241051712519763,0.01886522688639558
hsa-mir-514a-2,0.0027509626520064723,0.0,0.0
hsa-mir-6872,0.0027444878182055765,0.0,0.021267150945041502
hsa-mir-3605,0.0027398457649194796,0.0,0.004637637776237602
hsa-mir-28,0.002717987717086423,0.03609814401533962,0.010801809053322398
hsa-mir-8074,0.0027171759132249562,0.0,0.0
hsa-mir-548au,0.002715430638088545,0.0169878303176505,0.012413883910663115
hsa-mir-3655,0.0027066258165766577,0.0012212760083953889,0.0
hsa-mir-6757,0.0027061657666749284,0.0,0.0
hsa-mir-3612,0.002700887357513948,0.0024080213226822522,0.031619203246765704
hsa-mir-506,0.0026965117811830197,0.005363596700725726,0.0
hsa-mir-4786,0.002694499093793268,0.0,0.0
hsa-mir-6826,0.0026943838923133567,0.0011738140296810862,0.006714824163567279
hsa-mir-3909,0.002693946470546882,0.03138177817677734,0.03385993956580857
hsa-mir-3117,0.0026912542202849332,0.016257353091710502,0.008399551341468303
hsa-mir-6740,0.0026861548348852127,0.0,0.0
hsa-mir-6087,0.0026777444900001335,0.005537813991000284,0.012630912540955608
hsa-mir-105-1,0.0026672420783803164,0.0,0.02860212117923422
hsa-mir-194-1,0.00264444430023425,0.0,0.021143443546599583
hsa-mir-6761,0.00263397157390588,0.006810212318041575,0.02150715475334608
hsa-mir-1268b,0.0026125930444759193,0.0019315455964834527,0.0
hsa-mir-4657,0.002608168285538448,0.0,0.0
hsa-mir-4669,0.002606990401564202,0.01337946429061665,0.028159875492752118
hsa-mir-4632,0.0026002927316792768,0.03159627599994019,0.026919028252009314
hsa-mir-558,0.002594097368382564,0.0,0.007065329341592541
hsa-mir-376c,0.002584605094839154,0.028622985658858013,0.01831383788257246
hsa-mir-6505,0.002582120956354461,0.0,0.0
hsa-mir-379,0.002581732901738798,0.0008678712440279845,0.00614416530593398
hsa-mir-548s,0.002578162960220065,0.0,0.0
hsa-mir-6077,0.0025726834190783476,0.0,0.022186167358499542
hsa-mir-6721,0.0025596884721332813,0.002266630374028189,0.008268300803033979
hsa-mir-4291,0.002555034552841118,0.0,0.006045038379911105
hsa-mir-3121,0.002550953736220496,0.011065555038652697,0.005101884475667173
hsa-mir-5189,0.002550366245460678,0.003882256107439641,0.0
hsa-mir-5186,0.0025450759644578547,0.03235859310434375,0.039826433793633154
hsa-mir-4708,0.002537895824274883,0.0,0.0
hsa-mir-4730,0.0025333737490694785,0.0,0.018865824109797646
hsa-mir-6760,0.0025309336936293336,0.03252444871280291,0.022738513543677286
hsa-mir-202,0.0025250865278778623,0.0,0.0007519961463116065
hsa-mir-4524b,0.0025110703819832825,0.010207849821150639,0.0
hsa-mir-4635,0.002498068407001619,0.005045468034408529,0.0
hsa-mir-1973,0.002497599193795108,0.0,0.0
hsa-mir-3155a,0.0024914986667370354,0.0,0.0
hsa-mir-4504,0.0024914248579962495,0.0,0.0
hsa-mir-676,0.0024824991669334384,0.007612081830029371,0.0
hsa-mir-4656,0.002475690433808686,0.0,0.00777637591555691
hsa-mir-3687-2,0.0024723013402783156,0.0,0.0
hsa-mir-4444-2,0.002469169272408256,0.003959292950070914,0.0
hsa-mir-1273c,0.0024656597568142313,0.024540274021800812,0.0
hsa-mir-569,0.002453613294758683,0.04856742534335412,0.0
hsa-mir-4538,0.0024502700640168795,0.0,0.001683254326678929
hsa-mir-5586,0.0024415850626462454,0.011791136974927507,0.0
hsa-mir-4290,0.0024363721555005213,0.0,0.009540200001425747
hsa-let-7a-3,0.002434955392326077,0.0,0.001182887439598046
hsa-mir-6735,0.0024239912679785425,0.017442035674639644,0.0066855141114408045
hsa-mir-1278,0.002420985896137373,0.013497804132818647,0.0
hsa-mir-4659b,0.0024070270751292977,0.003532071667896819,0.02106169596823415
hsa-mir-4634,0.0024030787295555855,0.012263717449040534,0.0
hsa-mir-548aw,0.0023942251325760333,0.0,0.005164401909416583
hsa-mir-3192,0.002393091101499656,0.0,0.008284757045607938
hsa-mir-6853,0.002387147786685917,0.0,0.0003459276732946659
hsa-mir-5684,0.002386558467277866,0.008581838281236376,0.0
hsa-mir-199a-2,0.0023784554520797085,0.010640321828680133,0.0060629716300839576
hsa-mir-224,0.0023763117652366716,0.0,0.0128048382756627
hsa-mir-3688-1,0.002366485480835512,0.0,0.004988208468562405
hsa-mir-4693,0.0023622019331092092,0.0012946071307768925,0.0
hsa-mir-6724-2,0.0023617442485948104,0.0018839857454264752,0.0
hsa-mir-3186,0.0023593907691378257,0.012683232795538402,0.0
hsa-mir-4691,0.0023509860080934697,0.01624365241171999,0.0029587491276974465
hsa-mir-134,0.002349511506134272,0.0,0.017950527840965957
hsa-mir-4509-2,0.0023452648262336506,0.00410592037298807,0.025522102308614292
hsa-mir-4667,0.0023410915543733424,0.0,0.0
hsa-mir-3648-2,0.002312655225690574,0.0012093790600520293,0.0
hsa-mir-105-2,0.002303446376609175,0.0,0.015518371801015451
hsa-mir-548ah,0.0022953996486803074,0.01777583791433912,0.0025246590296232885
hsa-mir-423,0.0022858258765171557,0.0,0.0
hsa-mir-4718,0.0022833658312028104,0.0015134791323108132,0.008073665504695793
hsa-mir-922,0.0022829684007352746,0.0,0.018417373794330505
hsa-mir-433,0.002277874101765165,0.012515513270679346,0.0
hsa-mir-29b-1,0.002273004707798787,0.015281842067862872,0.0
hsa-mir-2681,0.0022720246588452397,0.0,0.009970737666024299
hsa-mir-6793,0.00226585140880875,0.0,0.0009825154918166046
hsa-mir-4258,0.002251467977196664,0.0,0.0
hsa-mir-4321,0.002248938248002763,0.004150050287794915,0.0
hsa-mir-6748,0.0022470567021853904,0.0,0.0
hsa-mir-3945,0.0022361795354415293,0.025147312545820366,0.0013724508923373957
hsa-mir-6502,0.0022328118353717175,0.0,0.0
hsa-mir-675,0.0022267596280571844,0.0,0.0
hsa-mir-7703,0.002223976821835505,0.010820910553582586,0.0
hsa-mir-6512,0.0022171845539257218,0.0009255980363955807,0.0
hsa-mir-329-1,0.0022135698324807773,0.0015692052490221542,0.0
hsa-mir-3198-2,0.002196156826335116,0.018662948957816727,0.008459747817682661
hsa-mir-3174,0.0021758208353775954,0.0026322887298757536,0.0
hsa-mir-4478,0.002169989988635379,0.0,0.010627345466838856
hsa-mir-1321,0.0021682921789969445,0.0,0.0
hsa-mir-153-1,0.0021652752076842807,0.040028461936648,0.001960321975499335
hsa-mir-559,0.002162091094248253,0.0011322975052232565,0.0
hsa-mir-500b,0.0021550514618942085,0.03126634684605589,0.013226917593188281
hsa-mir-8062,0.0021451282951304718,0.0,0.008906338668780656
hsa-mir-217,0.0021282458788439707,0.0077566093065994934,0.0018836668353847674
hsa-mir-3613,0.0021218607026166625,0.0,0.01616039773286948
hsa-mir-154,0.002107050206417549,0.001540026207510703,0.0
hsa-mir-3680-2,0.0020983879242975068,0.005973052675782409,0.00414166806184002
hsa-mir-935,0.0020948216140138642,0.028046269822355363,0.018397751826291664
hsa-mir-3913-2,0.0020927107528073696,0.0,0.0
hsa-mir-4424,0.002087957094414339,0.0,0.040116265373261184
hsa-mir-523,0.0020763703668468247,0.007615745916596417,0.03136136964046554
hsa-mir-4498,0.0020655197213335086,0.0,0.002094802636511295
hsa-mir-1976,0.00205829322247697,0.0,0.00670009142036454
hsa-mir-3166,0.0020531833827122092,0.0028495565699873104,0.0
hsa-mir-6789,0.00205274329892291,0.0424338455497395,0.0
hsa-mir-194-2,0.002045166429445411,0.0,0.017728893785706523
hsa-mir-6794,0.002044527996686085,0.009365183247069808,0.037425725010517885
hsa-mir-6727,0.0020442445830332057,0.0,0.0013620451126872268
hsa-mir-3154,0.0020409633994347143,0.0,0.004888509083299519
hsa-mir-503,0.0020342080319609712,0.0061840176552023784,0.0
hsa-mir-519d,0.0020292040734836148,0.0007520127845710434,0.01387729799962778
hsa-mir-1250,0.0020286299095384486,0.0,0.0
hsa-mir-196a-1,0.002024441335271132,0.011319257157310858,0.022111124029550844
hsa-mir-1279,0.0020210694827504927,0.0,0.0
hsa-mir-6503,0.002015370513813064,0.0,0.012020845925077683
hsa-mir-6821,0.0020095972120536265,0.012257478849686976,0.014905903989957059
hsa-mir-4636,0.002009121356441268,0.0,0.0
hsa-mir-615,0.0020056889266515388,0.0,0.0
hsa-mir-4797,0.0020052456646589834,0.0,0.007615535808881635
hsa-mir-3147,0.0019986108669717284,0.0,0.007988133190209412
hsa-mir-3685,0.0019972625095472374,0.012995776619576294,0.0
hsa-mir-1249,0.0019925548602610643,0.0,0.0023375821485434045
hsa-mir-606,0.0019921876062846122,0.0,0.0
hsa-mir-4640,0.001982600653905986,0.0,0.0
hsa-mir-6878,0.0019818642143766274,0.03618303569077419,0.0
hsa-mir-27b,0.0019793144362271198,0.0,0.02412787111625936
hsa-mir-4485,0.0019787925335943424,0.0,0.0
hsa-mir-3158-1,0.001976357447329269,0.0,0.018180430625303723
hsa-mir-548z,0.0019728061494219684,0.015648367120041584,0.0
hsa-mir-1262,0.0019529005146949885,0.0,0.0010320115240740613
hsa-mir-4512,0.0019508404683682423,0.015126463553043923,0.011608449215044336
hsa-mir-513a-1,0.0019470612475903648,0.02850110215832169,0.01672124719773227
hsa-mir-4717,0.001944736931929869,0.0,0.010460790418341137
hsa-mir-4660,0.0019432408181874194,0.01619966938338946,0.023684228246016126
hsa-mir-3153,0.0019404245480416638,0.011236770965303844,0.0
hsa-mir-941-4,0.0019323819919075946,0.009501548943010363,0.00877065592043702
hsa-mir-662,0.0018920756845521858,0.0,0.000712587514789309
hsa-mir-5004,0.001889314470280068,0.003754061817858645,0.0
hsa-mir-520e,0.001888144560551419,0.007018960960894383,0.0034099124517259494
hsa-mir-4793,0.0018793478802562325,0.010734587078637503,0.0
hsa-mir-3140,0.0018625731219304997,0.0,0.0
hsa-mir-495,0.0018565193039927763,0.012231436648406202,0.008175854960629891
hsa-mir-7973-1,0.001854373907313689,0.007637214296072337,0.010847539887653967
hsa-mir-4680,0.0018431541915464589,0.0,0.007131505787891568
hsa-mir-431,0.0018418854642324733,0.0,0.01728849470121352
hsa-mir-4748,0.0018396337927484296,0.0,0.017194990943439903
hsa-mir-3689b,0.0018395556753694198,0.003838242077566889,0.02892425300048962
hsa-mir-3064,0.0018385956135082981,0.0,0.01701554831040153
hsa-mir-4487,0.001833940370481013,0.031023963757005113,0.023213405948323107
hsa-mir-4327,0.0018211063848889708,0.0,0.02642131440086315
hsa-mir-509-2,0.0018187534274056727,0.0,0.0
hsa-mir-639,0.0018185873620297777,0.007104177434813064,0.020383684183503892
hsa-mir-5701-2,0.0018093802452702201,0.013012629408652554,0.012204088488152465
hsa-mir-7157,0.0018037890462621053,0.01683279945936267,0.018421862268644285
hsa-mir-369,0.0018037174555750601,0.026852277920117018,0.0
hsa-mir-1273d,0.001798471934374879,0.0,0.01909230881699564
hsa-mir-23a,0.0017967430471712564,0.024190738586014504,0.009811525595291304
hsa-mir-3149,0.001794565367566392,0.012384450320060747,0.011141873736575159
hsa-mir-493,0.001781313707128307,0.0,0.008198548812394346
hsa-mir-887,0.0017799508640804484,0.0,0.00919341545329444
hsa-mir-133a-2,0.0017778272855404342,0.022829173109748968,0.005388187254764754
hsa-mir-3183,0.001777502729336633,0.0,0.02240327619075888
hsa-mir-4260,0.0017756108229090017,0.0,0.0
hsa-mir-1204,0.001762753517788651,0.007182141094667749,0.0
hsa-mir-197,0.0017574130548814182,0.0,0.014037112120612427
hsa-mir-372,0.00175365614379841,0.0021051493759070006,0.0
hsa-mir-708,0.0017483593057916469,0.01461154571644041,0.0
hsa-mir-10a,0.0017389374788129297,0.0,0.0
hsa-mir-4486,0.0017248687334299184,0.011238833599996667,0.013977137748529156
hsa-mir-487b,0.001717989314097057,0.017937118510275685,0.0
hsa-mir-4785,0.001715966268179936,0.011939784230886374,0.008871448749880662
hsa-mir-1255b-2,0.001704505934225553,0.010972070761613217,0.013749256137943977
hsa-mir-329-2,0.001694356653132667,0.0,0.027273313519123432
hsa-mir-211,0.0016898297869472056,0.0,0.0
hsa-mir-4419b,0.001662671353027001,0.009783523446877052,0.012194585045800954
hsa-mir-5100,0.0016624886846076103,0.0,0.0
hsa-mir-192,0.0016565575103836272,0.01619340326299934,0.01851799713596547
hsa-mir-7704,0.0016390424880227128,0.046536126606532946,0.02063459071523388
hsa-mir-6079,0.0016131873664253504,0.020198636992539765,0.0
hsa-mir-548i-4,0.00161107729649268,0.00022058080003306557,0.02134226590114574
hsa-mir-6126,0.0016079147137038063,0.0,2.389825873905238e-05
hsa-mir-4742,0.0015998497688920477,0.0,0.0037885905517487384
hsa-mir-1471,0.0015751668755139558,0.0,0.019875091129868627
hsa-mir-4524a,0.0015703334462757734,0.0,0.0
hsa-mir-920,0.0015615843410757835,0.0,0.01637482833280024
hsa-mir-1295b,0.0015514674389387473,0.000539731440857949,0.0
hsa-mir-517a,0.0015445644950067283,0.0,0.006975061292572748
hsa-mir-548j,0.0015231503766353072,0.005925267104665455,0.024213933643160157
hsa-mir-7158,0.0015183639084878076,0.006675393581745848,0.0
hsa-mir-548d-2,0.0015141793781999757,0.0,0.011868914781097972
hsa-mir-4268,0.001505675594784539,0.00281892055604116,0.003675552288957551
hsa-mir-1264,0.0014918324646410186,0.007356015152186757,0.004425247991934889
hsa-mir-3939,0.0014882721550298905,0.0,0.008675156584230459
hsa-mir-4803,0.0014834943195843886,0.016876999099469714,0.013192699089209947
hsa-mir-2113,0.0014832924921471813,0.0,0.003983143446760984
hsa-mir-4642,0.0014822333791737474,0.005638811213173778,0.0
hsa-mir-5705,0.0014755699968173053,0.0,0.0050656966417454985
hsa-mir-188,0.0014735713854808763,0.0,0.0
hsa-mir-8080,0.0014724671187742455,0.0,0.003976030583188184
hsa-mir-21,0.001468582663646134,0.006740231046726386,0.0
hsa-mir-6806,0.0014609455527457849,0.047535139283598316,0.012376948686350753
hsa-mir-4520-2,0.0014581905952015806,0.0004696935270143143,0.0
hsa-mir-6861,0.0014566717375839033,0.0,0.0
hsa-mir-1323,0.0014529344388655163,0.0047816726109135566,0.0
hsa-mir-320b-1,0.0014413127919457036,0.0,0.0
hsa-mir-5587,0.0014340023773181665,0.0,0.0
hsa-mir-6846,0.0014302851684209195,0.0,0.01661461436255518
hsa-mir-4764,0.001420125844312503,0.0,0.0
hsa-mir-6804,0.0014178189620418502,0.0,0.0
hsa-mir-3165,0.0014165778819031916,0.021115377947911185,0.005339070017254421
hsa-mir-4526,0.0014144943358418427,0.008244055115990356,0.00320716919627273
hsa-mir-3139,0.001396003826686365,0.03429079850895134,0.0
hsa-mir-563,0.001381577557762581,0.0,0.0
hsa-mir-938,0.0013799992025489427,0.01948714314797728,0.00916336256685879
hsa-mir-4516,0.0013775382577916329,0.00688931697599271,0.007024554305793185
hsa-mir-302c,0.0013695676176360694,0.016208310402511028,0.011881931256420897
hsa-mir-4265,0.0013664348880818578,0.02195566059929721,0.018304528608711568
hsa-mir-543,0.0013646731699435977,0.0,0.0
hsa-mir-1255b-1,0.0013634433669627022,0.025456246010348238,0.0
hsa-mir-1286,0.0013549965574572997,0.03147519950174393,0.0
hsa-mir-518a-2,0.0013489549797833789,0.0,0.0
hsa-mir-6129,0.00134843397077955,0.0,0.027749285151990488
hsa-mir-432,0.0013424620731669057,0.010672488698610927,0.0011074518014815293
hsa-mir-504,0.0013342098122697266,0.03647543723512703,0.0
hsa-mir-4676,0.001329081454323422,0.027207903107497877,0.015559459133311915
hsa-mir-6874,0.0013274397656108938,0.0,0.0
hsa-mir-4727,0.0013264432153727856,0.0,0.0
hsa-mir-4322,0.0013258922491213854,0.0,0.01363208742538502
hsa-mir-6069,0.0013185405731717115,0.0,0.0
hsa-mir-4713,0.0013044840293060522,0.01536956700887293,0.0
hsa-mir-4746,0.001295777552006827,0.021742200008576962,0.008080124172294756
hsa-mir-7856,0.0012938420641906978,0.028388220558241528,0.0
hsa-mir-3157,0.001287927335578587,0.0,0.0
hsa-mir-6786,0.001285692017162554,0.0,1.7070839646748937e-05
hsa-mir-3179-4,0.0012725705683062083,0.00367896815689317,0.005743858145270009
hsa-mir-6854,0.0012710202433341422,0.0,0.0036735780978225385
hsa-mir-148b,0.0012708639649937625,0.001507406033602443,0.021479157639859192
hsa-mir-5703,0.0012705178169275522,0.0016797484505652882,0.0
hsa-mir-6510,0.001257664026656835,0.0,0.0
hsa-mir-6860,0.0012547510265371598,0.01644394694345852,0.0
hsa-mir-374c,0.001253457330380181,0.0,0.012369888650563654
hsa-mir-7641-2,0.0012515452684930262,0.0,0.0009708006796800284
hsa-mir-4706,0.0012397650295727924,0.014960755172921836,0.0
hsa-mir-3130-2,0.001237394331642827,0.028937142127950732,0.0
hsa-mir-6811,0.0012315738315674674,0.0120685018419735,0.0
hsa-mir-620,0.0012306124553047582,0.005973996941007087,0.0
hsa-mir-7846,0.0012245084447453092,0.0,0.0124045292688999
hsa-mir-548f-1,0.0012149765592446293,0.014279220511620228,0.0016112688597067493
hsa-mir-4682,0.0012139467810393656,0.01982117512738446,0.0
hsa-mir-6881,0.001213306734019426,0.0,0.0
hsa-mir-500a,0.0012128280697991656,0.028198021985677446,0.0
hsa-mir-4673,0.0012122504174459925,0.0,0.008836332136971548
hsa-mir-3689d-2,0.0012104233085086236,0.018115470116546906,0.0
hsa-mir-4801,0.0012087731881454955,0.013928708782411814,0.011650815137692616
hsa-mir-3199-1,0.0012037287638096972,0.0,0.0032999771389987664
hsa-mir-6884,0.001200218620965865,0.0,0.028228467562479542
hsa-mir-579,0.0011967985794146818,0.0,0.013794614073071143
hsa-mir-8082,0.0011931258782990062,0.0,0.013269477579390676
hsa-mir-1178,0.00118945053241859,0.0,0.0
hsa-mir-6873,0.0011852733290051987,0.01486516579580277,0.0
hsa-mir-3936,0.0011834666435790453,0.007727938409926249,0.00821045222682737
hsa-mir-3929,0.001180938661954123,0.0,0.0
hsa-mir-331,0.0011786403188606132,0.0,0.0
hsa-mir-1265,0.0011775734469781085,0.00015860088277941387,0.01646736236699553
hsa-mir-6716,0.001164063372134705,0.0,0.015370574247652424
hsa-mir-4272,0.0011593607166613396,0.0,0.006315840957082486
hsa-mir-513c,0.0011581405268631384,0.02776761242616077,0.006484529055502897
hsa-mir-582,0.0011558866591112604,0.0023150245440342054,0.016228182338748676
hsa-mir-3665,0.0011526358301201522,0.0,0.0063231566186499055
hsa-mir-4458,0.0011519836856815902,0.010333525637904462,0.003366703118184766
hsa-mir-6810,0.0011474614586677312,0.025973323595543718,0.002520717653677007
hsa-mir-4758,0.0011448268485159119,0.0,0.04816645230741523
hsa-mir-8071-2,0.0011415189319107233,0.0190963303295133,0.006611543766714245
hsa-mir-1243,0.0011372942243749184,0.020060286543748695,0.0
hsa-mir-1229,0.0011345702085979736,0.0,0.0
hsa-mir-4275,0.0011332832758077505,0.004549423911360151,0.007598540138510801
hsa-mir-4465,0.0011275479158739943,0.026973044982455452,0.023296057538290116
hsa-mir-5009,0.0011230362638955382,0.0,0.01710561156052104
hsa-mir-147a,0.0011207172286654687,0.0,0.03672041024486594
hsa-mir-6770-2,0.001119504158740181,0.0,0.0
hsa-mir-5701-1,0.0011146928868080996,0.0,0.0007498609320788496
hsa-mir-1305,0.0011117415072728898,0.0,0.0
hsa-mir-3975,0.001108662722237308,0.0,0.0
hsa-mir-5087,0.001103887133316661,0.04549786162767022,0.0
hsa-mir-4779,0.0011024271707972266,0.0,0.0070592305733077065
hsa-mir-492,0.0010926407528052406,0.0,0.0
hsa-mir-5010,0.00109148935791481,0.0,0.0
hsa-mir-5700,0.0010870339036501697,0.0,0.0
hsa-mir-622,0.0010859972431818132,0.007845168366078958,0.0
hsa-mir-3649,0.0010683513658515942,0.009189179497438804,0.0
hsa-mir-6747,0.0010657668176491386,0.0,0.007020386407052159
hsa-mir-664b,0.0010599020855310837,0.0,0.0
hsa-mir-517c,0.0010597502504807732,0.02298698850945069,0.0
hsa-mir-765,0.001055355294235727,0.0,0.028071125873973424
hsa-mir-8056,0.001048029870244327,0.0,0.0
hsa-mir-4715,0.0010471209863041064,0.0,0.017109759490902654
hsa-mir-509-3,0.0010428211873166893,0.0,0.0
hsa-mir-5006,0.001039887893754976,0.0,0.0
hsa-mir-520h,0.0010376744684046368,0.0,0.011933838867607793
hsa-mir-4633,0.0010366700515018756,0.01085419863621695,0.0
hsa-mir-1298,0.001032219927887268,0.018074322672279042,0.0269956083906997
hsa-mir-3151,0.0010298315390930846,0.0,0.00044297267345116964
hsa-mir-6834,0.0010274345589076361,0.0,0.003991317127708838
hsa-mir-515-1,0.0010270816100200753,0.011697169931426554,0.0
hsa-mir-541,0.0010259757751480691,0.020790189594563024,0.0
hsa-mir-1913,0.0010218141553693938,0.0,0.0
hsa-mir-648,0.0010195080404101775,0.022395106448461988,0.012061944726851737
hsa-mir-6132,0.0010175321803234105,0.0005318684294750575,0.006101974995082138
hsa-mir-942,0.001016588573371835,0.0,0.011348456309461019
hsa-mir-665,0.0010163224585051367,0.0,0.00619381147815834
hsa-mir-4662b,0.001005947522678019,0.010749983582069689,0.008638265527141753
hsa-mir-3065,0.0009829725437764392,0.0,0.013502326904089035
hsa-mir-133a-1,0.000977535574887889,0.0,0.01292785040384703
hsa-mir-3194,0.0009758264919802473,0.008720000351526647,0.0
hsa-mir-3646,0.0009747610780940219,0.0,0.0
hsa-mir-4483,0.000973505766834748,0.009229583076409753,0.0016554261572261364
hsa-mir-181b-2,0.0009669185270257952,0.0,0.004520603909286214
hsa-mir-611,0.00096048909434443,0.001325011767514539,0.021112811551645905
hsa-mir-302d,0.0009509557777018784,0.0,0.0
hsa-mir-100,0.0009498374132367315,0.008889442467381325,0.01316642169983262
hsa-mir-548a-3,0.0009471972283421337,0.013978905370314099,0.0029762677713329744
hsa-mir-3691,0.0009319161325684888,0.0005354575630325265,0.0077745540724099005
hsa-mir-586,0.0009291669093371979,0.0,0.00635170362343751
hsa-mir-6883,0.0009176959258100359,0.038848346939534206,0.0
hsa-mir-5093,0.0009137696238478155,0.0,0.0
hsa-mir-3621,0.0009074814148062327,0.01518121697329411,0.0
hsa-mir-874,0.0008975699932796122,0.0,0.006184894810036479
hsa-mir-5692b,0.0008940784576493277,0.012659963656983297,0.015419734024829657
hsa-mir-3201,0.0008935450179266002,0.0,0.0
hsa-mir-526b,0.0008876833050337485,0.005388023670140463,0.0
hsa-mir-6808,0.0008825690045584089,0.0,0.0
hsa-mir-18a,0.0008720769550365493,8.017760372736049e-05,0.0
hsa-mir-496,0.0008707562525791523,0.007864717101745189,0.0
hsa-mir-4433b,0.0008671734761445116,0.0,0.023031280584378644
hsa-mir-5694,0.0008668648251797251,0.0,0.0
hsa-mir-548bb,0.0008598689595943343,0.01928505724700491,0.010158773192096904
hsa-let-7f-2,0.000858267020929615,0.0,0.0
hsa-mir-296,0.0008489647840368431,0.0,0.0
hsa-mir-5691,0.0008480723574825211,0.0,0.003489109302547755
hsa-mir-4430,0.0008376572797700321,0.0,0.0
hsa-mir-4505,0.0008372509159618735,0.0,0.0006307677650279064
hsa-mir-4804,0.0008320898255238518,0.00826337386108511,0.0
hsa-mir-548ad,0.0008282541471995586,0.0,0.002797179884661105
hsa-mir-3922,0.0008275338397587539,0.0,0.01641231163246326
hsa-mir-6785,0.0008201187630269002,0.01996933209378815,0.0
hsa-mir-5190,0.0008195400292192456,0.022346011209033456,0.008981839431091876
hsa-mir-6859-3,0.0008167426985624671,0.025101306238175525,0.0031763616661579785
hsa-mir-4312,0.000808768299877971,0.0045954791637679016,0.007691493913621228
hsa-mir-151a,0.0008047337117240705,0.0027656645102260846,0.0
hsa-mir-6850,0.0008022621346748249,0.001820199571189729,0.005045279830529603
hsa-mir-1255a,0.0007971352692518474,0.0,0.016320283597638152
hsa-mir-7152,0.0007963345776496045,0.004250850612075752,0.0
hsa-mir-1302-6,0.000792591080461591,0.03148810623215281,0.0
hsa-mir-6813,0.000790747330212338,0.0,0.0
hsa-mir-4537,0.0007809063679532491,0.020429273913792123,0.0
hsa-mir-548m,0.0007798518006535415,0.011189356704902398,0.021131168586496996
hsa-mir-4283-1,0.0007757627677555945,0.0,0.0
hsa-mir-551b,0.0007732931749867555,0.007555381353900881,0.0
hsa-mir-934,0.0007713920370261418,0.011604160216093007,0.020798982925774645
hsa-mir-4675,0.0007605220486809339,0.0,0.0155635993658092
hsa-mir-598,0.0007553047095297805,0.0,0.0
hsa-mir-4658,0.00074359720674122,0.00469023344151287,0.0
hsa-mir-190a,0.000742420776505992,0.0005818619293642691,0.006117844389602389
hsa-mir-4491,0.0007348063935361804,0.025426198877018358,0.0011706350311913027
hsa-mir-3653,0.0007346818573535918,0.009253604951638295,0.0027074533939648315
hsa-mir-5590,0.0007268573820995439,0.0,0.011720992924787454
hsa-mir-1914,0.0007197547990548392,0.0,0.0
hsa-mir-181b-1,0.0007158718990124546,0.0014000948851196071,0.0028873505144355605
hsa-mir-4661,0.0007137885774071151,0.003790381950461441,0.0
hsa-mir-365a,0.0007111013785545683,0.011223920870381487,0.0
hsa-mir-215,0.0007100540432725122,0.0,0.01558663843449093
hsa-mir-378j,0.0007090601302024435,0.0,0.0005366550184446872
hsa-mir-4795,0.0007073965653302539,0.0,0.0
hsa-mir-362,0.0007057462812005699,0.017312143622547627,0.0
hsa-let-7b,0.0007011265074484685,0.0012317733594384705,0.016172406537253048
hsa-mir-124-2,0.0006993916553057478,0.0,0.0
hsa-mir-378b,0.0006964169316273638,4.6565118614338985e-05,0.0
hsa-mir-3714,0.0006958744410939799,0.0,0.0
hsa-mir-636,0.000695375345870719,0.0,0.01880714742712697
hsa-mir-103b-2,0.0006936166076032535,0.007756573863295646,0.0
hsa-mir-3162,0.0006922804654319048,0.0015107733889556663,0.0
hsa-mir-548h-1,0.0006897748593488462,0.0,0.0
hsa-mir-320a,0.0006754285477460487,0.021253419583683097,0.0
hsa-mir-328,0.000674085557678672,0.00937836418127258,0.009028095598893282
hsa-mir-106a,0.0006709280456801414,0.022849498199980278,0.0
hsa-mir-576,0.0006701085320993672,0.011647728701677185,0.014506492122844161
hsa-mir-3663,0.0006698554012372071,0.003182570832546805,0.0
hsa-mir-876,0.0006659153275063723,0.0,0.0001812730216155245
hsa-mir-6781,0.000663346124124331,0.0,0.013117654450146787
hsa-mir-548i-3,0.0006623758170661853,0.0,0.0
hsa-mir-6076,0.0006582352373967204,0.004516037458820676,0.018345924656359758
hsa-mir-3127,0.00065753171034999,0.009457910656018864,0.017110680454560878
hsa-mir-626,0.000642253465383047,0.01571533610028064,0.002110198201104252
hsa-mir-4308,0.0006368104720828605,0.0,0.0
hsa-mir-6809,0.0006250662283431296,0.006365137648769004,0.0033064698195419684
hsa-mir-4285,0.0006244171436512458,0.016003824497942798,0.0075572120661191455
hsa-mir-933,0.0006230449187507592,0.0,0.008599010468880453
hsa-mir-4800,0.0006209205958389585,0.014076476671707638,0.0
hsa-mir-513b,0.0006141529282100988,0.04069302294299337,0.00985075594232887
hsa-mir-4324,0.0006095271745630848,0.005062409418659541,0.0
hsa-mir-32,0.0006062595934245296,0.010099099619640395,0.0
hsa-mir-4300,0.0006053338743728931,0.006445493594701368,0.02353534892408371
hsa-mir-429,0.0006013530624902064,0.0,0.0024912728491508496
hsa-mir-3118-3,0.0006013232175173799,0.0,0.0
hsa-mir-4253,0.0005962623497114405,0.020921546925409817,0.0
hsa-mir-5008,0.0005962541792159382,0.0208478089316233,0.007317431526840057
hsa-mir-663b,0.0005931027089105534,0.007940108771495424,0.0
hsa-mir-6736,0.0005814243607432656,0.0,0.0
hsa-mir-455,0.0005745550797038312,0.007770687667385534,0.0
hsa-mir-4734,0.0005733047278930758,0.0014830390727889053,0.03522764191071537
hsa-mir-3181,0.0005684276085489159,0.0,0.0
hsa-mir-3152,0.0005670614100665716,0.009119082072329032,0.0
hsa-mir-661,0.0005641292437154055,0.024101517436855513,0.009443884848109318
hsa-mir-135b,0.0005628075227241958,0.0,0.014328642790098156
hsa-mir-548az,0.0005596007830088734,0.0,0.0
hsa-mir-4434,0.0005567637725967245,0.01524902644961923,0.046855804545751445
hsa-mir-5092,0.0005475778210151105,0.0013981777297065179,0.0
hsa-mir-6848,0.0005462700618942273,0.001133636084238887,0.0
hsa-mir-1-2,0.0005453924736831262,0.004217064378747359,0.008311302750360294
hsa-mir-548f-2,0.0005348176623067857,0.009785139690064337,0.0
hsa-mir-4777,0.0005330561919146826,0.0,0.017982285519486663
hsa-mir-548n,0.0005327072416684286,0.0,0.0
hsa-mir-664a,0.0005249432668932297,0.002940353875192425,0.0
hsa-mir-1179,0.0005182612512090179,0.0,0.0
hsa-mir-4323,0.0005179420414980207,0.02066396030350237,0.0028265802911138227
hsa-mir-3916,0.0005157811706868465,0.0,0.0
hsa-mir-548f-4,0.0005151409059317436,0.0,0.0
hsa-mir-3618,0.0005113237987046659,0.0,0.0164937882183549
hsa-mir-4696,0.0005107087540102695,0.0,0.004377848862268996
hsa-mir-511,0.0005095418680584052,0.007299319340095867,0.012538640695360481
hsa-mir-6844,0.0005031350784172606,0.03012093288390938,0.025663300490540664
hsa-mir-376a-1,0.000493350532270842,0.0,0.018413247447666592
hsa-mir-4286,0.000486048930507299,0.0,0.004910087193828128
hsa-mir-1267,0.0004744622762552497,0.019958490130384643,0.021424832580540176
hsa-mir-6739,0.0004734261211741808,0.001069794953694636,0.0
hsa-mir-3133,0.00046958298362176354,0.0,0.019908984936689356
hsa-mir-8067,0.0004642429145764737,0.004691007767352318,0.0
hsa-mir-548ag-2,0.00046349114069199615,0.029923416398622837,0.007454520385574481
hsa-mir-4689,0.00045475401504913027,0.0017936327877206004,0.005141295731078799
hsa-mir-6511b-1,0.0004539743125860918,0.0,0.0
hsa-mir-512-2,0.00045211913906917367,0.0,0.0
hsa-mir-5091,0.00044799990296384706,0.0,0.0
hsa-mir-4663,0.000440170051990596,0.0220038857366065,0.023263534108444173
hsa-mir-7977,0.00043593803136798837,0.004560146948636934,0.020795185947498407
hsa-mir-548p,0.0004356352890494408,0.019147173836141285,0.015590933988815392
hsa-mir-4784,0.00043477859748308756,0.0014254357335414802,0.013156156562408539
hsa-mir-4278,0.0004341440880784031,0.023139255595826302,0.0
hsa-mir-7844,0.00043229793498855695,0.03017243315912843,0.004437128120888367
hsa-mir-3167,0.0004300490009342406,0.0,0.0
hsa-mir-4539,0.0004286308452352561,0.008581780271481154,0.007628734356232236
hsa-mir-6723,0.0004232262102888962,0.0,0.0
hsa-mir-6741,0.0004163564335378789,0.010917924193273087,0.0
hsa-mir-6885,0.0004153137659701489,0.0,0.0
hsa-mir-8078,0.0003946174636945132,0.0,0.0
hsa-mir-4999,0.0003876462699479166,0.0,0.0
hsa-mir-548x-2,0.00038311881896402333,0.0,0.0
hsa-mir-1266,0.00035937242194372665,0.035545879643737344,0.01963413127491398
hsa-mir-3118-2,0.00035200663416623534,0.021223924504920166,0.0
hsa-mir-764,0.00034613546265849227,0.023557567681697478,0.020871999737960056
hsa-mir-548ae-2,0.0003441250318367839,0.0,0.007500674477028957
hsa-mir-552,0.0003433248596189653,0.018858338449716072,0.0
hsa-mir-4463,0.0003418217456674366,0.0,0.0
hsa-mir-146b,0.0003407052723644055,0.0,0.009657931246902063
hsa-mir-8081,0.00033731227974054256,0.0,0.0037756758091989084
hsa-mir-3667,0.0003358634552089734,0.005868668727280202,0.0
hsa-mir-3142,0.0003341174122801771,0.011532368752094513,0.013945644428420723
hsa-mir-6817,0.00033231572688741107,0.0,0.012786082625646511
hsa-mir-3679,0.0003313850309863975,0.0,0.010711201935583503
hsa-mir-152,0.0003226212194662459,0.0,0.0
hsa-mir-5692a-1,0.00031933815722462455,0.0,0.0
hsa-mir-2053,0.00031816988829835857,0.014853974725892893,0.0
hsa-mir-5000,0.0003134360387779811,0.0,0.0
hsa-mir-610,0.00031319290506670594,0.0,0.0
hsa-mir-4705,0.0003117768694345102,0.0,0.01932347065372575
hsa-mir-4482,0.00030935389591446594,0.0,0.013602794816788943
hsa-mir-519b,0.0003063070769188103,0.006658795098374526,0.0
hsa-mir-4769,0.00030497089571335234,0.010249899253095052,0.0
hsa-mir-718,0.0003011746914828306,0.01155750800464661,0.005923318769619712
hsa-mir-6752,0.00029945019823340857,0.0,0.0
hsa-mir-4683,0.0002989521969648523,0.026692246830383404,0.0012977634646220704
hsa-mir-3156-3,0.000290344218523364,0.002497022233372004,0.0
hsa-mir-1244-4,0.0002805191241984639,0.0,0.00511018414994191
hsa-mir-4470,0.00027765128777013093,0.0,0.022689666069004355
hsa-mir-3976,0.0002735895076374506,0.0027470840798051732,0.02149875454983108
hsa-mir-656,0.00027291349367208895,0.0,0.0
hsa-mir-4668,0.00027240920223114973,0.005198852338601956,0.0
hsa-mir-3609,0.00026941812377978547,0.009230337982725878,0.01336680399598622
hsa-mir-4301,0.0002680157852694709,2.6177668757121353e-05,0.0
hsa-mir-941-3,0.00026473368569801536,4.939499346789944e-05,0.024022282573368692
hsa-mir-4435-2,0.0002636799889015329,0.0,0.0
hsa-mir-3682,0.00026003334599189465,0.0,0.005375624754335062
hsa-mir-514a-3,0.0002543066128485316,0.0,0.008976021930588995
hsa-mir-6071,0.0002533079725065557,0.0,0.003598833964651771
hsa-mir-5688,0.0002530039253668681,0.0,0.005525885029403765
hsa-mir-1252,0.000251162998207044,0.0224700826908677,0.0
hsa-mir-3689f,0.0002457779747907507,0.004580054342833595,0.0210758983466397
hsa-mir-6859-4,0.0002430012218297417,0.006566071650728755,0.013287076098721373
hsa-mir-320b-2,0.00023695156012959462,0.030986408534126042,0.0
hsa-mir-6513,0.00023568084600256167,0.0194552977394582,0.03584907494493672
hsa-mir-10b,0.0002340346594809084,0.00475415026296222,0.01390873344850263
hsa-mir-6815,0.00023137977307174928,0.02308041275235695,0.0015707183366517885
hsa-mir-562,0.000231004056276074,0.0,0.009124214224143001
hsa-mir-6073,0.00022943336753067367,0.0,0.0
hsa-mir-520g,0.00021384742951069402,0.021784432037077472,0.0
hsa-mir-1275,0.0002091243316045821,0.002695808677963374,0.0
hsa-mir-6718,0.00020369536640196806,0.0,0.01810098382505032
hsa-mir-6887,0.00019536840195732985,0.005545294204694962,0.0
hsa-mir-4423,0.00019438231904223002,0.0,0.0
hsa-mir-4493,0.00018436415060030242,0.0,0.0
hsa-mir-4316,0.00017928869443950557,0.0027004946425490672,0.0
hsa-mir-513a-2,0.00017778744999996654,0.0,0.007964800906654856
hsa-mir-6895,0.00017134521916795098,0.018007883586043327,0.02323329414179054
hsa-mir-4441,0.0001678821934547603,0.0,0.0
hsa-mir-519a-1,0.00016387625803038208,0.0,0.0
hsa-mir-371b,0.00015405609914598273,0.004279386671574237,0.017574676276212564
hsa-mir-4520-1,0.00014986430872332424,0.014593838073634569,0.018184229534295326
hsa-mir-1294,0.00013982241131371698,0.0,0.0
hsa-mir-6868,0.00013520702673208707,0.01581367748068896,0.0
hsa-mir-4295,0.00013511959109968608,0.0,0.007874583427625703
hsa-mir-3189,0.00013434007392676417,0.0,0.0
hsa-mir-3926-2,0.00013428062421239062,0.0,0.0
hsa-mir-7706,0.00013167461493657218,0.04483432228446782,0.003849914968382606
hsa-mir-20b,0.0001301413395422557,0.0,0.01950335354853583
hsa-mir-6778,0.00012989152900511058,0.0,0.0
hsa-mir-4704,0.00012554159712585555,0.018373799454082906,0.010227418211419703
hsa-mir-670,0.00012088424660694486,0.0,0.0
hsa-mir-193a,0.00011804562251482853,0.0,0.006840379836475563
hsa-mir-3168,0.0001176236188320523,0.0,0.0
hsa-mir-653,0.00011314584218669044,0.013241014283571051,0.0
hsa-mir-29b-2,0.00011164464000734675,0.010037704891632693,0.0
hsa-mir-4306,0.00010853491237017288,0.016581446759071028,0.019768328702603366
hsa-mir-4763,0.0001017011483512853,0.006068026986420616,0.011304598907555086
hsa-mir-6831,0.00010111891673836304,0.0,0.011586683284412924
hsa-mir-19b-1,9.884312623520408e-05,0.011283939425071221,0.0
hsa-mir-4739,9.706943724385741e-05,0.019057010511519756,0.004505982960588684
hsa-mir-519a-2,8.971700629467616e-05,0.0,0.021001419771198515
hsa-mir-3173,7.940808867379356e-05,0.0,0.0
hsa-mir-4796,7.928676275748003e-05,0.0,0.013294993897087437
hsa-mir-378g,7.877975058911968e-05,0.0,0.02207562838616206
hsa-mir-1184-2,7.025213378497597e-05,0.0020455872894831195,0.007289822112433342
hsa-mir-6841,7.015952056699248e-05,0.0,0.00903280015736918
hsa-mir-3926-1,6.845834367463777e-05,0.01903740735971393,0.0
hsa-mir-6070,6.80658481518881e-05,0.0,0.02218387331914462
hsa-mir-4707,6.398523953665691e-05,0.0,0.023139490551115305
hsa-mir-4462,5.942012214910086e-05,0.003246351497200539,0.0
hsa-mir-6863,5.9305485283212e-05,0.004930826765634055,0.0
hsa-mir-378e,4.972092716837295e-05,0.0,0.0
hsa-mir-6882,4.962954638887407e-05,0.0,0.006311279302099848
hsa-mir-652,4.426427236470243e-05,0.011475147851160994,0.02379733448456922
hsa-mir-4436b-2,4.2379038538098435e-05,0.026935093133202415,0.022173545616059442
hsa-mir-4535,4.0970548915053584e-05,0.017699480133444023,0.021360296967615655
hsa-mir-4451,3.864464273461987e-05,0.0,0.0
hsa-mir-361,3.827817030210845e-05,0.0,0.011020997809624955
hsa-mir-3664,3.784736520506815e-05,0.0,0.0
hsa-mir-135a-1,3.084378041107172e-05,0.0,0.009720132482570865
hsa-mir-4744,2.7098932132263442e-05,0.0,0.0
hsa-mir-320c-2,2.5960958513482346e-05,0.011565699272470198,0.013052489673907264
hsa-mir-4447,2.4997944667703997e-05,0.00037493252995668414,0.0
hsa-mir-4671,1.6742279895565204e-05,0.0,0.0
hsa-mir-4287,1.5869923419953302e-05,0.0012002798736032716,0.0016301659679260894
hsa-mir-128-1,1.578322735895643e-05,0.009061348211882425,0.007367889672613259
hsa-mir-3175,1.0913527738409812e-05,0.0020514220545937434,0.02387951220646345
hsa-mir-3914-1,2.9086084614160512e-06,0.0,0.031225189528630848
hsa-mir-4678,8.517412696251725e-07,0.0,0.0
hsa-mir-6858,0.0,0.0524849554214315,0.020078475933588802
hsa-mir-4490,0.0,0.04939410450023063,0.0025435661261339337
hsa-mir-608,0.0,0.046619439125417994,0.014534465281740072
hsa-mir-502,0.0,0.04527960190046665,0.029102693569684757
hsa-mir-490,0.0,0.04493882414910333,0.004075622737035101
hsa-mir-214,0.0,0.044654252905828695,0.010935858273811716
hsa-mir-658,0.0,0.04306266370997536,0.010146378032680259
hsa-mir-566,0.0,0.04186290023419437,0.0
hsa-mir-655,0.0,0.04097802026193298,0.0
hsa-mir-6082,0.0,0.040300651957395406,0.017352080573312945
hsa-mir-627,0.0,0.03973026506076138,0.0
hsa-mir-6835,0.0,0.039479240929815695,0.009169669602472341
hsa-mir-136,0.0,0.03925313715269585,0.030550189595184074
hsa-mir-33b,0.0,0.0386501069242744,0.0
hsa-mir-4650-2,0.0,0.03805612715880491,0.0
hsa-mir-640,0.0,0.03745498803494751,0.02992497774835745
hsa-mir-4310,0.0,0.03664863159320175,0.028510970369754807
hsa-mir-4792,0.0,0.03569033406672295,0.0
hsa-mir-4688,0.0,0.03513541180029067,0.0
hsa-mir-924,0.0,0.034851652578548276,0.0033634547009127047
hsa-mir-342,0.0,0.03463899637056267,0.0
hsa-mir-5702,0.0,0.03377594779121873,0.0
hsa-mir-6511a-3,0.0,0.03294471743842342,0.0
hsa-mir-1272,0.0,0.032903075159841144,0.0
hsa-mir-635,0.0,0.032246051228703276,0.0
hsa-mir-4497,0.0,0.03194922320310445,0.008305221603065016
hsa-mir-196a-2,0.0,0.03190281269050299,0.0
hsa-mir-5197,0.0,0.03128746138407967,0.0123694976788562
hsa-mir-4251,0.0,0.030964689108718968,0.0
hsa-mir-607,0.0,0.030673542329190617,0.0
hsa-mir-5094,0.0,0.030578235688742517,0.0
hsa-let-7g,0.0,0.03039743500813996,0.0
hsa-mir-323a,0.0,0.030225376947793592,0.003156131643622828
hsa-mir-3184,0.0,0.029897548111248895,0.0
hsa-mir-5196,0.0,0.029656149454245995,0.00030606491369566946
hsa-mir-6088,0.0,0.02857782567222289,0.03505668389446659
hsa-mir-4754,0.0,0.028550135887590145,0.0
hsa-mir-6845,0.0,0.027913715344732637,0.0
hsa-mir-2115,0.0,0.027866164121802317,0.0019278434793756904
hsa-mir-3686,0.0,0.027446587481698703,0.0
hsa-mir-553,0.0,0.02737311241252227,0.0
hsa-mir-6864,0.0,0.02735733277135477,0.006133269149004583
hsa-mir-4289,0.0,0.027199108130949945,0.005253910472947654
hsa-mir-141,0.0,0.026910548748042107,0.007735057135047407
hsa-mir-632,0.0,0.02689406989790122,0.0
hsa-mir-548am,0.0,0.026673695886544113,0.0
hsa-mir-1276,0.0,0.02628004432285147,0.0013140758886189818
hsa-mir-7641-1,0.0,0.026228573891335483,0.0
hsa-mir-5706,0.0,0.026069696371764817,0.0019315146924379079
hsa-mir-494,0.0,0.02603608193711482,0.004999755651816651
hsa-mir-6089-1,0.0,0.025943918115213904,0.011788327948860866
hsa-mir-132,0.0,0.025880451719616282,0.0
hsa-mir-6770-3,0.0,0.025740636861714794,0.0
hsa-mir-27a,0.0,0.02564731805821374,0.0006839225764478929
hsa-mir-3650,0.0,0.025349578307565235,0.0
hsa-mir-556,0.0,0.024972294499345793,0.021961112895859225
hsa-mir-587,0.0,0.02494551685920099,0.0007733091014709981
hsa-mir-1234,0.0,0.024916372359661487,0.0
hsa-mir-564,0.0,0.024820166349383666,0.004487273669378844
hsa-mir-498,0.0,0.024782784283483572,0.007613021299582412
hsa-mir-3150b,0.0,0.024736012392386986,0.0
hsa-mir-517b,0.0,0.02460161517174031,0.005677582378630586
hsa-mir-604,0.0,0.02437736945189517,0.0
hsa-mir-550a-1,0.0,0.02435350442605344,0.0
hsa-mir-4670,0.0,0.02414313251529432,0.018612352507738184
hsa-mir-301b,0.0,0.02411407461486803,0.0
hsa-mir-549a,0.0,0.023971273879278332,0.000891617560901059
hsa-mir-4279,0.0,0.023951968650145705,0.0
hsa-mir-5047,0.0,0.023820453331026226,0.019812907954767534
hsa-mir-4433a,0.0,0.023636415914146003,0.0
hsa-mir-3179-2,0.0,0.02360792661743849,0.001538839371228562
hsa-mir-6838,0.0,0.02353848979395412,0.018032859905944054
hsa-mir-548an,0.0,0.023502657123144477,0.0
hsa-mir-3670-4,0.0,0.02295871100944291,0.02495567291460765
hsa-mir-7107,0.0,0.022950474777298613,0.0
hsa-mir-4649,0.0,0.02284911749266083,0.004302692118777873
hsa-mir-4533,0.0,0.022739007724289717,0.0
hsa-mir-4712,0.0,0.02235035594318946,0.0
hsa-mir-6509,0.0,0.022189520069308966,0.01565216047221618
hsa-mir-297,0.0,0.022052518403495203,0.0
hsa-mir-3131,0.0,0.021930301429340826,0.0
hsa-mir-422a,0.0,0.02176613530016036,0.016041654546402162
hsa-mir-939,0.0,0.02168667433184579,0.020864388779292975
hsa-mir-4299,0.0,0.02159019116957195,0.04554442686971405
hsa-mir-6511b-2,0.0,0.021546292869604855,0.016346700267557246
hsa-mir-3660,0.0,0.021525312577450162,0.027316590003539476
hsa-mir-6780b,0.0,0.021100827083664786,0.02646164472476764
hsa-mir-4266,0.0,0.021056710959986624,0.0
hsa-mir-7151,0.0,0.02092995692293753,0.0
hsa-mir-4641,0.0,0.020845725296195994,0.0
hsa-mir-3652,0.0,0.02081143265603691,0.0
hsa-mir-374b,0.0,0.02065456126922971,0.0
hsa-mir-1912,0.0,0.020542491892110437,0.0
hsa-mir-409,0.0,0.02037937043766025,0.0
hsa-mir-7150,0.0,0.0202807849454949,0.012161409620577546
hsa-mir-4319,0.0,0.020224621182321822,0.023560511143711382
hsa-mir-8070,0.0,0.020152901609407525,0.00038810540399492055
hsa-mir-941-2,0.0,0.020058891338437412,0.020429137654271345
hsa-mir-4261,0.0,0.020030070995517235,0.01523782346827618
hsa-mir-3614,0.0,0.019783474433638037,0.0
hsa-mir-3135b,0.0,0.019779437791476173,0.0
hsa-mir-3924,0.0,0.019684297545241147,0.0
hsa-mir-548ae-1,0.0,0.01935550832532229,0.0
hsa-mir-3164,0.0,0.01928946646181373,0.0
hsa-mir-5787,0.0,0.01928085903079113,0.0
hsa-mir-5002,0.0,0.019009235682120984,0.011844656309968782
hsa-mir-554,0.0,0.018706733194490788,0.0
hsa-mir-550b-2,0.0,0.01862713759293655,0.010005772951968916
hsa-mir-107,0.0,0.018574961013705593,0.0
hsa-mir-4315-2,0.0,0.018568888174955944,0.02273834281759779
hsa-mir-6783,0.0,0.018462443212837076,0.008198438417206466
hsa-mir-4534,0.0,0.01840359194335317,0.0
hsa-mir-4270,0.0,0.01839950973776494,0.016746826391182745
hsa-mir-4428,0.0,0.01835061954345596,0.0
hsa-mir-545,0.0,0.018239642884396723,0.013456188274839853
hsa-mir-3910-2,0.0,0.018233649481967262,0.025349719438183316
hsa-mir-3155b,0.0,0.018148900278860847,0.0
hsa-mir-3671,0.0,0.018117812277257617,0.0
hsa-mir-519e,0.0,0.018011072772957437,0.0
hsa-mir-212,0.0,0.017938602751855992,0.025202137678645764
hsa-mir-4294,0.0,0.017892956495654477,0.021006334397808635
hsa-mir-759,0.0,0.017771665414215043,0.0
hsa-mir-6770-1,0.0,0.017670800050829882,0.012321270194140865
hsa-mir-1268a,0.0,0.01766671791921892,0.029693961493742593
hsa-mir-6738,0.0,0.017577419070138323,0.0
hsa-mir-1538,0.0,0.017527995442439437,0.0
hsa-mir-6085,0.0,0.01747681808766588,0.0
hsa-mir-1322,0.0,0.01740148086451132,0.019008697110722617
hsa-mir-7153,0.0,0.0173533854675183,0.0
hsa-mir-5195,0.0,0.017213989223782367,0.005357279084534428
hsa-mir-323b,0.0,0.017168501721498863,0.0
hsa-mir-6724-1,0.0,0.01714340373821477,0.0
hsa-mir-3713,0.0,0.017053236939370997,0.0
hsa-mir-4420,0.0,0.016913638894350935,0.0
hsa-mir-4798,0.0,0.016712623021684525,0.007036770532457881
hsa-mir-671,0.0,0.016709120971223346,0.0
hsa-mir-3913-1,0.0,0.016522883186667947,0.0028274270643522392
hsa-mir-3123,0.0,0.01650067113380027,0.008789014213028468
hsa-mir-3180-1,0.0,0.016279382836886125,0.0
hsa-mir-5681a,0.0,0.01619555013720131,0.0
hsa-mir-8069-1,0.0,0.016132691011057965,0.0
hsa-mir-4276,0.0,0.016038039276082383,0.0016615950745044739
hsa-mir-6769a,0.0,0.015952275137763205,0.0
hsa-mir-3163,0.0,0.015946457061279062,0.03274497004333199
hsa-mir-613,0.0,0.01593052762381264,0.0
hsa-mir-548q,0.0,0.01586448735533974,0.0
hsa-mir-548a-2,0.0,0.01578525676750564,0.0
hsa-mir-99b,0.0,0.015704174969350948,0.0
hsa-mir-3197,0.0,0.0156819466048157,0.011478245885653271
hsa-mir-3680-1,0.0,0.015548267024363405,0.009917694203902538
hsa-mir-524,0.0,0.015457380445045299,0.0
hsa-mir-544a,0.0,0.015369391137199706,0.0
hsa-mir-1297,0.0,0.015255981673496066,0.00977938964080538
hsa-mir-183,0.0,0.015221013883746082,0.02759912775957951
hsa-mir-3619,0.0,0.015107640025447289,0.0
hsa-mir-6715a,0.0,0.014888548313471972,0.008097576556257646
hsa-mir-4256,0.0,0.01488673289178788,0.009488941177696164
hsa-mir-484,0.0,0.014792420995736855,0.013117652827162596
hsa-mir-219a-2,0.0,0.014781528369183672,0.026639746053685354
hsa-mir-1911,0.0,0.01470255814916932,0.006575925149366002
hsa-mir-877,0.0,0.014667517875757596,0.0
hsa-mir-4456,0.0,0.014667015344174583,0.0
hsa-mir-4480,0.0,0.014645079558519125,0.0
hsa-mir-1307,0.0,0.014609097056970999,0.016012164190281064
hsa-mir-4303,0.0,0.014379103870233223,0.0
hsa-mir-6779,0.0,0.014365132235733213,0.01873105262521113
hsa-mir-6771,0.0,0.014283716591905193,0.003618991582378328
hsa-mir-619,0.0,0.014253641230474567,0.0
hsa-mir-6767,0.0,0.014243540878470906,0.0
hsa-mir-6717,0.0,0.014219570046163366,0.006119826227803493
hsa-mir-6888,0.0,0.014203091444663585,0.0
hsa-mir-4492,0.0,0.01409582606147497,0.0
hsa-mir-548y,0.0,0.014042062540803979,0.019395814944145107
hsa-mir-302b,0.0,0.014034948602091202,0.0
hsa-mir-6843,0.0,0.01399917921851701,0.0
hsa-mir-6803,0.0,0.013884868055955568,0.0
hsa-mir-18b,0.0,0.013842668967649185,0.019219920925676925
hsa-mir-7978,0.0,0.013795858135617234,0.0
hsa-mir-4729,0.0,0.013703967652199722,0.0
hsa-mir-5697,0.0,0.013497781175476842,0.004397902075909954
hsa-mir-6766,0.0,0.013493831809560763,0.029588876240493667
hsa-mir-4527,0.0,0.013421576732421947,0.0
hsa-mir-5001,0.0,0.013192795131976354,0.0
hsa-mir-638,0.0,0.01314915861021726,0.0
hsa-mir-5692c-1,0.0,0.013142835220360194,0.0030747850955636924
hsa-mir-510,0.0,0.013123826905375946,0.020562963384491484
hsa-mir-548i-2,0.0,0.013017383476106481,0.0
hsa-mir-4776-1,0.0,0.012964623715518542,0.01904172986139452
hsa-mir-146a,0.0,0.012876392787239066,0.0038759991824126594
hsa-mir-6754,0.0,0.012870557106754887,0.011836928018922999
hsa-mir-4479,0.0,0.012702428386346387,0.0
hsa-mir-762,0.0,0.01269683544180289,0.0
hsa-let-7f-1,0.0,0.012623347293320375,0.02640030332989718
hsa-mir-7160,0.0,0.012558490117587251,0.0
hsa-mir-1289-2,0.0,0.012525055421483966,0.0
hsa-mir-3171,0.0,0.012490685647458033,0.031894092890032866
hsa-mir-6893,0.0,0.012458698324389061,0.0028996665297598145
hsa-mir-892b,0.0,0.012396058694502887,0.011212998587223133
hsa-mir-1302-11,0.0,0.012332515577222036,0.0
hsa-mir-6764,0.0,0.01218602763591381,0.0
hsa-mir-4455,0.0,0.011949612802385712,0.008092091583945749
hsa-mir-4681,0.0,0.011896867187053406,0.005771051386013415
hsa-mir-4280,0.0,0.011827728582891162,0.0
hsa-mir-486-1,0.0,0.011760312204443402,0.0039571733689116595
hsa-mir-126,0.0,0.011641675260505746,0.0
hsa-mir-223,0.0,0.01142577048505089,0.0
hsa-mir-3977,0.0,0.011424649445052282,0.009939021051930341
hsa-mir-1199,0.0,0.011391988939356779,0.010402062162549353
hsa-mir-3159,0.0,0.011331736441974716,0.0
hsa-mir-4750,0.0,0.011290409867079187,0.0
hsa-mir-3180-5,0.0,0.011281276320708411,0.012711385895334049
hsa-mir-4760,0.0,0.011267771894489353,0.008255035297021873
hsa-mir-4259,0.0,0.011096835413993311,0.022893340592377465
hsa-mir-3687-1,0.0,0.011080574812833088,0.0
hsa-mir-181a-1,0.0,0.011041091782321821,0.0034555054790368356
hsa-mir-649,0.0,0.011024487253541881,0.0052353648362162275
hsa-mir-4711,0.0,0.011001607269010005,0.021598895887740444
hsa-mir-633,0.0,0.010994959194752685,0.0
hsa-mir-8089,0.0,0.01094729637116032,0.0003589299413828684
hsa-let-7e,0.0,0.010917983425352329,0.0
hsa-mir-7843,0.0,0.010776251064070319,0.005913151790837068
hsa-mir-1827,0.0,0.010763393337344329,0.0
hsa-mir-6819,0.0,0.01076258879628611,0.014128762402524586
hsa-mir-6800,0.0,0.010761616725423195,0.0
hsa-mir-516a-1,0.0,0.010743001565938215,0.009331668241895352
hsa-mir-129-1,0.0,0.010672043552891086,0.012649478461947083
hsa-mir-4724,0.0,0.010666987384138515,0.0
hsa-mir-4330,0.0,0.01051889130886563,0.0
hsa-mir-98,0.0,0.0104594180381552,0.0
hsa-mir-3925,0.0,0.010369030329949513,0.0
hsa-mir-3659,0.0,0.010364305920256722,0.0
hsa-mir-539,0.0,0.01029861942677801,0.01637977292146653
hsa-mir-3974,0.0,0.010293360543128127,0.006046792830351588
hsa-mir-4325,0.0,0.010260461688810896,0.0
hsa-mir-591,0.0,0.010214505537535779,0.0
hsa-mir-6131,0.0,0.010183639030567182,0.00020485622117893953
hsa-mir-186,0.0,0.010178345726444604,0.0
hsa-mir-371a,0.0,0.009839863522067116,0.0
hsa-mir-3923,0.0,0.009836925654373108,0.0
hsa-mir-3689d-1,0.0,0.009810983975468535,0.0
hsa-mir-1260b,0.0,0.009789330498765292,0.0045935664100680285
hsa-mir-574,0.0,0.009786943290932992,0.0
hsa-mir-548ai,0.0,0.009664615108002206,0.0
hsa-mir-6730,0.0,0.009608047847876389,0.02274569725511011
hsa-mir-7162,0.0,0.009505891374921749,0.0
hsa-mir-5683,0.0,0.00948055546637816,0.0
hsa-mir-6890,0.0,0.009461745697211477,0.0
hsa-mir-7975,0.0,0.009444970510079198,0.0047705071123966825
hsa-mir-4781,0.0,0.00944392374686931,0.008061603156801489
hsa-mir-647,0.0,0.009382871461320441,0.008592749112227516
hsa-mir-7853,0.0,0.009345838998405576,0.02245456104886534
hsa-let-7i,0.0,0.009110830970465944,0.0004374327348661833
hsa-mir-3606,0.0,0.009083728258136858,0.0
hsa-mir-6722,0.0,0.009064946361443837,0.0
hsa-mir-6862-1,0.0,0.008988049187784064,0.006838406080575954
hsa-mir-6128,0.0,0.008885818473499008,0.018626398397800115
hsa-mir-29a,0.0,0.008861493628050887,0.0
hsa-mir-3615,0.0,0.00879489120796162,0.003202758850284315
hsa-mir-505,0.0,0.00877728270177247,0.0
hsa-mir-3136,0.0,0.008771908699844122,0.0009602186185746486
hsa-mir-6511a-2,0.0,0.008715779010423308,0.0017575235824360824
hsa-mir-485,0.0,0.00868530971122361,0.0
hsa-mir-3150a,0.0,0.008657043583705448,0.0
hsa-mir-4741,0.0,0.008644125888185084,0.012293145296554897
hsa-mir-4499,0.0,0.008630623024450834,0.0
hsa-mir-873,0.0,0.008596913755757996,0.003504325552437848
hsa-mir-4469,0.0,0.008554008718097972,0.02128580684906911
hsa-mir-4722,0.0,0.008498601811101736,0.0
hsa-mir-6756,0.0,0.008356775631328972,0.0
hsa-mir-15a,0.0,0.008307299539023205,0.0
hsa-mir-3161,0.0,0.00825524960070867,0.0003103750386883597
hsa-mir-4780,0.0,0.008187388195104894,0.0
hsa-mir-125b-2,0.0,0.008158499126535546,0.01687375558943427
hsa-mir-7106,0.0,0.008130780382024305,0.0
hsa-mir-1256,0.0,0.008077732854768982,0.0
hsa-mir-4514,0.0,0.008075966012582203,0.0
hsa-mir-7854,0.0,0.008061680624071865,0.0
hsa-mir-936,0.0,0.008052757560499835,0.0
hsa-mir-124-3,0.0,0.00802905464828596,0.0016501031293925106
hsa-mir-625,0.0,0.008006401287531606,0.011375476059977574
hsa-mir-921,0.0,0.007985450811702766,0.013938479489524536
hsa-mir-5584,0.0,0.007868104359129102,0.0021777083412757303
hsa-mir-5695,0.0,0.007837258527267466,0.017774881988178448
hsa-mir-7845,0.0,0.007836202350826937,0.003192394659097042
hsa-mir-3185,0.0,0.007817832626558108,0.0
hsa-mir-4267,0.0,0.007803268333736124,0.002056466219027886
hsa-mir-3689c,0.0,0.007764886617860345,0.0
hsa-mir-122,0.0,0.0076880332152931,0.0
hsa-mir-1281,0.0,0.007685795380681704,0.0
hsa-mir-4435-1,0.0,0.007664938290122603,0.0
hsa-mir-3915,0.0,0.007662505651587548,0.014735070036290487
hsa-mir-6859-2,0.0,0.007599860227542443,0.012686227257796556
hsa-mir-3677,0.0,0.007529371298395926,0.0
hsa-mir-3937,0.0,0.007434262443653861,0.011292288931862071
hsa-mir-3198-1,0.0,0.007406179057000806,0.027449500380225977
hsa-mir-629,0.0,0.007378439956861715,0.008040871079471268
hsa-mir-5588,0.0,0.007261273984789263,0.0
hsa-mir-6795,0.0,0.007210001368645802,0.0
hsa-mir-1287,0.0,0.007158318865605473,0.014395619739169696
hsa-mir-2682,0.0,0.0071560388983935574,0.014113249859994292
hsa-mir-6832,0.0,0.007143137063192473,0.0
hsa-mir-6802,0.0,0.007128015042525249,0.00937848574422695
hsa-mir-1283-2,0.0,0.007074412535246211,0.0
hsa-mir-4677,0.0,0.007009282932547212,0.0
hsa-mir-6504,0.0,0.007007138135305624,0.0
hsa-mir-602,0.0,0.007005739862540494,0.004678248376605021
hsa-mir-4782,0.0,0.006966618928116564,0.0
hsa-mir-548as,0.0,0.006928567091018412,0.00959160191774
hsa-mir-5003,0.0,0.006923324119213259,0.0
hsa-mir-3921,0.0,0.0068795975641844365,0.0
hsa-mir-338,0.0,0.006843123499842285,0.0
hsa-mir-3960,0.0,0.006713810297164002,0.0
hsa-mir-6837,0.0,0.006635723011707562,0.007079524054898867
hsa-mir-4703,0.0,0.006549459568016225,0.007685028216863454
hsa-mir-153-2,0.0,0.006496272308444961,0.0
hsa-mir-4745,0.0,0.006466411401510275,0.0
hsa-mir-941-5,0.0,0.006382245754339877,0.0
hsa-mir-518c,0.0,0.006293993932445563,0.0
hsa-mir-532,0.0,0.006244507982347436,0.00663561821182479
hsa-mir-6805,0.0,0.006229902117188768,0.01578118866029543
hsa-mir-550a-2,0.0,0.006065231223739254,0.012339332927607582
hsa-mir-1184-3,0.0,0.006040988624795407,0.013102369148974669
hsa-mir-643,0.0,0.006020813332945796,0.0
hsa-mir-24-1,0.0,0.00601978151065552,0.0210359697050575
hsa-mir-6124,0.0,0.006006065697293561,0.0
hsa-mir-5579,0.0,0.005891277221427238,0.020250667408494127
hsa-mir-548aj-2,0.0,0.005889427966139227,0.0
hsa-mir-5696,0.0,0.005806281611958397,0.0
hsa-mir-6508,0.0,0.005779419986390533,0.0
hsa-mir-4436b-1,0.0,0.005757291719500124,0.007223403330852474
hsa-mir-1302-9,0.0,0.005675920749470986,0.0
hsa-mir-6869,0.0,0.005662692641869693,0.0
hsa-mir-302e,0.0,0.005599048431926601,0.0
hsa-mir-3917,0.0,0.005486993300406695,0.0006835998954684008
hsa-mir-6724-4,0.0,0.005461275780012098,0.0
hsa-mir-1302-5,0.0,0.005452427523660486,0.0
hsa-mir-489,0.0,0.005411022988881076,0.0012645422415824559
hsa-mir-302a,0.0,0.0054048855837462995,0.0
hsa-mir-891a,0.0,0.005176793569444449,0.019023586593323483
hsa-mir-4790,0.0,0.005114331301082853,0.016475057146478234
hsa-mir-4296,0.0,0.005083538005936639,0.025385481832623347
hsa-mir-487a,0.0,0.00503892366188996,0.0
hsa-mir-451a,0.0,0.005025565470048843,0.0
hsa-mir-6506,0.0,0.004940931879173327,0.02896997272423274
hsa-mir-3943,0.0,0.004884523270491936,0.022117003265915702
hsa-mir-412,0.0,0.004827912875028151,0.0
hsa-mir-6891,0.0,0.004800637750484782,0.0
hsa-mir-1253,0.0,0.00476543008620034,0.021611998044325453
hsa-mir-8077,0.0,0.004651955037493938,0.0
hsa-mir-4643,0.0,0.0046187101578465395,0.0
hsa-mir-548c,0.0,0.004557176020159481,0.01866080955022187
hsa-mir-24-2,0.0,0.004526714607067106,0.0
hsa-mir-3191,0.0,0.00446664543893327,0.0
hsa-mir-660,0.0,0.004448977955331834,0.0
hsa-mir-4503,0.0,0.004259421178565592,0.0
hsa-mir-9-1,0.0,0.00422376154739279,0.0033585054844618156
hsa-mir-6086,0.0,0.004169201101220654,0.0
hsa-mir-6889,0.0,0.0041436186591625734,0.0
hsa-mir-3972,0.0,0.004106988004429546,0.0
hsa-mir-2117,0.0,0.004067246788549195,0.0
hsa-mir-8485,0.0,0.004052302902428195,0.007821355719416445
hsa-mir-26b,0.0,0.003991452164251008,0.00942709274153386
hsa-mir-1302-1,0.0,0.003958406150571303,0.0
hsa-mir-3146,0.0,0.003945854220706924,0.0
hsa-mir-486-2,0.0,0.003936899534985994,0.0
hsa-mir-2392,0.0,0.0039351823838753575,0.01594486952800689
hsa-mir-600,0.0,0.003882210600544056,0.0
hsa-mir-4761,0.0,0.003874201056692783,0.01318391942627306
hsa-mir-6743,0.0,0.003852729344289596,0.0
hsa-mir-603,0.0,0.0038148416525563,0.0
hsa-mir-1233-1,0.0,0.0038118062825294174,0.0
hsa-mir-15b,0.0,0.003765172982239662,0.0
hsa-mir-592,0.0,0.003737791640957777,0.0
hsa-mir-3116-2,0.0,0.003727293194596193,0.006257113304211526
hsa-mir-6737,0.0,0.003725806943453591,0.0
hsa-mir-4699,0.0,0.0035834962884715438,0.0
hsa-mir-612,0.0,0.0035554812705043126,0.0019658923837937436
hsa-mir-3119-1,0.0,0.0035193743003252287,0.0
hsa-mir-2054,0.0,0.003264978737272717,0.0
hsa-mir-4496,0.0,0.0032587770292611395,0.002157702069205625
hsa-mir-218-1,0.0,0.003239662085357864,0.0
hsa-mir-4484,0.0,0.0032094011330379146,0.0
hsa-mir-5687,0.0,0.003177414420094671,0.0
hsa-mir-4521,0.0,0.0031416203895116013,0.03149573237701975
hsa-mir-302f,0.0,0.0031088346264001032,0.0
hsa-mir-4494,0.0,0.003098277152484119,0.0
hsa-mir-4697,0.0,0.0030759858883171454,0.0
hsa-mir-4457,0.0,0.002976331054253656,0.00032889205169128743
hsa-mir-5707,0.0,0.0029757805618153554,0.0
hsa-mir-1257,0.0,0.0027767782904808413,0.0
hsa-mir-6125,0.0,0.002776235196892074,0.014147358032112312
hsa-mir-4531,0.0,0.002667106683341025,0.012314197026641605
hsa-mir-6514,0.0,0.0026030792141527037,0.013302553578875997
hsa-mir-8079,0.0,0.002594114738232456,0.0
hsa-mir-7855,0.0,0.002580031367671154,0.0063562524291851386
hsa-mir-147b,0.0,0.0025754869537784053,0.0
hsa-mir-6742,0.0,0.0025339935702648475,0.0
hsa-mir-1537,0.0,0.0024911521005646087,0.0
hsa-mir-548al,0.0,0.0024359611365287748,0.0022786374122407693
hsa-mir-4719,0.0,0.002431674064863998,0.0
hsa-mir-125b-1,0.0,0.002430299109653422,0.014616809074856851
hsa-mir-6726,0.0,0.002414915291525155,0.001698364272483266
hsa-mir-1972-1,0.0,0.002413592663436326,0.008598096209970985
hsa-mir-6780a,0.0,0.002389410778308676,0.03143432761237275
hsa-mir-6729,0.0,0.002343122485451765,0.01354156069436896
hsa-mir-519c,0.0,0.0023414719253751493,0.0
hsa-mir-182,0.0,0.002314959230186542,0.0
hsa-mir-6719,0.0,0.002289568375887008,0.0
hsa-mir-6083,0.0,0.0022707331544467024,0.020626846852969782
hsa-mir-3622b,0.0,0.00222827323569863,0.0
hsa-mir-1245a,0.0,0.002079537504456219,0.0
hsa-mir-6775,0.0,0.0020335133895241775,0.0
hsa-mir-7515,0.0,0.0020205509710415903,0.021890829646172172
hsa-mir-1295a,0.0,0.0019853999125993838,0.0022050117779071066
hsa-mir-548ay,0.0,0.0019206119999237714,0.0
hsa-mir-5693,0.0,0.0018128263916459275,0.0
hsa-mir-128-2,0.0,0.0017783552712606898,0.01755489886206374
hsa-mir-4302,0.0,0.001687297053300174,0.0
hsa-mir-1277,0.0,0.0015420596778912277,0.0
hsa-mir-4540,0.0,0.0014944247903967423,0.0031505060782908156
hsa-mir-1244-3,0.0,0.0014725464976570457,0.002835788693324126
hsa-mir-3202-1,0.0,0.0014565132912744971,0.0
hsa-mir-148a,0.0,0.0014219777069248707,0.005658507149143954
hsa-mir-614,0.0,0.0014136223526413083,0.0
hsa-mir-5194,0.0,0.0013763316723784946,0.011129962983718489
hsa-mir-548h-5,0.0,0.00137315087172718,0.0
hsa-mir-1185-2,0.0,0.0013687813445644181,0.0024110447405449875
hsa-mir-4655,0.0,0.0013179804864167366,0.0
hsa-mir-3681,0.0,0.0013014076134729713,0.0
hsa-mir-4281,0.0,0.0012890768674802544,0.0062129892013234045
hsa-mir-542,0.0,0.0012749057888901127,0.0
hsa-mir-634,0.0,0.00118453656317552,0.0
hsa-mir-3196,0.0,0.0011623333347499099,0.0
hsa-mir-30e,0.0,0.0010723984802867292,0.0
hsa-mir-4753,0.0,0.0010263590501637943,0.0
hsa-mir-3674,0.0,0.0009822150234692906,0.0
hsa-mir-1184-1,0.0,0.0009164763727085301,0.0
hsa-mir-6758,0.0,0.0009162283803840765,0.012126579282623284
hsa-mir-378f,0.0,0.000867483773616673,0.0
hsa-mir-1273h,0.0,0.0008606281614560451,0.010884575319394907
hsa-mir-1205,0.0,0.0008445012595257317,0.0
hsa-mir-7112,0.0,0.0008346511283812141,0.0003892121831206019
hsa-mir-581,0.0,0.0008022550749364754,0.0
hsa-mir-7114,0.0,0.0006896531835316466,0.0
hsa-mir-6784,0.0,0.0006138536203783573,0.0
hsa-mir-548ap,0.0,0.0005609925599050491,0.0
hsa-mir-548av,0.0,0.0005487433884097115,0.0
hsa-mir-6867,0.0,0.0005287882818714174,0.0
hsa-mir-3188,0.0,0.0005264048050728221,0.0
hsa-mir-1228,0.0,0.0004924478586958436,0.011919053761996201
hsa-mir-367,0.0,0.00048820848952280116,0.007756930861396283
hsa-mir-3617,0.0,0.00048333138021527944,0.004494079591028433
hsa-mir-1306,0.0,0.00040801709701288047,0.0
hsa-mir-4737,0.0,0.00031683061993570405,0.0
hsa-mir-3179-3,0.0,0.00018233469040307426,0.0
hsa-mir-4510,0.0,4.6365242563517484e-05,0.0
hsa-mir-3180-2,0.0,3.659841213377035e-05,0.0
hsa-mir-651,0.0,0.0,0.052175564026693655
hsa-mir-7-3,0.0,0.0,0.045903961321798636
hsa-mir-449a,0.0,0.0,0.044418744684253
hsa-mir-3180-3,0.0,0.0,0.04059557198557129
hsa-let-7c,0.0,0.0,0.040007596770869513
hsa-mir-646,0.0,0.0,0.039069574076592284
hsa-mir-3911,0.0,0.0,0.03811979402646615
hsa-mir-570,0.0,0.0,0.03459805927081683
hsa-mir-1299,0.0,0.0,0.03454536981184497
hsa-mir-548a-1,0.0,0.0,0.0337819099776564
hsa-mir-4662a,0.0,0.0,0.03301080150588476
hsa-mir-4426,0.0,0.0,0.03139764950413082
hsa-mir-6798,0.0,0.0,0.03083851810853111
hsa-mir-34b,0.0,0.0,0.030722704711325877
hsa-mir-4283-2,0.0,0.0,0.0306591648979726
hsa-mir-33a,0.0,0.0,0.030376534203057304
hsa-mir-300,0.0,0.0,0.02991997971502247
hsa-mir-6072,0.0,0.0,0.02937439222576521
hsa-mir-588,0.0,0.0,0.028635929833020102
hsa-mir-1587,0.0,0.0,0.02850676459695678
hsa-mir-548at,0.0,0.0,0.028273121170115267
hsa-mir-1251,0.0,0.0,0.027484594607973367
hsa-mir-548h-4,0.0,0.0,0.02654181373027087
hsa-mir-555,0.0,0.0,0.026375325354178747
hsa-mir-4419a,0.0,0.0,0.02609396599490177
hsa-mir-6792,0.0,0.0,0.025959735375143733
hsa-mir-4440,0.0,0.0,0.025455856150718104
hsa-mir-204,0.0,0.0,0.02536774863600355
hsa-mir-6816,0.0,0.0,0.024406651072484298
hsa-mir-4309,0.0,0.0,0.024015586485587326
hsa-mir-3648-1,0.0,0.0,0.02391628786725475
hsa-mir-106b,0.0,0.0,0.0238087792743229
hsa-mir-1285-2,0.0,0.0,0.02372699536299816
hsa-mir-1302-10,0.0,0.0,0.023682939492669197
hsa-mir-4765,0.0,0.0,0.02332382110848652
hsa-mir-937,0.0,0.0,0.022938767856874875
hsa-mir-7852,0.0,0.0,0.022299221091284682
hsa-mir-758,0.0,0.0,0.022188909672851143
hsa-mir-140,0.0,0.0,0.022045122178410592
hsa-mir-4701,0.0,0.0,0.021087916227470416
hsa-mir-4481,0.0,0.0,0.020014420608212014
hsa-mir-5708,0.0,0.0,0.019870269178432265
hsa-mir-4664,0.0,0.0,0.019746768429807604
hsa-mir-6724-3,0.0,0.0,0.01965365862553825
hsa-mir-3942,0.0,0.0,0.019490848043267173
hsa-mir-20a,0.0,0.0,0.019465294018607304
hsa-mir-548l,0.0,0.0,0.019251146905231886
hsa-mir-19b-2,0.0,0.0,0.019076899844016504
hsa-mir-4672,0.0,0.0,0.01904260215015574
hsa-mir-3529,0.0,0.0,0.01894095439044352
hsa-mir-525,0.0,0.0,0.018897319974492843
hsa-mir-8075,0.0,0.0,0.018863506095243787
hsa-mir-4735,0.0,0.0,0.018840583844334846
hsa-mir-550a-3,0.0,0.0,0.018720286666234598
hsa-mir-3919,0.0,0.0,0.018549485149127687
hsa-mir-4511,0.0,0.0,0.01842897163265378
hsa-mir-5692c-2,0.0,0.0,0.018346979114124418
hsa-mir-3934,0.0,0.0,0.01799007233457406
hsa-mir-4315-1,0.0,0.0,0.0175798097324793
hsa-mir-1468,0.0,0.0,0.017508168636086063
hsa-mir-4317,0.0,0.0,0.017434092066419993
hsa-mir-1324,0.0,0.0,0.01740628325442617
hsa-mir-376a-2,0.0,0.0,0.01733763033392277
hsa-mir-452,0.0,0.0,0.017166259334511214
hsa-mir-4442,0.0,0.0,0.01706151843037551
hsa-mir-34c,0.0,0.0,0.01702180009176013
hsa-mir-3656,0.0,0.0,0.016990249883350295
hsa-mir-8076,0.0,0.0,0.016840709384128294
hsa-mir-548x,0.0,0.0,0.01678438258865378
hsa-mir-548d-1,0.0,0.0,0.016744539288205518
hsa-mir-1245b,0.0,0.0,0.01654265124603893
hsa-mir-6788,0.0,0.0,0.016537675799792595
hsa-mir-8085,0.0,0.0,0.01649245786898601
hsa-mir-590,0.0,0.0,0.01641357394622145
hsa-mir-526a-1,0.0,0.0,0.01623526551280907
hsa-mir-142,0.0,0.0,0.01591518876791409
hsa-mir-6759,0.0,0.0,0.01585099684005975
hsa-mir-663a,0.0,0.0,0.015845025041310468
hsa-mir-4464,0.0,0.0,0.01583027191751074
hsa-mir-548e,0.0,0.0,0.015828314328815596
hsa-mir-1539,0.0,0.0,0.015775890819623273
hsa-mir-1202,0.0,0.0,0.015339584766051129
hsa-mir-6078,0.0,0.0,0.015225746322429679
hsa-mir-1343,0.0,0.0,0.015148815019164985
hsa-mir-365b,0.0,0.0,0.015061985924387455
hsa-mir-6089-2,0.0,0.0,0.01495932706746017
hsa-mir-4659a,0.0,0.0,0.014864782878982963
hsa-mir-8055,0.0,0.0,0.014858915088456603
hsa-mir-892c,0.0,0.0,0.014764624918341296
hsa-mir-1302-4,0.0,0.0,0.014686514833719633
hsa-mir-4425,0.0,0.0,0.01468049047665132
hsa-mir-4461,0.0,0.0,0.01466416102231105
hsa-mir-557,0.0,0.0,0.014582823537163447
hsa-mir-205,0.0,0.0,0.014536812605687954
hsa-mir-1226,0.0,0.0,0.014425903766776882
hsa-mir-3187,0.0,0.0,0.014418103800217796
hsa-mir-518a-1,0.0,0.0,0.01433151641163688
hsa-mir-4473,0.0,0.0,0.014292789572589726
hsa-mir-4422,0.0,0.0,0.014125212908759233
hsa-mir-4776-2,0.0,0.0,0.013927157162762382
hsa-mir-6772,0.0,0.0,0.01377822791324479
hsa-mir-92b,0.0,0.0,0.013677632080648205
hsa-mir-3134,0.0,0.0,0.013462229729210184
hsa-mir-3651,0.0,0.0,0.013418641623315297
hsa-mir-8069-2,0.0,0.0,0.013400192758961982
hsa-mir-1269b,0.0,0.0,0.013390237951769413
hsa-mir-6823,0.0,0.0,0.01338480399524733
hsa-mir-8061,0.0,0.0,0.013152958630156197
hsa-mir-1224,0.0,0.0,0.013007313918440122
hsa-mir-130b,0.0,0.0,0.01300345155185445
hsa-mir-6842,0.0,0.0,0.012956263575158555
hsa-mir-548f-5,0.0,0.0,0.012727541121382746
hsa-mir-1270,0.0,0.0,0.012696029116664675
hsa-mir-378a,0.0,0.0,0.0126674090096488
hsa-mir-1183,0.0,0.0,0.012590798461165287
hsa-mir-4439,0.0,0.0,0.012452102167630485
hsa-mir-5095,0.0,0.0,0.012373903291270416
hsa-mir-5583-2,0.0,0.0,0.012353056428356046
hsa-mir-578,0.0,0.0,0.012307643371264776
hsa-mir-1185-1,0.0,0.0,0.012255449473731694
hsa-mir-6731,0.0,0.0,0.012236485949177478
hsa-mir-6840,0.0,0.0,0.0122082912536301
hsa-mir-659,0.0,0.0,0.012152690975575364
hsa-mir-4757,0.0,0.0,0.011926691412420087
hsa-mir-4421,0.0,0.0,0.011907123534074637
hsa-mir-585,0.0,0.0,0.011658450651619967
hsa-mir-6857,0.0,0.0,0.01150034854762283
hsa-mir-4459,0.0,0.0,0.0114910248732365
hsa-mir-6753,0.0,0.0,0.01147786667697459
hsa-mir-376b,0.0,0.0,0.011443747668391069
hsa-mir-4666b,0.0,0.0,0.011247130483896584
hsa-mir-138-1,0.0,0.0,0.01119418733165034
hsa-mir-548h-2,0.0,0.0,0.011166279977033566
hsa-mir-6820,0.0,0.0,0.011131074499683757
hsa-mir-4508,0.0,0.0,0.011129003566407114
hsa-mir-4518,0.0,0.0,0.010936504076765718
hsa-mir-425,0.0,0.0,0.010890054162893348
hsa-mir-320c-1,0.0,0.0,0.010812787951590241
hsa-mir-4305,0.0,0.0,0.010791686358926356
hsa-mir-4651,0.0,0.0,0.010659802494700887
hsa-mir-593,0.0,0.0,0.010568386770595906
hsa-mir-4311,0.0,0.0,0.010512596739396196
hsa-mir-411,0.0,0.0,0.010358073463921702
hsa-mir-450b,0.0,0.0,0.010315995509409648
hsa-mir-550b-1,0.0,0.0,0.01031204347124115
hsa-mir-3178,0.0,0.0,0.010249434651171674
hsa-mir-548ag-1,0.0,0.0,0.010169413144146322
hsa-mir-4495,0.0,0.0,0.009919371847318281
hsa-mir-337,0.0,0.0,0.009841664546464735
hsa-mir-3135a,0.0,0.0,0.009826908680224511
hsa-mir-6894,0.0,0.0,0.009825864321301392
hsa-mir-521-1,0.0,0.0,0.009710478720608151
hsa-mir-4771-2,0.0,0.0,0.00964372498413768
hsa-mir-4263,0.0,0.0,0.009527559917179573
hsa-mir-2116,0.0,0.0,0.009526930133930689
hsa-mir-3918,0.0,0.0,0.009345698640796485
hsa-mir-373,0.0,0.0,0.009244568746415993
hsa-mir-3912,0.0,0.0,0.009225473559098418
hsa-mir-4650-1,0.0,0.0,0.009174638805529378
hsa-mir-7848,0.0,0.0,0.009038500945207861
hsa-mir-6165,0.0,0.0,0.008993232711062227
hsa-mir-4528,0.0,0.0,0.008992631757532177
hsa-mir-3591,0.0,0.0,0.008858917877385908
hsa-mir-25,0.0,0.0,0.00880144796573612
hsa-mir-129-2,0.0,0.0,0.008792744024208154
hsa-mir-4747,0.0,0.0,0.008777420238048173
hsa-mir-3907,0.0,0.0,0.008762246406367247
hsa-mir-30a,0.0,0.0,0.00874931031189563
hsa-mir-4320,0.0,0.0,0.00872668949386357
hsa-mir-6084,0.0,0.0,0.008712860691441726
hsa-mir-4646,0.0,0.0,0.008704676958458446
hsa-mir-4536-2,0.0,0.0,0.008507915329576399
hsa-mir-1292,0.0,0.0,0.008375870685313869
hsa-mir-520b,0.0,0.0,0.008254667229807167
hsa-mir-1238,0.0,0.0,0.008178908597298307
hsa-mir-6839,0.0,0.0,0.008142360976443275
hsa-mir-424,0.0,0.0,0.007812026306924125
hsa-mir-4679-2,0.0,0.0,0.007781703824891073
hsa-mir-30c-2,0.0,0.0,0.007781471960842445
hsa-mir-641,0.0,0.0,0.007779487788764472
hsa-mir-3137,0.0,0.0,0.007770575264041346
hsa-mir-3914-2,0.0,0.0,0.00774806252168414
hsa-mir-4417,0.0,0.0,0.007615521815364845
hsa-mir-3141,0.0,0.0,0.007582795908258166
hsa-mir-190b,0.0,0.0,0.007294459961793676
hsa-mir-3689a,0.0,0.0,0.007216263347276319
hsa-mir-22,0.0,0.0,0.007144903723133034
hsa-mir-378c,0.0,0.0,0.007117941388141924
hsa-mir-548b,0.0,0.0,0.007097722523216721
hsa-mir-514b,0.0,0.0,0.007054531087861582
hsa-mir-4284,0.0,0.0,0.007023804224950414
hsa-mir-4530,0.0,0.0,0.006901021575308475
hsa-mir-3690-1,0.0,0.0,0.006860006145643638
hsa-mir-6744,0.0,0.0,0.0066740037830221866
hsa-mir-4536-1,0.0,0.0,0.006546264772740562
hsa-mir-7702,0.0,0.0,0.0064710713687952115
hsa-mir-2909,0.0,0.0,0.0063914461995602245
hsa-mir-4517,0.0,0.0,0.006299468205994252
hsa-mir-4254,0.0,0.0,0.0061748049446399556
hsa-mir-95,0.0,0.0,0.00611897120424687
hsa-mir-4437,0.0,0.0,0.006114182130531276
hsa-mir-766,0.0,0.0,0.00607193173539855
hsa-mir-34a,0.0,0.0,0.006065129992891771
hsa-mir-4502,0.0,0.0,0.0060004173598184884
hsa-mir-1182,0.0,0.0,0.0059585802922996756
hsa-mir-6822,0.0,0.0,0.0059078903713001285
hsa-mir-1231,0.0,0.0,0.005871850360962272
hsa-mir-1269a,0.0,0.0,0.0055529876529716304
hsa-mir-4767,0.0,0.0,0.005550428595850754
hsa-mir-4273,0.0,0.0,0.005498982050584855
hsa-mir-4788,0.0,0.0,0.005361005090711357
hsa-mir-8072,0.0,0.0,0.005311644522893566
hsa-mir-5580,0.0,0.0,0.0052793210576282945
hsa-mir-1200,0.0,0.0,0.0052242227265550945
hsa-mir-449c,0.0,0.0,0.0050938790797436795
hsa-mir-577,0.0,0.0,0.004977951640927625
hsa-mir-1254-2,0.0,0.0,0.004713189786933691
hsa-mir-1296,0.0,0.0,0.004569719578784159
hsa-mir-637,0.0,0.0,0.004495658664713353
hsa-mir-6762,0.0,0.0,0.004491769757962061
hsa-mir-516a-2,0.0,0.0,0.004460165635256752
hsa-mir-4762,0.0,0.0,0.004409311745508848
hsa-mir-4644,0.0,0.0,0.004399840897803875
hsa-mir-4506,0.0,0.0,0.004398418010689742
hsa-mir-6797,0.0,0.0,0.004392762553075524
hsa-mir-137,0.0,0.0,0.0043116774468070496
hsa-mir-377,0.0,0.0,0.00415151864691099
hsa-mir-208b,0.0,0.0,0.004145657846155171
hsa-mir-8063,0.0,0.0,0.004136105252180666
hsa-mir-5089,0.0,0.0,0.004054109116616855
hsa-mir-644a,0.0,0.0,0.004048589391998814
hsa-mir-103b-1,0.0,0.0,0.004014849296369416
hsa-mir-1273e,0.0,0.0,0.0039881476700656115
hsa-mir-3128,0.0,0.0,0.003946178604477213
hsa-mir-4728,0.0,0.0,0.0037596241988431256
hsa-mir-6814,0.0,0.0,0.0036382635860041646
hsa-mir-4262,0.0,0.0,0.0036353285940005087
hsa-mir-3910-1,0.0,0.0,0.003617792603494152
hsa-mir-4326,0.0,0.0,0.003617094140120125
hsa-mir-4773-1,0.0,0.0,0.003492225507915947
hsa-mir-1180,0.0,0.0,0.003477442727836122
hsa-mir-6871,0.0,0.0,0.0034699250808964965
hsa-mir-605,0.0,0.0,0.0033708524453532895
hsa-mir-3935,0.0,0.0,0.0033541527490554834
hsa-mir-16-2,0.0,0.0,0.003307450018897873
hsa-mir-5682,0.0,0.0,0.0031907098923713573
hsa-mir-324,0.0,0.0,0.0031396135418384485
hsa-mir-1225,0.0,0.0,0.0029884759118408155
hsa-mir-3122,0.0,0.0,0.0029859043163635857
hsa-mir-345,0.0,0.0,0.002821837698814944
hsa-mir-7705,0.0,0.0,0.0027734734852824516
hsa-mir-568,0.0,0.0,0.002730253077980027
hsa-mir-2278,0.0,0.0,0.0026264733933427653
hsa-mir-3607,0.0,0.0,0.002617011716779416
hsa-mir-31,0.0,0.0,0.0025340989030360195
hsa-mir-1248,0.0,0.0,0.0025122276532947296
hsa-mir-378h,0.0,0.0,0.002497780025113805
hsa-mir-6855,0.0,0.0,0.002442364838730171
hsa-mir-96,0.0,0.0,0.002324901626624909
hsa-mir-4329,0.0,0.0,0.0023045602899824935
hsa-mir-4519,0.0,0.0,0.0023006184970630894
hsa-mir-1972-2,0.0,0.0,0.002223738174518486
hsa-mir-3148,0.0,0.0,0.002210929618008395
hsa-mir-7155,0.0,0.0,0.0021675753133973963
hsa-mir-8054,0.0,0.0,0.0020877036721373976
hsa-mir-875,0.0,0.0,0.002038304839633076
hsa-mir-4751,0.0,0.0,0.0019762837467991456
hsa-mir-4477a,0.0,0.0,0.001940678841219956
hsa-mir-518e,0.0,0.0,0.0018778748122609823
hsa-let-7d,0.0,0.0,0.0017875006306429242
hsa-mir-4775,0.0,0.0,0.0017609211070239716
hsa-mir-5698,0.0,0.0,0.0017525560760649483
hsa-mir-125a,0.0,0.0,0.0017482288208294783
hsa-mir-4467,0.0,0.0,0.0017178635115377983
hsa-mir-6830,0.0,0.0,0.0017164081291523026
hsa-mir-101-1,0.0,0.0,0.0016266396825905804
hsa-mir-4288,0.0,0.0,0.0015865272219972582
hsa-mir-4445,0.0,0.0,0.0014450133022299028
hsa-mir-3195,0.0,0.0,0.0014096570837514033
hsa-mir-451b,0.0,0.0,0.0013134669895222828
hsa-mir-139,0.0,0.0,0.001212740879650731
hsa-mir-4743,0.0,0.0,0.0010294071104790525
hsa-mir-4443,0.0,0.0,0.0010030412362675989
hsa-mir-4770,0.0,0.0,0.0008862690377189342
hsa-mir-4674,0.0,0.0,0.0008833655147759689
hsa-mir-624,0.0,0.0,0.0007697830315607224
hsa-mir-4452,0.0,0.0,0.0007054487557409672
hsa-mir-630,0.0,0.0,0.0006762803953843655
hsa-mir-8052,0.0,0.0,0.0006714173879287522
hsa-mir-4773-2,0.0,0.0,0.0006695308759931962
hsa-mir-5096,0.0,0.0,0.0006681277408437936
hsa-mir-6790,0.0,0.0,0.0006162816534216464
hsa-mir-4645,0.0,0.0,0.0005840570478148344
hsa-mir-5187,0.0,0.0,0.000558108148551284
hsa-mir-551a,0.0,0.0,0.000515800744557815
hsa-mir-3126,0.0,0.0,0.00049243502310925
hsa-mir-363,0.0,0.0,0.00039795920185103917
hsa-mir-4768,0.0,0.0,0.00037212577191425567
hsa-mir-6127,0.0,0.0,0.0003538321728322469
hsa-mir-548o-2,0.0,0.0,0.0002427531808719685
hsa-mir-548k,0.0,0.0,0.00011377934510048426
hsa-mir-4522,0.0,0.0,9.15699222368005e-05
hsa-mir-29c,0.0,0.0,4.477590051954472e-05
hsa-mir-1-1,0.0,0.0,0.0
hsa-mir-101-2,0.0,0.0,0.0
hsa-mir-1181,0.0,0.0,0.0
hsa-mir-1206,0.0,0.0,0.0
hsa-mir-1207,0.0,0.0,0.0
hsa-mir-1208,0.0,0.0,0.0
hsa-mir-1227,0.0,0.0,0.0
hsa-mir-1233-2,0.0,0.0,0.0
hsa-mir-1236,0.0,0.0,0.0
hsa-mir-1237,0.0,0.0,0.0
hsa-mir-124-1,0.0,0.0,0.0
hsa-mir-1244-2,0.0,0.0,0.0
hsa-mir-1246,0.0,0.0,0.0
hsa-mir-1247,0.0,0.0,0.0
hsa-mir-1254-1,0.0,0.0,0.0
hsa-mir-1258,0.0,0.0,0.0
hsa-mir-1260a,0.0,0.0,0.0
hsa-mir-1263,0.0,0.0,0.0
hsa-mir-1282,0.0,0.0,0.0
hsa-mir-1283-1,0.0,0.0,0.0
hsa-mir-1284,0.0,0.0,0.0
hsa-mir-1289-1,0.0,0.0,0.0
hsa-mir-1291,0.0,0.0,0.0
hsa-mir-1301,0.0,0.0,0.0
hsa-mir-1302-2,0.0,0.0,0.0
hsa-mir-133b,0.0,0.0,0.0
hsa-mir-143,0.0,0.0,0.0
hsa-mir-1469,0.0,0.0,0.0
hsa-mir-149,0.0,0.0,0.0
hsa-mir-150,0.0,0.0,0.0
hsa-mir-151b,0.0,0.0,0.0
hsa-mir-155,0.0,0.0,0.0
hsa-mir-16-1,0.0,0.0,0.0
hsa-mir-181a-2,0.0,0.0,0.0
hsa-mir-1825,0.0,0.0,0.0
hsa-mir-184,0.0,0.0,0.0
hsa-mir-1909,0.0,0.0,0.0
hsa-mir-191,0.0,0.0,0.0
hsa-mir-1910,0.0,0.0,0.0
hsa-mir-198,0.0,0.0,0.0
hsa-mir-200a,0.0,0.0,0.0
hsa-mir-200b,0.0,0.0,0.0
hsa-mir-203a,0.0,0.0,0.0
hsa-mir-206,0.0,0.0,0.0
hsa-mir-208a,0.0,0.0,0.0
hsa-mir-210,0.0,0.0,0.0
hsa-mir-2110,0.0,0.0,0.0
hsa-mir-216b,0.0,0.0,0.0
hsa-mir-218-2,0.0,0.0,0.0
hsa-mir-219b,0.0,0.0,0.0
hsa-mir-221,0.0,0.0,0.0
hsa-mir-222,0.0,0.0,0.0
hsa-mir-2276,0.0,0.0,0.0
hsa-mir-2277,0.0,0.0,0.0
hsa-mir-2467,0.0,0.0,0.0
hsa-mir-2861,0.0,0.0,0.0
hsa-mir-298,0.0,0.0,0.0
hsa-mir-301a,0.0,0.0,0.0
hsa-mir-3074,0.0,0.0,0.0
hsa-mir-30c-1,0.0,0.0,0.0
hsa-mir-3115,0.0,0.0,0.0
hsa-mir-3116-1,0.0,0.0,0.0
hsa-mir-3118-4,0.0,0.0,0.0
hsa-mir-3119-2,0.0,0.0,0.0
hsa-mir-3129,0.0,0.0,0.0
hsa-mir-3130-1,0.0,0.0,0.0
hsa-mir-3143,0.0,0.0,0.0
hsa-mir-3156-2,0.0,0.0,0.0
hsa-mir-3158-2,0.0,0.0,0.0
hsa-mir-3160-1,0.0,0.0,0.0
hsa-mir-3169,0.0,0.0,0.0
hsa-mir-3170,0.0,0.0,0.0
hsa-mir-3176,0.0,0.0,0.0
hsa-mir-3177,0.0,0.0,0.0
hsa-mir-3179-1,0.0,0.0,0.0
hsa-mir-3180-4,0.0,0.0,0.0
hsa-mir-3190,0.0,0.0,0.0
hsa-mir-3193,0.0,0.0,0.0
hsa-mir-3199-2,0.0,0.0,0.0
hsa-mir-3200,0.0,0.0,0.0
hsa-mir-3202-2,0.0,0.0,0.0
hsa-mir-320d-2,0.0,0.0,0.0
hsa-mir-326,0.0,0.0,0.0
hsa-mir-330,0.0,0.0,0.0
hsa-mir-339,0.0,0.0,0.0
hsa-mir-340,0.0,0.0,0.0
hsa-mir-3610,0.0,0.0,0.0
hsa-mir-3611,0.0,0.0,0.0
hsa-mir-3616,0.0,0.0,0.0
hsa-mir-3620,0.0,0.0,0.0
hsa-mir-3657,0.0,0.0,0.0
hsa-mir-3658,0.0,0.0,0.0
hsa-mir-3668,0.0,0.0,0.0
hsa-mir-3670-1,0.0,0.0,0.0
hsa-mir-3670-2,0.0,0.0,0.0
hsa-mir-3672,0.0,0.0,0.0
hsa-mir-3675,0.0,0.0,0.0
hsa-mir-3683,0.0,0.0,0.0
hsa-mir-3684,0.0,0.0,0.0
hsa-mir-3688-2,0.0,0.0,0.0
hsa-mir-3689e,0.0,0.0,0.0
hsa-mir-374a,0.0,0.0,0.0
hsa-mir-378d-2,0.0,0.0,0.0
hsa-mir-378i,0.0,0.0,0.0
hsa-mir-380,0.0,0.0,0.0
hsa-mir-382,0.0,0.0,0.0
hsa-mir-383,0.0,0.0,0.0
hsa-mir-384,0.0,0.0,0.0
hsa-mir-3928,0.0,0.0,0.0
hsa-mir-3941,0.0,0.0,0.0
hsa-mir-3944,0.0,0.0,0.0
hsa-mir-3978,0.0,0.0,0.0
hsa-mir-4252,0.0,0.0,0.0
hsa-mir-4255,0.0,0.0,0.0
hsa-mir-4269,0.0,0.0,0.0
hsa-mir-4274,0.0,0.0,0.0
hsa-mir-4297,0.0,0.0,0.0
hsa-mir-4298,0.0,0.0,0.0
hsa-mir-4304,0.0,0.0,0.0
hsa-mir-4307,0.0,0.0,0.0
hsa-mir-4318,0.0,0.0,0.0
hsa-mir-4418,0.0,0.0,0.0
hsa-mir-4427,0.0,0.0,0.0
hsa-mir-4438,0.0,0.0,0.0
hsa-mir-4444-1,0.0,0.0,0.0
hsa-mir-4446,0.0,0.0,0.0
hsa-mir-4448,0.0,0.0,0.0
hsa-mir-4450,0.0,0.0,0.0
hsa-mir-4460,0.0,0.0,0.0
hsa-mir-4468,0.0,0.0,0.0
hsa-mir-4472-2,0.0,0.0,0.0
hsa-mir-4475,0.0,0.0,0.0
hsa-mir-4488,0.0,0.0,0.0
hsa-mir-4489,0.0,0.0,0.0
hsa-mir-449b,0.0,0.0,0.0
hsa-mir-4500,0.0,0.0,0.0
hsa-mir-4509-3,0.0,0.0,0.0
hsa-mir-450a-2,0.0,0.0,0.0
hsa-mir-4515,0.0,0.0,0.0
hsa-mir-4523,0.0,0.0,0.0
hsa-mir-4525,0.0,0.0,0.0
hsa-mir-4532,0.0,0.0,0.0
hsa-mir-4639,0.0,0.0,0.0
hsa-mir-4647,0.0,0.0,0.0
hsa-mir-4648,0.0,0.0,0.0
hsa-mir-4654,0.0,0.0,0.0
hsa-mir-4666a,0.0,0.0,0.0
hsa-mir-4679-1,0.0,0.0,0.0
hsa-mir-4685,0.0,0.0,0.0
hsa-mir-4687,0.0,0.0,0.0
hsa-mir-4690,0.0,0.0,0.0
hsa-mir-4692,0.0,0.0,0.0
hsa-mir-4694,0.0,0.0,0.0
hsa-mir-4695,0.0,0.0,0.0
hsa-mir-4709,0.0,0.0,0.0
hsa-mir-4710,0.0,0.0,0.0
hsa-mir-4714,0.0,0.0,0.0
hsa-mir-4720,0.0,0.0,0.0
hsa-mir-4721,0.0,0.0,0.0
hsa-mir-4723,0.0,0.0,0.0
hsa-mir-4725,0.0,0.0,0.0
hsa-mir-4726,0.0,0.0,0.0
hsa-mir-4732,0.0,0.0,0.0
hsa-mir-4736,0.0,0.0,0.0
hsa-mir-4738,0.0,0.0,0.0
hsa-mir-4749,0.0,0.0,0.0
hsa-mir-4759,0.0,0.0,0.0
hsa-mir-4766,0.0,0.0,0.0
hsa-mir-4771-1,0.0,0.0,0.0
hsa-mir-4772,0.0,0.0,0.0
hsa-mir-4778,0.0,0.0,0.0
hsa-mir-4783,0.0,0.0,0.0
hsa-mir-4789,0.0,0.0,0.0
hsa-mir-4799,0.0,0.0,0.0
hsa-mir-483,0.0,0.0,0.0
hsa-mir-491,0.0,0.0,0.0
hsa-mir-499a,0.0,0.0,0.0
hsa-mir-499b,0.0,0.0,0.0
hsa-mir-5007,0.0,0.0,0.0
hsa-mir-507,0.0,0.0,0.0
hsa-mir-5090,0.0,0.0,0.0
hsa-mir-512-1,0.0,0.0,0.0
hsa-mir-516b-2,0.0,0.0,0.0
hsa-mir-5188,0.0,0.0,0.0
hsa-mir-518b,0.0,0.0,0.0
hsa-mir-518d,0.0,0.0,0.0
hsa-mir-5193,0.0,0.0,0.0
hsa-mir-520c,0.0,0.0,0.0
hsa-mir-544b,0.0,0.0,0.0
hsa-mir-548aa-2,0.0,0.0,0.0
hsa-mir-548ab,0.0,0.0,0.0
hsa-mir-548ao,0.0,0.0,0.0
hsa-mir-548aq,0.0,0.0,0.0
hsa-mir-548ar,0.0,0.0,0.0
hsa-mir-548ax,0.0,0.0,0.0
hsa-mir-548ba,0.0,0.0,0.0
hsa-mir-548f-3,0.0,0.0,0.0
hsa-mir-548g,0.0,0.0,0.0
hsa-mir-548o,0.0,0.0,0.0
hsa-mir-548t,0.0,0.0,0.0
hsa-mir-548u,0.0,0.0,0.0
hsa-mir-548w,0.0,0.0,0.0
hsa-mir-5571,0.0,0.0,0.0
hsa-mir-5581,0.0,0.0,0.0
hsa-mir-5585,0.0,0.0,0.0
hsa-mir-561,0.0,0.0,0.0
hsa-mir-567,0.0,0.0,0.0
hsa-mir-5680,0.0,0.0,0.0
hsa-mir-5689,0.0,0.0,0.0
hsa-mir-5692a-2,0.0,0.0,0.0
hsa-mir-5699,0.0,0.0,0.0
hsa-mir-5701-3,0.0,0.0,0.0
hsa-mir-573,0.0,0.0,0.0
hsa-mir-5739,0.0,0.0,0.0
hsa-mir-575,0.0,0.0,0.0
hsa-mir-583,0.0,0.0,0.0
hsa-mir-584,0.0,0.0,0.0
hsa-mir-597,0.0,0.0,0.0
hsa-mir-599,0.0,0.0,0.0
hsa-mir-601,0.0,0.0,0.0
hsa-mir-6068,0.0,0.0,0.0
hsa-mir-6075,0.0,0.0,0.0
hsa-mir-6081,0.0,0.0,0.0
hsa-mir-609,0.0,0.0,0.0
hsa-mir-6130,0.0,0.0,0.0
hsa-mir-6133,0.0,0.0,0.0
hsa-mir-6134,0.0,0.0,0.0
hsa-mir-616,0.0,0.0,0.0
hsa-mir-621,0.0,0.0,0.0
hsa-mir-623,0.0,0.0,0.0
hsa-mir-631,0.0,0.0,0.0
hsa-mir-642a,0.0,0.0,0.0
hsa-mir-645,0.0,0.0,0.0
hsa-mir-650,0.0,0.0,0.0
hsa-mir-6500,0.0,0.0,0.0
hsa-mir-6501,0.0,0.0,0.0
hsa-mir-6507,0.0,0.0,0.0
hsa-mir-6511a-1,0.0,0.0,0.0
hsa-mir-6515,0.0,0.0,0.0
hsa-mir-6516,0.0,0.0,0.0
hsa-mir-657,0.0,0.0,0.0
hsa-mir-6715b,0.0,0.0,0.0
hsa-mir-6728,0.0,0.0,0.0
hsa-mir-6734,0.0,0.0,0.0
hsa-mir-6745,0.0,0.0,0.0
hsa-mir-6746,0.0,0.0,0.0
hsa-mir-6751,0.0,0.0,0.0
hsa-mir-6765,0.0,0.0,0.0
hsa-mir-6774,0.0,0.0,0.0
hsa-mir-6782,0.0,0.0,0.0
hsa-mir-6787,0.0,0.0,0.0
hsa-mir-6791,0.0,0.0,0.0
hsa-mir-6807,0.0,0.0,0.0
hsa-mir-6812,0.0,0.0,0.0
hsa-mir-6825,0.0,0.0,0.0
hsa-mir-6827,0.0,0.0,0.0
hsa-mir-6828,0.0,0.0,0.0
hsa-mir-6836,0.0,0.0,0.0
hsa-mir-6851,0.0,0.0,0.0
hsa-mir-6856,0.0,0.0,0.0
hsa-mir-6862-2,0.0,0.0,0.0
hsa-mir-6866,0.0,0.0,0.0
hsa-mir-6870,0.0,0.0,0.0
hsa-mir-6879,0.0,0.0,0.0
hsa-mir-6886,0.0,0.0,0.0
hsa-mir-6892,0.0,0.0,0.0
hsa-mir-7-1,0.0,0.0,0.0
hsa-mir-7-2,0.0,0.0,0.0
hsa-mir-7108,0.0,0.0,0.0
hsa-mir-711,0.0,0.0,0.0
hsa-mir-7110,0.0,0.0,0.0
hsa-mir-7111,0.0,0.0,0.0
hsa-mir-7113,0.0,0.0,0.0
hsa-mir-7156,0.0,0.0,0.0
hsa-mir-7159,0.0,0.0,0.0
hsa-mir-760,0.0,0.0,0.0
hsa-mir-761,0.0,0.0,0.0
hsa-mir-769,0.0,0.0,0.0
hsa-mir-7847,0.0,0.0,0.0
hsa-mir-7849,0.0,0.0,0.0
hsa-mir-7850,0.0,0.0,0.0
hsa-mir-7851,0.0,0.0,0.0
hsa-mir-7973-2,0.0,0.0,0.0
hsa-mir-7976,0.0,0.0,0.0
hsa-mir-8053,0.0,0.0,0.0
hsa-mir-8057,0.0,0.0,0.0
hsa-mir-8058,0.0,0.0,0.0
hsa-mir-8059,0.0,0.0,0.0
hsa-mir-8064,0.0,0.0,0.0
hsa-mir-8065,0.0,0.0,0.0
hsa-mir-8068,0.0,0.0,0.0
hsa-mir-8071-1,0.0,0.0,0.0
hsa-mir-8073,0.0,0.0,0.0
hsa-mir-8083,0.0,0.0,0.0
hsa-mir-8084,0.0,0.0,0.0
hsa-mir-8088,0.0,0.0,0.0
hsa-mir-885,0.0,0.0,0.0
hsa-mir-888,0.0,0.0,0.0
hsa-mir-890,0.0,0.0,0.0
hsa-mir-891b,0.0,0.0,0.0
hsa-mir-892a,0.0,0.0,0.0
hsa-mir-9-2,0.0,0.0,0.0
hsa-mir-9-3,0.0,0.0,0.0
hsa-mir-93,0.0,0.0,0.0
hsa-mir-940,0.0,0.0,0.0
hsa-mir-944,0.0,0.0,0.0
hsa-mir-9500,0.0,0.0,0.0
hsa-mir-99a,0.0,0.0,0.0
