Feature,Importance
hsa-mir-4271,14.385687216343069
hsa-mir-5572,13.940804807784762
hsa-mir-1471,13.927161855196283
hsa-mir-6770-1,13.660737104281669
hsa-mir-4792,13.603066895525725
hsa-mir-4280,13.591606755983394
hsa-mir-4698,13.465021865775126
hsa-mir-4703,13.382542029371812
hsa-mir-596,13.365539074152254
hsa-mir-8052,13.341573463015536
hsa-mir-3672,13.339586942669333
hsa-mir-4534,13.286508058895613
hsa-mir-5186,13.276693323370765
hsa-mir-4440,13.229883324350446
hsa-mir-5692c-2,13.21107926886063
hsa-mir-4696,13.205947945028962
hsa-mir-6090,13.16994713909315
hsa-mir-3156-2,13.154293096872738
hsa-mir-3665,13.15258940797379
hsa-mir-5700,13.133348087546507
hsa-mir-4321,13.108457169975196
hsa-mir-4310,13.099752672344861
hsa-mir-7843,13.086375578669319
hsa-mir-3135b,13.077787839734613
hsa-mir-1265,13.07364995136513
hsa-mir-5689,13.066114085722054
hsa-mir-4322,13.058835643542885
hsa-mir-6752,13.05433605793745
hsa-mir-378e,13.05391416507818
hsa-mir-593,13.04417175596671
hsa-mir-3972,13.043978904569006
hsa-mir-202,13.029696786825852
hsa-mir-548c,13.028949705125585
hsa-mir-4769,13.012249870936863
hsa-mir-548ax,12.99198932424001
hsa-mir-4327,12.977294418888269
hsa-mir-548p,12.96279166844612
hsa-mir-4530,12.959037373787911
hsa-mir-4264,12.958419819917072
hsa-mir-4418,12.955024251005122
hsa-mir-2392,12.954385294495859
hsa-mir-378j,12.95334764727568
hsa-mir-8089,12.948777539547578
hsa-mir-1184-2,12.939350588812339
hsa-mir-550b-1,12.924368177549137
hsa-mir-548ap,12.91953190362434
hsa-mir-1587,12.918191126874001
hsa-mir-5011,12.917517002562667
hsa-mir-4438,12.913595087618802
hsa-mir-1285-2,12.90732882682848
hsa-mir-7107,12.894699269739052
hsa-mir-1260a,12.87740254467077
hsa-mir-6722,12.875258884340917
hsa-mir-5704,12.816803258218586
hsa-mir-4278,12.816072141376845
hsa-mir-6719,12.814959969054954
hsa-mir-422a,12.814952290721614
hsa-mir-761,12.812506929995212
hsa-mir-4478,12.803419236131862
hsa-mir-4463,12.801248295249689
hsa-mir-378b,12.791672745024554
hsa-mir-6124,12.79095404646818
hsa-mir-4508,12.783932714151476
hsa-mir-4257,12.764727606895809
hsa-mir-4650-1,12.76321154078818
hsa-mir-6068,12.762850561649474
hsa-mir-4462,12.753111989778041
hsa-mir-4535,12.74998916516969
hsa-mir-548h-5,12.745486606651916
hsa-mir-3121,12.737600680015039
hsa-mir-6081,12.733541804125677
hsa-mir-8058,12.718332311667389
hsa-mir-3135a,12.665020324000308
hsa-mir-3141,12.664226577554315
hsa-mir-1272,12.663229549498023
hsa-mir-4489,12.660920128645698
hsa-mir-5087,12.660890539566923
hsa-mir-4288,12.659771161334248
hsa-mir-571,12.652616363042098
hsa-mir-4681,12.637789152358984
hsa-mir-4317,12.626830626467065
hsa-mir-8073,12.61833698144148
hsa-mir-661,12.616292880632116
hsa-mir-3686,12.598594469221545
hsa-mir-367,12.597793158911266
hsa-mir-4441,12.59216466414571
hsa-mir-591,12.589927679587968
hsa-mir-6080,12.58918628210075
hsa-mir-4485,12.584437357061088
hsa-mir-613,12.57186395336475
hsa-mir-548a-1,12.56979078222867
hsa-mir-6127,12.55333846166758
hsa-mir-6088,12.535135722494642
hsa-mir-1206,12.529896655292596
hsa-mir-4436a,12.524444005745728
hsa-mir-1469,12.504399975805553
hsa-mir-548az,12.502142703953874
hsa-mir-378g,12.493960505740773
hsa-mir-4471,12.487061563286735
hsa-mir-4776-1,12.486613214810532
hsa-mir-4503,12.482259996069619
hsa-mir-3197,12.47876676836667
hsa-mir-7975,12.464230344038638
hsa-mir-567,12.456393244270462
hsa-mir-558,12.441926306548144
hsa-mir-6513,12.437673864294451
hsa-mir-5191,12.436362465362725
hsa-mir-4693,12.434135984737166
hsa-mir-4323,12.429846847202668
hsa-mir-3668,12.426039653925535
hsa-mir-4720,12.420791186428506
hsa-mir-4428,12.420780949280033
hsa-mir-6770-3,12.4182849367501
hsa-mir-3675,12.416254286141662
hsa-mir-6859-4,12.412631231376341
hsa-mir-6130,12.404577915562895
hsa-mir-4295,12.402502152187779
hsa-mir-623,12.390866299314402
hsa-mir-4659b,12.384552753738022
hsa-mir-8085,12.353677778350258
hsa-mir-3920,12.350085226635214
hsa-mir-3907,12.33007378772724
hsa-mir-5702,12.32387629925694
hsa-mir-5707,12.322495120970155
hsa-mir-3685,12.314897270913164
hsa-mir-3945,12.311834136198224
hsa-mir-4538,12.304100572262842
hsa-mir-548ar,12.293257893984588
hsa-mir-1273g,12.287752574581566
hsa-mir-1278,12.282392840126342
hsa-mir-1184-1,12.267938438824766
hsa-mir-640,12.261778206312691
hsa-mir-5190,12.258654358035018
hsa-mir-1827,12.258104088558087
hsa-mir-4633,12.241432535138607
hsa-mir-4490,12.240674816426194
hsa-mir-550b-2,12.237658938676775
hsa-mir-6126,12.226133228025956
hsa-mir-4493,12.214057408723953
hsa-mir-1302-3,12.20965757158715
hsa-mir-3133,12.203404399676792
hsa-mir-4460,12.18768559880946
hsa-mir-7847,12.183607960163183
hsa-mir-631,12.18150850692905
hsa-mir-6132,12.1794301051195
hsa-mir-4498,12.163723319463122
hsa-mir-6504,12.161201643444356
hsa-mir-6872,12.161051684539787
hsa-mir-1289-2,12.152861228575322
hsa-mir-6071,12.148710437857721
hsa-mir-4513,12.1484252041855
hsa-mir-609,12.144260382411698
hsa-mir-3910-1,12.142788884504336
hsa-mir-7849,12.141760614772107
hsa-mir-2909,12.1410648945221
hsa-mir-1273h,12.139557475454195
hsa-mir-657,12.136182024717174
hsa-mir-4711,12.135156744997671
hsa-mir-8083,12.122882704856753
hsa-mir-1178,12.121177701074323
hsa-mir-4737,12.117321102341686
hsa-mir-5095,12.107030238072761
hsa-mir-3690-1,12.10663933958135
hsa-mir-6744,12.097420301396411
hsa-mir-718,12.090197654025898
hsa-mir-5691,12.089308525311655
hsa-mir-4764,12.085599396149878
hsa-mir-4666a,12.081927431987475
hsa-mir-4459,12.080832197121394
hsa-mir-548as,12.072853828872393
hsa-mir-548w,12.072018477978236
hsa-mir-4767,12.071055360287373
hsa-mir-3165,12.06990197034098
hsa-mir-4672,12.062457462031531
hsa-mir-4315-2,12.0617128260002
hsa-mir-4526,12.046006288824273
hsa-mir-7973-2,12.04291066042354
hsa-mir-4260,12.041915197713129
hsa-mir-4536-1,12.033562339410764
hsa-mir-6865,12.030955869493159
hsa-mir-4637,12.03078314894763
hsa-mir-4263,12.019752496978592
hsa-mir-4536-2,11.99516306883835
hsa-mir-548f-5,11.994172741561433
hsa-mir-3155b,11.994036525848662
hsa-mir-936,11.973578373574673
hsa-mir-4770,11.97254445307816
hsa-mir-3688-1,11.960498811687417
hsa-mir-6866,11.957940758172507
hsa-mir-3160-1,11.956837668289069
hsa-mir-1199,11.952293913888326
hsa-mir-4679-2,11.938907093151867
hsa-mir-6878,11.936036649824398
hsa-mir-548av,11.929989556936773
hsa-mir-4697,11.925731271229054
hsa-mir-499b,11.924146770350943
hsa-mir-762,11.920153821379444
hsa-mir-3180-4,11.916005684729729
hsa-mir-384,11.91339864897976
hsa-mir-4796,11.908218851807563
hsa-mir-4712,11.901758882897175
hsa-mir-7156,11.900078955304064
hsa-mir-3646,11.891163697014102
hsa-mir-6876,11.889153199744968
hsa-mir-4645,11.888408639770157
hsa-mir-1244-2,11.879953343839967
hsa-mir-4642,11.87829637152865
hsa-mir-600,11.867186932543758
hsa-mir-3683,11.86570631232906
hsa-mir-3606,11.84857621069688
hsa-mir-3921,11.839829538025029
hsa-mir-6825,11.836274777029052
hsa-mir-6829,11.834191565198545
hsa-mir-6733,11.832973415814815
hsa-mir-4700,11.83006667838587
hsa-mir-4512,11.829298561757973
hsa-mir-5590,11.814920650748538
hsa-mir-3914-1,11.80923888161235
hsa-mir-6855,11.805539779295016
hsa-mir-4675,11.802532491028197
hsa-mir-6817,11.80249811174188
hsa-mir-3914-2,11.800243695404106
hsa-mir-10a,11.800156664493812
hsa-mir-572,11.791202033386023
hsa-mir-7855,11.781638113784608
hsa-mir-6076,11.769135756590106
hsa-mir-630,11.766513799214184
hsa-mir-4795,11.76548417251756
hsa-mir-6848,11.760208094049542
hsa-mir-6838,11.760044366367207
hsa-mir-548ag-1,11.75842942195925
hsa-mir-4432,11.75822663669122
hsa-mir-602,11.75671430625995
hsa-mir-5708,11.753776623966207
hsa-mir-3149,11.753177581882275
hsa-mir-637,11.737497784002546
hsa-mir-6742,11.730589496430275
hsa-mir-3185,11.727931350178233
hsa-mir-3142,11.724955210917793
hsa-mir-7703,11.722570106027934
hsa-mir-1231,11.72054082052045
hsa-mir-4276,11.709475295467316
hsa-mir-371b,11.693437383207618
hsa-mir-378i,11.689300984507591
hsa-mir-5591,11.687583997409236
hsa-mir-4496,11.687423675141842
hsa-mir-4430,11.686697650263735
hsa-mir-6816,11.683319271140922
hsa-mir-4454,11.681801174174973
hsa-mir-6785,11.68126882618664
hsa-mir-6890,11.681188447436348
hsa-mir-6736,11.667316078746907
hsa-mir-4439,11.666591103842757
hsa-mir-7853,11.666321931217166
hsa-mir-5009,11.665424125932905
hsa-mir-4781,11.645033444843982
hsa-mir-6862-1,11.643350187123303
hsa-mir-6084,11.639879809005125
hsa-mir-635,11.63677463988099
hsa-mir-4803,11.634372339280777
hsa-mir-548m,11.631966616852926
hsa-mir-6732,11.62307445224449
hsa-mir-6835,11.622810276336006
hsa-mir-6811,11.61650051060797
hsa-mir-6760,11.616118191983743
hsa-mir-3199-1,11.608314523487772
hsa-mir-6839,11.606164342299113
hsa-mir-7161,11.604511931458998
hsa-mir-4510,11.600082781146776
hsa-mir-6826,11.599671385461232
hsa-mir-610,11.598721273653753
hsa-mir-3175,11.595202648694148
hsa-mir-4419b,11.594218009427943
hsa-mir-3688-2,11.593816867778495
hsa-mir-3189,11.593125419004444
hsa-mir-3915,11.593049521887046
hsa-mir-6770-2,11.592927017866883
hsa-mir-4688,11.592886309860036
hsa-mir-6822,11.588141237221715
hsa-mir-6787,11.587473615160299
hsa-mir-3159,11.56995489524331
hsa-mir-3925,11.56761598855542
hsa-mir-3912,11.567594942359218
hsa-mir-4427,11.556542056630214
hsa-mir-6780a,11.554591174803049
hsa-mir-5681a,11.548688696158102
hsa-mir-4739,11.541658185334951
hsa-mir-3166,11.540091329022252
hsa-mir-3163,11.533037942195165
hsa-mir-4422,11.53037270033596
hsa-mir-219a-2,11.52147732741667
hsa-mir-588,11.51723649817426
hsa-mir-6874,11.516236948019923
hsa-mir-5684,11.514065329153183
hsa-mir-7113,11.511270341951366
hsa-mir-6502,11.505813120396567
hsa-mir-548ac,11.503353794409833
hsa-mir-4520-1,11.49581700627144
hsa-mir-4752,11.483606052164888
hsa-mir-6751,11.482735131978876
hsa-mir-5587,11.480857819728621
hsa-mir-6740,11.479286237657087
hsa-mir-4669,11.478228857027997
hsa-mir-4635,11.466926376399442
hsa-mir-6883,11.459436120269988
hsa-mir-3678,11.459058044516397
hsa-mir-4420,11.455643892121149
hsa-mir-5588,11.453022439342393
hsa-mir-4662b,11.451427037091468
hsa-mir-5685,11.451227008092557
hsa-mir-5100,11.44973778112033
hsa-mir-548aa-2,11.444176943443324
hsa-mir-549a,11.438009967264122
hsa-mir-4539,11.428314722086617
hsa-mir-4733,11.424626229713928
hsa-mir-5698,11.419877399043118
hsa-mir-320e,11.415946008556562
hsa-mir-4785,11.40895270734744
hsa-mir-4452,11.40515839225579
hsa-mir-642b,11.404669296771436
hsa-mir-4324,11.402060168214192
hsa-mir-451b,11.39293521689221
hsa-mir-7845,11.391462225427237
hsa-mir-4690,11.388228610276455
hsa-mir-4798,11.387627834387986
hsa-mir-6818,11.384664344007588
hsa-mir-4717,11.384517543517319
hsa-mir-1268b,11.379880311177407
hsa-mir-548n,11.377591526479408
hsa-mir-4666b,11.376870580199363
hsa-mir-4424,11.376011717211549
hsa-mir-1913,11.374678661168367
hsa-mir-4651,11.367738255347895
hsa-mir-3065,11.36530249669736
hsa-mir-4482,11.363486713563827
hsa-mir-650,11.362421246937622
hsa-mir-4804,11.361270482383691
hsa-mir-6888,11.357116391207787
hsa-mir-5680,11.34947457797496
hsa-mir-548ad,11.344886578642823
hsa-mir-4731,11.342483069322759
hsa-mir-4773-2,11.339994084867218
hsa-mir-1245b,11.337830072224627
hsa-mir-3117,11.334021320383988
hsa-mir-3126,11.333260802846166
hsa-mir-3621,11.330631866607256
hsa-mir-4671,11.327194996158175
hsa-mir-4423,11.32435058158544
hsa-mir-4476,11.317381944443904
hsa-mir-4519,11.316220117687688
hsa-mir-3139,11.310946973531966
hsa-mir-644a,11.307217797722975
hsa-mir-548u,11.301428040797253
hsa-mir-663b,11.292375694754574
hsa-mir-383,11.286337566083509
hsa-mir-614,11.284137555704836
hsa-mir-6804,11.282863132368023
hsa-mir-4435-1,11.28144725325602
hsa-mir-4315-1,11.280000893816688
hsa-mir-6856,11.271927922496076
hsa-mir-4771-2,11.270205149587268
hsa-mir-211,11.26001843111168
hsa-mir-3119-2,11.259696020130178
hsa-mir-4649,11.245183959982233
hsa-mir-5194,11.23738525267098
hsa-mir-4802,11.235700576321994
hsa-mir-7977,11.227147190462698
hsa-mir-548aw,11.224397142837812
hsa-mir-6754,11.216340460029445
hsa-mir-8086,11.206601942117512
hsa-mir-6758,11.204155608883482
hsa-mir-6884,11.200740699520976
hsa-mir-6786,11.197116734782178
hsa-mir-4718,11.191311464327026
hsa-mir-34c,11.188790635847866
hsa-mir-3143,11.183196887911102
hsa-mir-5585,11.179292450661634
hsa-mir-548t,11.178942281567334
hsa-mir-2681,11.17611653597343
hsa-mir-544b,11.172795323290448
hsa-mir-3650,11.170570230416958
hsa-mir-378d-1,11.170350110742241
hsa-mir-3926-1,11.16859393111585
hsa-mir-1909,11.164781633903806
hsa-mir-1252,11.159118135000663
hsa-mir-3689c,11.154283331355616
hsa-mir-4775,11.152257826954626
hsa-mir-4694,11.152173173337284
hsa-mir-6861,11.150635268126377
hsa-mir-5687,11.149629705664026
hsa-mir-1539,11.148782375329167
hsa-mir-4639,11.146671969091468
hsa-mir-4480,11.146544316000323
hsa-mir-3910-2,11.143245071526634
hsa-mir-4999,11.142835321863764
hsa-mir-611,11.138660740201866
hsa-mir-6768,11.134907792665954
hsa-mir-552,11.13292947003899
hsa-mir-7973-1,11.129511412100987
hsa-mir-3975,11.128064121274058
hsa-mir-4516,11.125332546826932
hsa-mir-4692,11.124374570374364
hsa-mir-548j,11.123609115185696
hsa-mir-4663,11.120636351635232
hsa-mir-3198-1,11.118456707527343
hsa-mir-3674,11.117925051757357
hsa-mir-4706,11.116254487010503
hsa-mir-6715b,11.113469503192048
hsa-mir-4680,11.111508914077206
hsa-mir-548ab,11.109632921458676
hsa-mir-548ak,11.10950529269471
hsa-mir-4279,11.108707236611448
hsa-mir-7111,11.108504199261594
hsa-mir-4729,11.105606826198692
hsa-mir-4673,11.104172620363123
hsa-mir-6868,11.103506183055188
hsa-mir-5007,11.101674631236396
hsa-mir-4258,11.096657153095387
hsa-mir-2117,11.09297424156262
hsa-mir-765,11.087720517098738
hsa-mir-6830,11.086523841313186
hsa-mir-6873,11.085183725866823
hsa-mir-4470,11.074617379175017
hsa-mir-5583-1,11.06500569869638
hsa-mir-1289-1,11.062892208084563
hsa-mir-6795,11.06200489627058
hsa-mir-1468,11.058514242263886
hsa-mir-4504,11.057114022309275
hsa-mir-4445,11.054520465145838
hsa-mir-4487,11.053782513898094
hsa-mir-3181,11.04284933115688
hsa-mir-3180-2,11.041874803704928
hsa-mir-4284,11.029918165519607
hsa-mir-4721,11.02879183900384
hsa-mir-4726,11.026736526231483
hsa-mir-6886,11.017895777702536
hsa-mir-7114,11.017031555765426
hsa-mir-6723,11.015642205508763
hsa-mir-187,11.014664305564263
hsa-mir-3654,11.013005836409148
hsa-mir-548am,11.011052983580806
hsa-mir-4435-2,11.00760408547843
hsa-mir-607,11.002121982667186
hsa-mir-5696,10.998423350412281
hsa-mir-1237,10.99617867986009
hsa-mir-4736,10.987632453075388
hsa-mir-4679-1,10.981501337310622
hsa-mir-4747,10.980850986271516
hsa-mir-6887,10.980239194120452
hsa-mir-4421,10.978491398639528
hsa-mir-645,10.977774177404601
hsa-mir-548o-2,10.976798416684906
hsa-mir-4453,10.970663698842241
hsa-mir-4727,10.967856042097598
hsa-mir-3611,10.958239946208085
hsa-mir-4641,10.956801983539307
hsa-mir-3120,10.953566768659076
hsa-mir-3655,10.952568857177868
hsa-mir-4743,10.946916254429675
hsa-mir-5690,10.944917004808122
hsa-mir-2115,10.943410989540997
hsa-mir-1204,10.938977912515131
hsa-mir-4522,10.937153106892563
hsa-mir-3146,10.93656483132123
hsa-mir-4528,10.935520459761062
hsa-mir-4776-2,10.934756131382798
hsa-mir-5089,10.933771582350449
hsa-mir-1273a,10.932964660283208
hsa-mir-4763,10.93180273425726
hsa-mir-6500,10.918087614459106
hsa-mir-3190,10.917151072869567
hsa-mir-6755,10.913034826229234
hsa-mir-4799,10.912519249698043
hsa-mir-7158,10.907712519844761
hsa-mir-6731,10.905720053994504
hsa-mir-6824,10.894950376683251
hsa-mir-1304,10.893861660330804
hsa-mir-1281,10.890337956532438
hsa-mir-1207,10.889367508613262
hsa-mir-3178,10.888885430242786
hsa-mir-548q,10.883651380675397
hsa-mir-378f,10.882610797677012
hsa-mir-1295a,10.87980320631494
hsa-mir-6764,10.877695664283795
hsa-mir-578,10.87131646854146
hsa-mir-5192,10.87030754109321
hsa-mir-663a,10.868964088075714
hsa-mir-4744,10.866772298151783
hsa-mir-4494,10.866499569351578
hsa-mir-3680-2,10.866483105166106
hsa-mir-3064,10.866396543707966
hsa-mir-3658,10.865836451854943
hsa-mir-606,10.86562032695532
hsa-mir-4520-2,10.860313861140469
hsa-mir-4505,10.85872799427127
hsa-mir-4678,10.857533471986907
hsa-mir-3936,10.856415109472556
hsa-mir-5703,10.85288812817403
hsa-mir-2114,10.84923196391272
hsa-mir-4768,10.847028897028986
hsa-mir-617,10.844637661368523
hsa-mir-6718,10.843740899013756
hsa-mir-4750,10.8416884971947
hsa-mir-1825,10.83587060978444
hsa-mir-5583-2,10.829496203258266
hsa-mir-6507,10.828042954700283
hsa-mir-4777,10.825296804337995
hsa-mir-7157,10.820697575605806
hsa-mir-3923,10.815463767288687
hsa-mir-548h-3,10.809414007169492
hsa-mir-3679,10.805242043657525
hsa-mir-7978,10.804790871103238
hsa-mir-6503,10.804406579243732
hsa-mir-548ay,10.798905187441541
hsa-mir-212,10.796944193570457
hsa-mir-6869,10.792627753069276
hsa-mir-4464,10.788329301244474
hsa-mir-6801,10.788081238562219
hsa-mir-3186,10.780647839019212
hsa-mir-3591,10.777562817353305
hsa-mir-1182,10.774253289107063
hsa-mir-4434,10.771451620812062
hsa-mir-5004,10.770113626467579
hsa-mir-3924,10.769781797977645
hsa-mir-3168,10.768360053855654
hsa-mir-7852,10.768074471755819
hsa-mir-3692,10.767911904006638
hsa-mir-6766,10.76378079227734
hsa-mir-4529,10.761539419998838
hsa-mir-573,10.76133394989239
hsa-mir-6870,10.759600144819698
hsa-mir-6882,10.749183427115472
hsa-mir-3939,10.747187315039726
hsa-mir-4507,10.743710380703414
hsa-mir-618,10.741565507249536
hsa-mir-943,10.74156200079777
hsa-mir-4654,10.738197440660032
hsa-mir-6505,10.736353429909125
hsa-mir-548a-3,10.734508994816208
hsa-mir-190b,10.733657622259619
hsa-mir-3663,10.732983837814198
hsa-mir-4292,10.727040510214437
hsa-mir-7844,10.725708755157807
hsa-mir-6845,10.72149741366746
hsa-mir-1179,10.71775813212796
hsa-mir-4426,10.717565284188556
hsa-mir-4779,10.715966575439364
hsa-mir-548ah,10.711754776080605
hsa-mir-4657,10.711383192445764
hsa-mir-4753,10.707180256048103
hsa-mir-6823,10.68789535418258
hsa-mir-3935,10.68080508350914
hsa-mir-3122,10.680501358906003
hsa-mir-4765,10.671746228837804
hsa-mir-137,10.671069117843878
hsa-mir-4425,10.669054050106027
hsa-mir-6844,10.668795663249497
hsa-mir-5094,10.660211956930796
hsa-mir-4457,10.65986871806635
hsa-mir-4719,10.65662790273834
hsa-mir-4709,10.655596736845855
hsa-mir-3617,10.649815217024996
hsa-mir-7705,10.636955691893535
hsa-mir-6864,10.63582211918289
hsa-mir-4492,10.633246668119778
hsa-mir-6131,10.630422861521483
hsa-mir-561,10.630170339362184
hsa-mir-4740,10.62859273993263
hsa-mir-1285-1,10.628281009994888
hsa-mir-1244-1,10.626703553324537
hsa-mir-1269a,10.626571191449122
hsa-mir-3125,10.625077067219543
hsa-mir-548at,10.624362781737483
hsa-mir-4659a,10.611183570140717
hsa-mir-4789,10.610729981619423
hsa-mir-5584,10.593125070556109
hsa-mir-4710,10.591903447925265
hsa-mir-4451,10.589345360283783
hsa-mir-10b,10.588424353788582
hsa-mir-3909,10.581166823868806
hsa-mir-4771-1,10.581161617428704
hsa-mir-548x-2,10.57965851818048
hsa-mir-4783,10.577888785102472
hsa-mir-548al,10.577654188884205
hsa-mir-3913-1,10.575470354826834
hsa-mir-4442,10.573991548565628
hsa-mir-4429,10.5716190151471
hsa-mir-298,10.569350810111496
hsa-mir-802,10.566012126047294
hsa-mir-3657,10.564340377672009
hsa-mir-604,10.563429796368998
hsa-mir-4444-2,10.561354538789056
hsa-mir-302c,10.560199799100452
hsa-mir-6780b,10.55963678940845
hsa-mir-4497,10.554702791318203
hsa-mir-4658,10.54866553330949
hsa-mir-1288,10.548659944449632
hsa-mir-4436b-1,10.542176034145003
hsa-mir-555,10.538349703693642
hsa-mir-3158-2,10.537273155427988
hsa-mir-6799,10.537179903066688
hsa-mir-1255a,10.531778306204547
hsa-mir-3140,10.525622718767698
hsa-mir-4525,10.521692609469703
hsa-mir-6073,10.518174585112323
hsa-mir-147a,10.517484020498634
hsa-mir-3169,10.508253434260109
hsa-mir-1286,10.502731428632394
hsa-mir-4759,10.501502496651602
hsa-mir-5195,10.493692688479294
hsa-mir-8072,10.492375268190495
hsa-mir-621,10.486492977203584
hsa-mir-6765,10.481308739155436
hsa-mir-4523,10.480948339741856
hsa-mir-4728,10.47930175767068
hsa-mir-2278,10.476950678078252
hsa-mir-933,10.476889645107985
hsa-mir-4708,10.473271569957467
hsa-mir-4444-1,10.462196286362035
hsa-mir-670,10.462114528485468
hsa-mir-548o,10.458105883495008
hsa-mir-1269b,10.457061297230064
hsa-mir-6761,10.456122401040108
hsa-mir-548l,10.455705557018904
hsa-mir-6516,10.453176827678426
hsa-mir-548ai,10.445697562005149
hsa-mir-4734,10.442084664730052
hsa-mir-3171,10.433139765613282
hsa-mir-4479,10.42654289679479
hsa-mir-554,10.426413515179792
hsa-mir-5694,10.42324743566052
hsa-mir-6125,10.416759081801024
hsa-mir-5683,10.408319754432654
hsa-mir-4686,10.407221776246985
hsa-mir-6857,10.40399112798178
hsa-mir-4515,10.40001187862279
hsa-mir-6846,10.399446141453964
hsa-mir-4254,10.39681566229599
hsa-mir-1538,10.395910240538893
hsa-mir-3176,10.392999897914766
hsa-mir-1193,10.391907905422887
hsa-mir-146a,10.391762287926785
hsa-mir-6834,10.388928988330708
hsa-mir-876,10.374589133152089
hsa-mir-3926-2,10.374426044474424
hsa-mir-5003,10.372282444513994
hsa-mir-6858,10.371027939286533
hsa-mir-1273c,10.37021742644054
hsa-mir-1322,10.368602296300931
hsa-mir-941-1,10.367477597280589
hsa-mir-1290,10.36654456552737
hsa-mir-3160-2,10.362043284871158
hsa-mir-4684,10.361725489503241
hsa-mir-3529,10.353390109142754
hsa-mir-4722,10.349698250441348
hsa-mir-6790,10.346838234433237
hsa-mir-1297,10.345343079822516
hsa-mir-603,10.344036526681322
hsa-mir-4687,10.341444704699546
hsa-mir-6771,10.341366481676292
hsa-mir-7856,10.330850380290281
hsa-mir-653,10.33057635276662
hsa-mir-4650-2,10.328175154032998
hsa-mir-4484,10.325634746594448
hsa-mir-595,10.319699625002498
hsa-mir-3184,10.316094029786715
hsa-mir-320d-2,10.313260412427919
hsa-mir-1258,10.299561876483567
hsa-mir-6778,10.298315546360081
hsa-mir-514b,10.293961352735232
hsa-mir-4488,10.29194920707473
hsa-mir-5586,10.291349459967835
hsa-mir-4468,10.289069608264754
hsa-mir-2682,10.287940871168386
hsa-mir-4762,10.287624890239004
hsa-mir-4749,10.283679207724436
hsa-mir-7704,10.282036817776053
hsa-mir-662,10.279738953964143
hsa-mir-8079,10.27799174230881
hsa-mir-3913-2,10.277452474406738
hsa-mir-3180-1,10.269616138177565
hsa-mir-5697,10.269141244399279
hsa-mir-3192,10.265641454928957
hsa-mir-6509,10.264648777825562
hsa-mir-6862-2,10.263616167528795
hsa-mir-7846,10.254172519443339
hsa-mir-1294,10.245036502448698
hsa-mir-5571,10.242889253584755
hsa-mir-6805,10.234583565340566
hsa-mir-4716,10.230465984357824
hsa-mir-153-1,10.230255191678298
hsa-mir-4773-1,10.225346575334736
hsa-mir-6860,10.224567222622465
hsa-mir-6784,10.21670768747695
hsa-mir-320c-2,10.216594389310204
hsa-mir-6814,10.213504949807383
hsa-mir-3202-1,10.2050135013028
hsa-mir-3153,10.20244832146624
hsa-mir-4794,10.200421548365286
hsa-mir-3973,10.199640563433038
hsa-mir-6739,10.198773880537233
hsa-mir-1247,10.197384432887429
hsa-mir-374c,10.187985007262903
hsa-mir-4300,10.187372911490842
hsa-mir-624,10.187154451406753
hsa-mir-3944,10.185494077846077
hsa-mir-6796,10.183487275265113
hsa-mir-1236,10.178069850159634
hsa-mir-4782,10.171614691479233
hsa-mir-4537,10.170735675751965
hsa-mir-586,10.170107487448119
hsa-mir-651,10.167799310418799
hsa-mir-34b,10.165548784259492
hsa-mir-3667,10.16084291503676
hsa-mir-6847,10.160028681583304
hsa-mir-3661,10.158375914511756
hsa-mir-6840,10.155888640378233
hsa-mir-203b,10.154247894302525
hsa-mir-1295b,10.154080678739673
hsa-mir-6837,10.149272475450573
hsa-mir-3196,10.148835271958303
hsa-mir-5692c-1,10.139535820760212
hsa-mir-6849,10.136445627347271
hsa-mir-4502,10.136445179770327
hsa-mir-4774,10.130392672743117
hsa-mir-3144,10.12205613934237
hsa-mir-6893,10.113543075958315
hsa-mir-548d-1,10.108149963568312
hsa-mir-585,10.106928673817446
hsa-mir-5692a-1,10.106273493638229
hsa-mir-1275,10.091343600396167
hsa-mir-4648,10.090679049738831
hsa-mir-3911,10.090518450078777
hsa-mir-320d-1,10.0889581372214
hsa-mir-490,10.08705612263405
hsa-mir-6853,10.077778701977325
hsa-mir-3167,10.07414552238778
hsa-mir-4437,10.07380521922096
hsa-mir-2276,10.07034823282366
hsa-mir-23c,10.06817037514249
hsa-mir-3614,10.064292778740583
hsa-mir-5695,10.06224839983342
hsa-mir-6506,10.060704902202799
hsa-mir-7108,10.05629774879675
hsa-mir-208a,10.042005613087026
hsa-mir-4326,10.041807572477184
hsa-mir-3174,10.040807080256215
hsa-mir-548ba,10.036273813441182
hsa-mir-548ao,10.035166574485514
hsa-mir-4742,10.034834120093437
hsa-mir-3129,10.030844930910432
hsa-mir-132,10.027546782917133
hsa-mir-1257,10.021340210434392
hsa-mir-3150b,9.995328854677748
hsa-mir-5706,9.995017688371798
hsa-mir-4705,9.991657162998958
hsa-mir-938,9.989903173988981
hsa-mir-4738,9.987296139323094
hsa-mir-6851,9.984622815980286
hsa-mir-6819,9.981126288834371
hsa-mir-3158-1,9.979261251121937
hsa-mir-3151,9.977280018926933
hsa-mir-6815,9.972136944166637
hsa-mir-31,9.971886051800665
hsa-mir-4760,9.96758468353929
hsa-mir-1284,9.955482749607976
hsa-mir-3128,9.94514752791919
hsa-mir-5006,9.944472797542298
hsa-mir-4518,9.943181959928635
hsa-mir-1303,9.942996932265265
hsa-mir-6512,9.937710140319822
hsa-mir-489,9.935898515351099
hsa-mir-466,9.934912913349253
hsa-mir-612,9.934147728469862
hsa-mir-4699,9.933262448261209
hsa-mir-4511,9.93116038078592
hsa-mir-100,9.928045978444116
hsa-mir-4797,9.922247391101763
hsa-mir-3918,9.92197240593576
hsa-mir-5008,9.918786727972309
hsa-mir-4517,9.914069982574041
hsa-mir-6777,9.911559697809338
hsa-mir-7976,9.90863078587946
hsa-mir-1537,9.907520214390939
hsa-mir-548aq,9.892975960391638
hsa-mir-6510,9.888809092508815
hsa-mir-3659,9.882636464400038
hsa-mir-6781,9.881666404200542
hsa-mir-3147,9.881059672300566
hsa-mir-4755,9.875173903724951
hsa-mir-1305,9.86790052008276
hsa-mir-4655,9.867034245461966
hsa-mir-583,9.866535621452526
hsa-mir-548f-4,9.85995497932437
hsa-mir-4704,9.854468365150524
hsa-mir-4761,9.854344840848391
hsa-mir-5002,9.850067551313556
hsa-mir-6809,9.847570250373552
hsa-mir-6821,9.847021143154494
hsa-mir-632,9.833286170168773
hsa-mir-4723,9.826483675503171
hsa-mir-6715a,9.822488167540008
hsa-mir-151b,9.82132070075462
hsa-mir-5188,9.815966513184687
hsa-mir-338,9.813521057597223
hsa-mir-6885,9.811129614009799
hsa-mir-6854,9.809662073812984
hsa-mir-4689,9.80920746750696
hsa-mir-4682,9.80779585861084
hsa-mir-3188,9.803126035415652
hsa-mir-3941,9.802516919434
hsa-mir-3934,9.801427845507614
hsa-mir-6782,9.800550827160306
hsa-mir-138-2,9.798904298864866
hsa-mir-584,9.79646945008189
hsa-mir-548an,9.795880789980854
hsa-mir-1251,9.795778858612366
hsa-mir-6776,9.788559915306998
hsa-mir-3182,9.785803255805838
hsa-mir-492,9.78332691008121
hsa-mir-483,9.78024459206005
hsa-mir-4533,9.777819193469204
hsa-mir-582,9.777623616162517
hsa-mir-3199-2,9.77687231234706
hsa-mir-6748,9.773742085698556
hsa-mir-6867,9.762186615611919
hsa-mir-3202-2,9.761662593403162
hsa-mir-6775,9.75633643945195
hsa-mir-5582,9.755566355709563
hsa-mir-378d-2,9.75523854850069
hsa-mir-28,9.75099795748898
hsa-mir-622,9.75093857762261
hsa-mir-5093,9.748349144311522
hsa-mir-1245a,9.744499086549192
hsa-mir-1293,9.744344087290917
hsa-mir-6843,9.74171470964032
hsa-mir-3194,9.736742246106648
hsa-mir-4449,9.731241542170467
hsa-mir-4643,9.731208031636763
hsa-mir-3187,9.726320092637929
hsa-mir-639,9.719173156827392
hsa-mir-3198-2,9.718911438267758
hsa-mir-3156-1,9.716443068734312
hsa-mir-3927,9.713953118110526
hsa-mir-138-1,9.71136882590908
hsa-mir-6773,9.7095007261351
hsa-mir-374a,9.707129428593506
hsa-mir-6852,9.70332127438966
hsa-mir-548d-2,9.693550760337242
hsa-mir-6774,9.668879740010448
hsa-mir-5581,9.662311012894705
hsa-mir-3938,9.66189286751402
hsa-mir-147b,9.659303145617386
hsa-mir-4289,9.65574230102014
hsa-mir-4661,9.655465275924348
hsa-mir-1203,9.65456823064549
hsa-mir-6083,9.644332142555582
hsa-mir-4302,9.644332142555582
hsa-mir-6087,9.638599474987686
hsa-mir-6831,9.636778503530495
hsa-mir-3680-1,9.6273603420456
hsa-mir-5001,9.618018200375074
hsa-mir-1256,9.617620782084778
hsa-mir-4730,9.614441842462313
hsa-mir-6515,9.606842087865504
hsa-mir-3145,9.59733467512463
hsa-mir-6794,9.596408190937806
hsa-mir-4433a,9.571414561239818
hsa-mir-491,9.570211813697505
hsa-mir-3922,9.569932232285476
hsa-mir-636,9.567141779676518
hsa-mir-190a,9.566678462726832
hsa-mir-3150a,9.563183883688431
hsa-mir-135b,9.562183890679565
hsa-mir-4662a,9.558027290759371
hsa-mir-216b,9.552784942771698
hsa-mir-4784,9.537645806304388
hsa-mir-4778,9.537222315341513
hsa-mir-4474,9.529276323167466
hsa-mir-3132,9.526985518414005
hsa-mir-215,9.52611637111618
hsa-mir-8077,9.513922734924677
hsa-mir-3137,9.508634933406832
hsa-mir-6737,9.508164767228948
hsa-mir-203a,9.506742763057325
hsa-mir-4647,9.50328973006523
hsa-mir-99a,9.500241492451778
hsa-mir-3156-3,9.488996406694243
hsa-mir-1248,9.482204439409687
hsa-mir-8082,9.473285701613136
hsa-mir-7851,9.470410844812402
hsa-mir-511,9.466111531422811
hsa-mir-4638,9.464587097457992
hsa-mir-5692a-2,9.463832468980383
hsa-mir-6807,9.455625223258075
hsa-mir-3652,9.451411521252465
hsa-mir-3660,9.448910523144816
hsa-mir-548e,9.446204852932249
hsa-mir-3937,9.442346653369833
hsa-mir-320c-1,9.44207466407331
hsa-mir-7112,9.438187614310772
hsa-mir-4461,9.437448738522233
hsa-mir-4448,9.431127882505367
hsa-mir-149,9.429556222266003
hsa-mir-937,9.425916455618003
hsa-mir-6832,9.425760859973277
hsa-mir-6772,9.424992669003089
hsa-mir-223,9.418867657669283
hsa-mir-185,9.417038809654553
hsa-mir-3618,9.414434229598285
hsa-mir-5580,9.40904290212803
hsa-mir-198,9.40704066634262
hsa-mir-7152,9.40506414192471
hsa-mir-659,9.400164171947873
hsa-mir-4677,9.397529719781357
hsa-mir-1254-2,9.393320534450327
hsa-mir-597,9.392183849679032
hsa-mir-548k,9.38592458020869
hsa-mir-3681,9.381718248653863
hsa-mir-6841,9.378995907172973
hsa-mir-488,9.369951955079797
hsa-mir-3177,9.366081625048349
hsa-mir-4691,9.3588437646475
hsa-mir-6828,9.357645544397064
hsa-mir-219b,9.356443690991142
hsa-mir-3943,9.353284780481737
hsa-mir-6779,9.346275013578904
hsa-mir-95,9.333682249828227
hsa-mir-4660,9.323671294734698
hsa-mir-6879,9.323642312760784
hsa-mir-4793,9.322443703633624
hsa-mir-6759,9.319578876747123
hsa-mir-23b,9.317390997065635
hsa-mir-556,9.31397680730423
hsa-mir-181b-2,9.31238716563491
hsa-mir-4443,9.3082129816415
hsa-mir-378c,9.308039604714347
hsa-mir-6891,9.304050060535141
hsa-mir-3616,9.297967199729664
hsa-mir-3191,9.297004430063314
hsa-mir-548f-1,9.296963892346138
hsa-mir-6783,9.290994312390525
hsa-mir-922,9.28993518849606
hsa-mir-4450,9.289712511744616
hsa-mir-27b,9.287184216120577
hsa-mir-181b-1,9.280295615928125
hsa-mir-3610,9.269769019672033
hsa-mir-559,9.268879442281854
hsa-mir-3183,9.267811692341121
hsa-mir-4640,9.265093990651389
hsa-mir-1250,9.264883211794
hsa-mir-6747,9.262417880525955
hsa-mir-6763,9.25753671278584
hsa-mir-4670,9.256367002056411
hsa-mir-551b,9.255538537150658
hsa-mir-3157,9.246490043249336
hsa-mir-3691,9.237823105864697
hsa-mir-4469,9.231451503545465
hsa-mir-2467,9.231424345723317
hsa-mir-3649,9.223541447265472
hsa-mir-6850,9.221671378826723
hsa-mir-6720,9.214737748727359
hsa-mir-3180-3,9.212232852969494
hsa-mir-892c,9.187769858122588
hsa-mir-7155,9.18749496634761
hsa-mir-4713,9.186125112440855
hsa-mir-3115,9.18558121400247
hsa-mir-4791,9.1782697032458
hsa-mir-581,9.174216883052535
hsa-mir-2355,9.17003698219778
hsa-mir-1270,9.166816325245138
hsa-mir-664a,9.163638164278247
hsa-mir-598,9.162925236163934
hsa-mir-200c,9.159731883838992
hsa-mir-5090,9.152043016724438
hsa-mir-5699,9.149304616646628
hsa-mir-7702,9.139179586436246
hsa-mir-587,9.12462146595134
hsa-mir-184,9.122308494646452
hsa-mir-675,9.117159131764991
hsa-mir-6728,9.115513588864912
hsa-mir-204,9.114924644976076
hsa-mir-4787,9.114821078810136
hsa-mir-548au,9.109089964705232
hsa-mir-5091,9.105056188894109
hsa-mir-548ag-2,9.103857490372762
hsa-mir-224,9.100299881521142
hsa-mir-939,9.089967042297951
hsa-mir-1282,9.08644549366867
hsa-mir-4653,9.085581986480337
hsa-mir-4320,9.08254889608104
hsa-mir-1225,9.08239440878972
hsa-mir-3152,9.073584004647099
hsa-mir-551a,9.065594276479397
hsa-mir-1243,9.064957888328891
hsa-mir-1267,9.064161631167499
hsa-mir-335,9.062526815735945
hsa-mir-4506,9.05911815361912
hsa-mir-3689d-1,9.056846800494544
hsa-mir-451a,9.050081858913492
hsa-mir-6762,9.047977561851319
hsa-mir-7974,9.038801618132378
hsa-mir-3155a,9.037160093510762
hsa-mir-4667,9.03327461894294
hsa-mir-340,9.033010523134411
hsa-mir-4714,9.02997617802219
hsa-mir-135a-1,9.025902574499014
hsa-mir-1254-1,9.023758550215804
hsa-mir-455,9.012044915046486
hsa-mir-676,9.01103387482903
hsa-mir-6499,9.008497134712602
hsa-mir-4306,9.00777008681427
hsa-mir-4491,8.99295859202056
hsa-mir-98,8.992140527341116
hsa-mir-3195,8.982943609679936
hsa-mir-27a,8.979066441593321
hsa-mir-5000,8.977464325865542
hsa-mir-1224,8.974809748682045
hsa-mir-452,8.974104705331293
hsa-mir-7854,8.962169484599416
hsa-mir-6895,8.9600237680221
hsa-mir-6738,8.959026410937986
hsa-mir-29a,8.955618061948078
hsa-mir-181c,8.954100079034323
hsa-mir-4772,8.945844249877856
hsa-mir-1253,8.941429826531222
hsa-mir-6767,8.934797728370786
hsa-mir-8064,8.922325720733804
hsa-mir-6514,8.919104339701214
hsa-mir-1287,8.916265073915405
hsa-mir-4417,8.915210738263848
hsa-mir-181d,8.906646152048294
hsa-mir-3116-2,8.906001162987772
hsa-mir-3609,8.904518148493045
hsa-mir-221,8.903144863517616
hsa-mir-548v,8.90008138377486
hsa-mir-580,8.893707798543765
hsa-mir-146b,8.886473483545428
hsa-mir-4652,8.880763714004829
hsa-mir-1260b,8.878726564915521
hsa-mir-921,8.875787408017986
hsa-mir-1299,8.875787408017986
hsa-mir-548x,8.873142375155396
hsa-mir-5693,8.85747358414594
hsa-mir-9-2,8.851554544859736
hsa-mir-4676,8.849205519375163
hsa-mir-9-1,8.844328634635074
hsa-mir-4786,8.842778012796428
hsa-mir-891a,8.8424221206465
hsa-mir-9-3,8.839831348887312
hsa-mir-4741,8.835127883966228
hsa-mir-1238,8.829274843758226
hsa-mir-767,8.824848383986566
hsa-mir-135a-2,8.82050602270175
hsa-mir-6806,8.820331792259967
hsa-mir-4724,8.81996522033277
hsa-mir-6797,8.817465954958049
hsa-mir-6875,8.809615355075827
hsa-mir-4735,8.807207250651347
hsa-mir-641,8.80078551031612
hsa-mir-1277,8.79987256391676
hsa-mir-548a-2,8.795102011852634
hsa-mir-5047,8.79062013206601
hsa-mir-6508,8.789956212104403
hsa-mir-6791,8.788408279833531
hsa-mir-4296,8.76305808884807
hsa-mir-330,8.7611764805091
hsa-mir-3136,8.76096817810725
hsa-mir-155,8.748865840601832
hsa-mir-887,8.745671237371992
hsa-mir-542,8.737998369231718
hsa-mir-625,8.736733304596342
hsa-mir-1914,8.723880484721196
hsa-mir-3662,8.722329127611312
hsa-mir-1910,8.718309601311494
hsa-mir-30d,8.717008154955332
hsa-mir-6798,8.716161785448696
hsa-mir-6836,8.700401275048318
hsa-mir-22,8.700187550382704
hsa-mir-3170,8.696019163377345
hsa-mir-3148,8.691151813151324
hsa-mir-3684,8.691056085123599
hsa-mir-711,8.688471542075725
hsa-mir-2113,8.686436976883188
hsa-mir-5092,8.685981324614982
hsa-mir-4483,8.682195397915907
hsa-mir-3919,8.681947174846883
hsa-mir-34a,8.6818987990265
hsa-mir-6863,8.67434417587806
hsa-mir-4473,8.67354580399588
hsa-mir-1276,8.668075675553949
hsa-mir-4524a,8.664063032686917
hsa-mir-148a,8.65723778086827
hsa-mir-3607,8.653096776081005
hsa-mir-5682,8.63864991536817
hsa-mir-182,8.63598228551271
hsa-mir-4431,8.635725923879434
hsa-mir-3619,8.634674561298409
hsa-mir-195,8.63410926033237
hsa-mir-152,8.61448488867878
hsa-mir-449a,8.602080468876112
hsa-mir-144,8.592236361965167
hsa-mir-548y,8.5918828970827
hsa-mir-30b,8.57952768754135
hsa-mir-216a,8.564180665540928
hsa-mir-548b,8.56008131263599
hsa-mir-545,8.530163074870318
hsa-mir-3682,8.52849193228468
hsa-mir-6753,8.523609499835498
hsa-mir-3689f,8.512135512057696
hsa-mir-6716,8.506628965982001
hsa-mir-151a,8.49965805491642
hsa-mir-4433b,8.49229252572008
hsa-mir-885,8.492066498906375
hsa-mir-6750,8.488635363538044
hsa-mir-217,8.487685916541993
hsa-mir-3664,8.484521662262518
hsa-mir-29c,8.481902241656128
hsa-mir-4664,8.479044069787156
hsa-mir-107,8.466681505133367
hsa-mir-4790,8.463386405339127
hsa-mir-6877,8.450947278783968
hsa-mir-193b,8.447235409422365
hsa-mir-141,8.445408754751165
hsa-mir-4754,8.445306381628104
hsa-mir-658,8.442134479094054
hsa-mir-4707,8.440874648894004
hsa-mir-890,8.440632015243123
hsa-mir-4758,8.437075230255946
hsa-mir-1262,8.424472045825775
hsa-mir-4756,8.421325829017702
hsa-mir-503,8.420237363602514
hsa-mir-3653,8.41323479851663
hsa-mir-6729,8.413053728370794
hsa-mir-1229,8.41068621793164
hsa-mir-4446,8.406588715186437
hsa-mir-450a-2,8.405676716166509
hsa-mir-3916,8.399686509064036
hsa-mir-5187,8.398739026539475
hsa-mir-126,8.398330802104619
hsa-mir-196a-1,8.394399420456228
hsa-mir-6749,8.392870873437998
hsa-mir-3180-5,8.3913995058548
hsa-mir-4683,8.383354170612135
hsa-mir-6889,8.380381713221013
hsa-mir-3656,8.37993015892766
hsa-mir-296,8.37652214963028
hsa-mir-924,8.369846408714094
hsa-mir-5681b,8.366967306068174
hsa-mir-450b,8.365396865096955
hsa-mir-130a,8.358987820467012
hsa-mir-4532,8.357033779064546
hsa-mir-26a-1,8.355382920059327
hsa-mir-26a-2,8.354819444839787
hsa-mir-5193,8.350279361549147
hsa-mir-5196,8.344661103605073
hsa-mir-935,8.342922399195714
hsa-mir-3942,8.338486502994698
hsa-mir-361,8.338174402397627
hsa-mir-510,8.332692531217358
hsa-mir-6769b,8.329506388203319
hsa-mir-2116,8.326670038298134
hsa-mir-4674,8.321595319033548
hsa-mir-374b,8.30518088301798
hsa-mir-153-2,8.29737226862678
hsa-mir-196a-2,8.294817563528053
hsa-mir-424,8.27257617682298
hsa-mir-577,8.269000985301549
hsa-mir-4748,8.250656085556095
hsa-mir-1291,8.249718129623735
hsa-mir-6077,8.24896661395492
hsa-mir-1184-3,8.247063269957879
hsa-mir-4745,8.237051629534982
hsa-mir-92b,8.235878770425323
hsa-mir-3074,8.228570301905163
hsa-mir-708,8.215340293360219
hsa-mir-23a,8.196193677920947
hsa-mir-219a-1,8.175290115800392
hsa-mir-429,8.161167712058054
hsa-mir-3130-1,8.159028664788682
hsa-mir-3131,8.149220586534693
hsa-mir-425,8.145943580767515
hsa-mir-320a,8.120366669563772
hsa-mir-222,8.091793158836252
hsa-mir-3130-2,8.090110632145223
hsa-mir-363,8.086884935378245
hsa-mir-3940,8.082837999239592
hsa-mir-4725,8.082107848680197
hsa-mir-575,8.078418772804826
hsa-mir-6800,8.072421648122017
hsa-mir-129-1,8.066450672781325
hsa-mir-6827,8.06262760255388
hsa-mir-647,8.0601666129994
hsa-mir-5579,8.048107027060462
hsa-mir-20b,8.047208712925906
hsa-mir-7110,8.04034377437125
hsa-mir-3929,8.031151899479324
hsa-mir-371a,8.02939829486889
hsa-mir-3613,8.028023761347118
hsa-mir-32,8.017584581861913
hsa-mir-1181,8.017448543642049
hsa-mir-421,8.015240408304114
hsa-mir-450a-1,7.984207068633148
hsa-mir-7109,7.983617848906361
hsa-mir-3193,7.981572829345089
hsa-mir-8075,7.97777778211315
hsa-mir-3161,7.9682721312323155
hsa-mir-365b,7.956622168995483
hsa-mir-129-2,7.948868205043778
hsa-mir-375,7.947547460427562
hsa-mir-888,7.943160621055671
hsa-mir-125b-2,7.933916855653648
hsa-mir-4668,7.932528816491981
hsa-mir-365a,7.930728825640443
hsa-mir-564,7.928347984993811
hsa-mir-570,7.928238087078068
hsa-mir-21,7.9280327245899445
hsa-mir-125b-1,7.924493353578515
hsa-mir-18b,7.921398128680187
hsa-mir-6792,7.920212100322028
hsa-mir-7106,7.9193350226520325
hsa-mir-3164,7.903643941679156
hsa-mir-105-1,7.899434183636588
hsa-mir-6501,7.895255245253896
hsa-mir-550a-3,7.89458591539469
hsa-mir-15a,7.867748580924799
hsa-mir-105-2,7.86621335208795
hsa-mir-96,7.863418788941933
hsa-mir-449c,7.85508905901035
hsa-mir-143,7.853349586260234
hsa-mir-3173,7.8506382636100716
hsa-mir-2277,7.84827912892198
hsa-mir-320b-1,7.844890284726066
hsa-mir-4308,7.826294775383783
hsa-mir-6793,7.815231541105933
hsa-mir-4780,7.814739986653974
hsa-mir-183,7.809113826616896
hsa-mir-4746,7.808304861148472
hsa-mir-3200,7.804429291216495
hsa-mir-196b,7.804392488397024
hsa-mir-6721,7.8041370039261135
hsa-mir-1246,7.785598986366349
hsa-mir-7706,7.771055474742716
hsa-mir-3928,7.769387404180399
hsa-mir-372,7.7693065091922655
hsa-mir-33b,7.76626322959612
hsa-mir-3651,7.746058627634365
hsa-mir-3127,7.745999022055792
hsa-mir-664b,7.739575611071255
hsa-mir-550a-2,7.733935562442093
hsa-mir-934,7.730677729028295
hsa-mir-497,7.718375113740828
hsa-mir-362,7.713840464313205
hsa-mir-1266,7.7058772205980315
hsa-mir-3162,7.6938673269023745
hsa-mir-1271,7.691021160721362
hsa-mir-4665,7.681156709934078
hsa-mir-205,7.6563408550184215
hsa-mir-940,7.650749590946521
hsa-mir-24-1,7.650104456515785
hsa-mir-214,7.6463789796443
hsa-mir-599,7.6391989908925915
hsa-mir-24-2,7.633926270331877
hsa-mir-30e,7.62871816705632
hsa-mir-3620,7.620794320605091
hsa-mir-140,7.613940269236035
hsa-mir-4312,7.606713626963691
hsa-mir-7850,7.596865508794246
hsa-mir-769,7.5926305876127875
hsa-mir-4766,7.587212885068682
hsa-mir-4636,7.581275235999923
hsa-mir-3138,7.576031740066743
hsa-mir-550a-1,7.574165371359184
hsa-mir-643,7.562058515403542
hsa-mir-101-1,7.555954151169935
hsa-mir-579,7.555294044869763
hsa-mir-320b-2,7.5546390346043655
hsa-mir-29b-1,7.5405676745004335
hsa-mir-6842,7.540534769358428
hsa-mir-449b,7.538934069260695
hsa-mir-4751,7.53864681551559
hsa-mir-210,7.538315189015699
hsa-mir-6727,7.53807301210977
hsa-mir-3689b,7.534062817151064
hsa-mir-101-2,7.521251862422128
hsa-mir-668,7.519839334032655
hsa-mir-7151,7.507894566812418
hsa-mir-200b,7.504140800067736
hsa-mir-7160,7.499908801147153
hsa-mir-627,7.490645183377317
hsa-mir-6741,7.484665764026118
hsa-mir-3677,7.459909511549585
hsa-mir-4695,7.457197181631098
hsa-mir-760,7.446791112640975
hsa-mir-6833,7.418807055075067
hsa-mir-592,7.416546117941492
hsa-mir-548s,7.376940902550425
hsa-mir-29b-2,7.3746655666530865
hsa-mir-6717,7.371295826878167
hsa-mir-106b,7.363546303935532
hsa-mir-188,7.353121459827917
hsa-mir-218-2,7.35297486641164
hsa-mir-6730,7.343155584959697
hsa-mir-25,7.3280774472651355
hsa-mir-589,7.321015960869601
hsa-mir-6745,7.312345084667274
hsa-mir-181a-1,7.29512939453582
hsa-mir-544a,7.294191838629377
hsa-mir-192,7.284502139567792
hsa-mir-652,7.284199209925707
hsa-mir-642a,7.278786344615102
hsa-mir-891b,7.270356485724598
hsa-mir-194-1,7.269457217867696
hsa-mir-513c,7.263905458441667
hsa-mir-615,7.260865590710079
hsa-mir-4715,7.259232222097643
hsa-mir-124-2,7.256961261027415
hsa-mir-1972-1,7.253616066490484
hsa-mir-502,7.241549158972568
hsa-mir-1908,7.23982601823741
hsa-mir-505,7.223667922048199
hsa-mir-516a-2,7.222171234063601
hsa-mir-454,7.213215803800022
hsa-mir-3116-1,7.21295754530008
hsa-mir-150,7.21204705771936
hsa-mir-1292,7.210542921695217
hsa-mir-1915,7.18843049646817
hsa-mir-1301,7.180527756835725
hsa-mir-218-1,7.175775339991471
hsa-mir-944,7.165832714314073
hsa-mir-181a-2,7.163785778866976
hsa-mir-6880,7.157299254822031
hsa-mir-194-2,7.156545210952395
hsa-mir-124-3,7.145687837207224
hsa-mir-124-1,7.143682475553416
hsa-mir-629,7.136984597903671
hsa-mir-6769a,7.135461442229457
hsa-mir-7-1,7.10460293350887
hsa-mir-601,7.081672257021888
hsa-mir-1180,7.078689116634469
hsa-mir-339,7.060146011706748
hsa-mir-1307,7.0534165427767395
hsa-mir-1263,7.039727702393673
hsa-mir-5189,7.033890289953324
hsa-mir-660,7.031152579308236
hsa-mir-6165,7.028364326476498
hsa-mir-6871,7.0165772266265485
hsa-mir-378h,7.0102819853148395
hsa-mir-3612,7.005068205183986
hsa-mir-200a,6.993612111191781
hsa-mir-30a,6.966049736606149
hsa-mir-576,6.947426221502027
hsa-mir-30c-1,6.941180922094909
hsa-mir-345,6.932616548647384
hsa-mir-4685,6.929607779892028
hsa-mir-548bb,6.927037543120393
hsa-mir-484,6.910264140481182
hsa-mir-3689a,6.905142945230781
hsa-mir-516a-1,6.893897738410774
hsa-mir-616,6.888617894781504
hsa-mir-6881,6.885167491219685
hsa-mir-4757,6.87893936441473
hsa-mir-6735,6.873268857529039
hsa-mir-191,6.8710745690429675
hsa-mir-671,6.870887282456113
hsa-mir-33a,6.861554601685455
hsa-mir-4644,6.860544505518079
hsa-mir-4501,6.853856371302109
hsa-mir-942,6.853347121248296
hsa-mir-4286,6.85199857445525
hsa-mir-106a,6.850306722744229
hsa-mir-4465,6.849941740586041
hsa-mir-499a,6.843937149352029
hsa-mir-30c-2,6.838796508225406
hsa-mir-1228,6.834079361032435
hsa-mir-342,6.817675199569006
hsa-mir-8066,6.810255046381762
hsa-mir-15b,6.801256258894363
hsa-mir-500b,6.7938726362026705
hsa-mir-6789,6.780649088395872
hsa-mir-186,6.777821309624973
hsa-mir-3689e,6.776132945435864
hsa-mir-412,6.7690463591405585
hsa-mir-6734,6.767390268901316
hsa-mir-1234,6.765577356871979
hsa-mir-448,6.763332978744432
hsa-mir-532,6.739147811091195
hsa-mir-199b,6.734015625533288
hsa-mir-26b,6.72684125934621
hsa-mir-18a,6.723879543399024
hsa-mir-892a,6.710293913099281
hsa-mir-1249,6.704112266264623
hsa-mir-378a,6.702463439573101
hsa-mir-93,6.673423298708202
hsa-mir-301b,6.6721715190359685
hsa-mir-199a-1,6.647149625434897
hsa-mir-874,6.642388304118688
hsa-mir-199a-2,6.639204405387792
hsa-mir-1227,6.624274451788532
hsa-mir-541,6.613801298463218
hsa-mir-6746,6.605945336001475
hsa-mir-103a-2,6.593918350279184
hsa-mir-122,6.585739676977714
hsa-mir-103a-1,6.570331020564021
hsa-mir-770,6.550420719126964
hsa-mir-6743,6.539965540954135
hsa-mir-323b,6.487957358245504
hsa-mir-3622a,6.477906140994979
hsa-mir-7-2,6.473202014247741
hsa-mir-331,6.46684244788979
hsa-mir-873,6.446461663858175
hsa-mir-130b,6.434557316640953
hsa-mir-19a,6.42173414338652
hsa-mir-4527,6.420874529045747
hsa-mir-148b,6.393314574303406
hsa-mir-6812,6.385434648907859
hsa-mir-6757,6.3820985819461455
hsa-mir-302d,6.372719227714075
hsa-mir-381,6.368185796360094
hsa-mir-142,6.352851636081258
hsa-mir-892b,6.327167367291936
hsa-mir-17,6.316718491376591
hsa-mir-20a,6.295406948181199
hsa-mir-4701,6.272750448895877
hsa-mir-431,6.2649839320366665
hsa-mir-1197,6.256397374775879
hsa-mir-3960,6.244934930137058
hsa-mir-744,6.243030370397412
hsa-mir-302b,6.235975023053444
hsa-mir-301a,6.203739367433436
hsa-mir-4521,6.16145810716289
hsa-mir-3615,6.130932020586646
hsa-mir-1185-2,6.107453979310134
hsa-mir-628,6.105069897746915
hsa-mir-500a,6.096234953578253
hsa-mir-563,6.081469743928165
hsa-mir-4632,6.0795018165357915
hsa-mir-4800,6.079320585529698
hsa-mir-324,6.076633159511059
hsa-mir-513a-1,6.055159989021921
hsa-mir-6894,6.022643202889013
hsa-mir-128-1,5.990406427734096
hsa-mir-4788,5.988074599953526
hsa-mir-208b,5.984348586390997
hsa-mir-6808,5.976868935608209
hsa-mir-19b-1,5.964143809102411
hsa-mir-128-2,5.9518107907839495
hsa-mir-193a,5.934951785806494
hsa-mir-501,5.904971608053658
hsa-mir-19b-2,5.895845107593567
hsa-mir-665,5.870375397700049
hsa-mir-513b,5.824520187427566
hsa-mir-5688,5.796609951756114
hsa-mir-4270,5.796609951756113
hsa-mir-3605,5.776381525447988
hsa-mir-3622b,5.75402732781132
hsa-mir-590,5.750313808569891
hsa-mir-513a-2,5.714887713489589
hsa-mir-487b,5.713908153049674
hsa-mir-875,5.698428076978064
hsa-mir-16-1,5.664057031437125
hsa-mir-302a,5.662035080142148
hsa-mir-8059,5.655435743391985
hsa-mir-92a-2,5.6452568820278906
hsa-mir-5010,5.6277514755943345
hsa-mir-92a-1,5.6183011503943385
hsa-mir-485,5.609522057842771
hsa-mir-7848,5.604525731326578
hsa-mir-99b,5.578956786540192
hsa-mir-16-2,5.5505074753405035
hsa-mir-3119-1,5.537710970417106
hsa-mir-7-3,5.532863200459882
hsa-mir-5705,5.524226249776099
hsa-mir-136,5.486906160972732
hsa-mir-539,5.4612807944077435
hsa-mir-6813,5.459166587421729
hsa-mir-877,5.429949101884902
hsa-mir-7641-1,5.421547155616641
hsa-mir-3917,5.4156838143130015
hsa-mir-346,5.415305385452524
hsa-mir-6810,5.407490309862514
hsa-mir-6756,5.344985707001868
hsa-mir-133b,5.323756330830131
hsa-mir-4466,5.320128031187923
hsa-mir-507,5.285273868296136
hsa-mir-1185-1,5.27894339158274
hsa-mir-5088,5.247711123945302
hsa-mir-145,5.197619075233877
hsa-mir-432,5.152076544892552
hsa-mir-7641-2,5.067709967668884
hsa-mir-4646,5.047711900979675
hsa-mir-764,4.982578345502575
hsa-mir-656,4.982502565247965
hsa-mir-1283-1,4.924692749021637
hsa-mir-3124,4.900068507058217
hsa-mir-5589,4.867131877293614
hsa-mir-1296,4.860497782298969
hsa-mir-1343,4.84682869717645
hsa-mir-376a-2,4.838536447633804
hsa-mir-514a-3,4.836275377724629
hsa-mir-514a-1,4.832751599698347
hsa-mir-6820,4.818860725434168
hsa-mir-766,4.803223990571128
hsa-mir-514a-2,4.763349138989604
hsa-mir-1226,4.748642876992528
hsa-mir-329-2,4.730455712145155
hsa-mir-1912,4.726399485482196
hsa-mir-504,4.7136299043202285
hsa-mir-1911,4.692090795457131
hsa-mir-6803,4.691654856538699
hsa-mir-4458,4.674378731468915
hsa-mir-1264,4.65817044539626
hsa-mir-889,4.631360708280075
hsa-mir-1298,4.609556606398989
hsa-mir-519a-1,4.608049257723587
hsa-mir-494,4.583175850694655
hsa-mir-4436b-2,4.569841934033638
hsa-mir-329-1,4.559668503565355
hsa-mir-373,4.547733184138161
hsa-mir-433,4.537938865323874
hsa-mir-127,4.532067418458931
hsa-mir-518d,4.530193025714809
hsa-mir-206,4.468689088560589
hsa-mir-376c,4.448513535226917
hsa-mir-638,4.425902473547754
hsa-mir-337,4.420813049470312
hsa-mir-1306,4.41331121352534
hsa-mir-6726,4.342487111581606
hsa-mir-299,4.341503085142408
hsa-mir-508,4.276592972266233
hsa-mir-376b,4.2720956985634855
hsa-mir-369,4.233356594510596
hsa-mir-410,4.213915723876311
hsa-mir-543,4.198807068812337
hsa-mir-6802,4.166634901961822
hsa-mir-509-3,4.144298686496149
hsa-mir-134,4.144045376958013
hsa-mir-495,4.1365883482627614
hsa-mir-125a,4.10104038917511
hsa-mir-1-1,4.050571702968421
hsa-mir-1-2,4.04422572972751
hsa-mir-377,4.027546098402518
hsa-mir-323a,4.021245271646135
hsa-mir-154,4.014271837067046
hsa-mir-376a-1,3.9767534520058168
hsa-mir-411,3.972505972781623
hsa-mir-423,3.9056965850529592
hsa-mir-496,3.8058027607769045
hsa-mir-509-2,3.7978491864735635
hsa-mir-574,3.7975052771659366
hsa-mir-509-1,3.785529327045571
hsa-mir-133a-1,3.7821533594140035
hsa-mir-4634,3.781242514967595
hsa-mir-133a-2,3.760656074470318
hsa-mir-6892,3.756443112697211
hsa-mir-379,3.733943499588711
hsa-mir-654,3.7170531752719937
hsa-mir-655,3.7098603272367976
hsa-mir-4256,3.6874538755021353
hsa-mir-380,3.667922389253859
hsa-mir-526a-2,3.65846207957317
hsa-mir-4467,3.646343286635218
hsa-mir-326,3.6209018363293235
hsa-mir-605,3.6055456536440658
hsa-mir-487a,3.56225864247864
hsa-mir-3154,3.523516670995096
hsa-mir-2110,3.5046332056422864
hsa-mir-526a-1,3.497949199819163
hsa-mir-139,3.4930482866486066
hsa-mir-4656,3.4327390321475355
hsa-mir-517c,3.4162610555063155
hsa-mir-370,3.4127665604620763
hsa-mir-758,3.386780230863378
hsa-mir-1323,3.3864183580295624
hsa-mir-506,3.3571636210183593
hsa-mir-486-2,3.350810478655448
hsa-mir-486-1,3.2953284732726655
hsa-mir-516b-1,3.2636360955927044
hsa-mir-527,3.2508196981753588
hsa-mir-521-1,3.14532560773159
hsa-mir-409,3.1239586467529623
hsa-mir-520e,3.0822049862831897
hsa-mir-382,3.077759100524605
hsa-mir-518a-2,3.0525539135655397
hsa-mir-493,2.9466480620668207
hsa-mir-520h,2.9150092773170395
hsa-mir-2861,2.8736269975759825
hsa-mir-1283-2,2.8395283021891604
hsa-mir-1976,2.759189304719389
hsa-mir-518e,2.7564898607452486
hsa-mir-521-2,2.7231432935927575
hsa-mir-4732,2.6679862928156695
hsa-mir-519b,2.6371433235496986
hsa-mir-6788,2.6148797158851753
hsa-mir-518a-1,2.5958971987521138
hsa-mir-522,2.538914836105975
hsa-mir-516b-2,2.486554033307913
hsa-mir-519c,2.4849328475688504
hsa-mir-526b,2.4712892681064886
hsa-mir-520b,2.435746663980096
hsa-mir-6511b-2,2.4321245864507235
hsa-mir-6511b-1,2.424476384788474
hsa-mir-498,2.291619305204632
hsa-mir-518c,2.2280510424667206
hsa-mir-520f,2.2150484429413444
hsa-mir-520d,2.1985427639293484
hsa-mir-328,2.1537689399103126
hsa-mir-524,2.1263568868198153
hsa-mir-519d,2.0302512151510426
hsa-mir-512-1,1.981722420430308
hsa-mir-512-2,1.9637000216698879
hsa-mir-197,1.949763705176649
hsa-mir-525,1.9207691998914134
hsa-mir-519e,1.896820363109125
hsa-mir-518f,1.8197262861434085
hsa-mir-520g,1.769217332547894
hsa-mir-515-1,1.765018009167741
hsa-mir-520c,1.7615454396012369
hsa-mir-515-2,1.7203147088826336
hsa-mir-520a,1.595118457724138
hsa-mir-519a-2,1.5659041222654182
hsa-mir-523,1.4986298647054979
hsa-mir-518b,1.4114429093905476
hsa-mir-517b,1.2876597197517121
hsa-mir-517a,1.1716749072687633
hsa-mir-103b-1,4.862807151385029e-13
hsa-mir-1200,3.4898832028748016e-13
hsa-mir-1202,3.297815577104068e-13
hsa-mir-1183,3.0158806771953125e-13
hsa-mir-103b-2,2.7315971252960483e-13
hsa-mir-1302-9,1.9809521267091824e-13
hsa-mir-1255b-1,1.934384991909771e-13
hsa-mir-1205,1.8360821656431543e-13
hsa-mir-1233-2,1.7237253285563522e-13
hsa-mir-1208,1.6523888552942932e-13
hsa-mir-1324,1.6192150238242492e-13
hsa-mir-1233-1,1.5838763459530087e-13
hsa-mir-1244-3,1.5823698041147922e-13
hsa-mir-1302-1,1.5775000335419662e-13
hsa-mir-1244-4,1.522602607837217e-13
hsa-mir-1273e,1.4612563628779376e-13
hsa-mir-1273d,1.45742787009186e-13
hsa-mir-1255b-2,1.450979408779576e-13
hsa-mir-1268a,1.4320787870320883e-13
hsa-mir-1302-5,1.4227146146388221e-13
hsa-mir-1302-10,1.3883332724386615e-13
hsa-mir-1302-11,1.3770944202456037e-13
hsa-mir-1279,1.3381899898175781e-13
hsa-mir-1302-2,1.2915219766940365e-13
hsa-mir-1302-7,1.2641696374813567e-13
hsa-mir-1273f,1.200356470107793e-13
hsa-mir-1261,1.1925967590328174e-13
hsa-mir-1321,1.1607432283920873e-13
hsa-mir-1470,1.061347754760512e-13
hsa-mir-1302-4,1.055268377711152e-13
hsa-mir-2052,1.0532134654054637e-13
hsa-mir-1973,1.0477160902514649e-13
hsa-mir-1302-8,1.0417910143966382e-13
hsa-mir-1302-6,1.0407963537083929e-13
hsa-mir-1972-2,9.235908892338667e-14
hsa-mir-302f,7.948064742794828e-14
hsa-mir-2054,7.712896391925748e-14
hsa-mir-3118-3,7.665291252850784e-14
hsa-mir-2053,7.137949796842996e-14
hsa-mir-297,6.375553278912358e-14
hsa-mir-300,5.4103304469020504e-14
hsa-mir-3179-3,5.196148576748749e-14
hsa-mir-3118-1,4.7792027297821e-14
hsa-mir-302e,4.499947322052232e-14
hsa-mir-3118-2,3.981466029277307e-14
hsa-mir-3123,3.637647086595911e-14
hsa-mir-3118-4,3.5963370703002614e-14
hsa-mir-3179-1,3.589225834670376e-14
hsa-mir-3134,3.370951553814495e-14
hsa-mir-3179-4,2.5742362715463775e-14
hsa-mir-3179-2,2.388796685933471e-14
hsa-mir-325,1.3325945603533642e-14
hsa-mir-3201,1.2190100181112083e-14
hsa-mir-548ae-2,0.0
hsa-mir-548z,0.0
hsa-mir-8485,0.0
hsa-mir-548h-1,0.0
hsa-mir-548aj-1,0.0
hsa-mir-548aj-2,0.0
hsa-mir-548h-2,0.0
hsa-mir-548h-4,0.0
hsa-mir-548i-1,0.0
hsa-mir-548i-2,0.0
hsa-mir-548i-3,0.0
hsa-mir-9500,0.0
hsa-mir-6075,0.0
hsa-mir-6074,0.0
hsa-mir-6079,0.0
hsa-mir-608,0.0
hsa-mir-4301,0.0
hsa-mir-4303,0.0
hsa-mir-4304,0.0
hsa-mir-941-2,0.0
hsa-mir-941-3,0.0
hsa-mir-8068,0.0
hsa-mir-6069,0.0
hsa-mir-6070,0.0
hsa-mir-4540,0.0
hsa-mir-4299,0.0
hsa-mir-4328,0.0
hsa-mir-4325,0.0
hsa-mir-634,0.0
hsa-mir-6511a-4,0.0
hsa-mir-6072,0.0
hsa-mir-6078,0.0
hsa-mir-6511a-2,0.0
hsa-mir-6511a-3,0.0
hsa-mir-4307,0.0
hsa-mir-6511a-1,0.0
hsa-mir-4305,0.0
hsa-mir-5096,0.0
hsa-mir-566,0.0
hsa-mir-4309,0.0
hsa-mir-562,0.0
hsa-mir-6859-3,0.0
hsa-mir-6859-2,0.0
hsa-mir-6859-1,0.0
hsa-mir-6134,0.0
hsa-mir-6133,0.0
hsa-mir-4477b,0.0
hsa-mir-646,0.0
hsa-mir-4319,0.0
hsa-mir-4318,0.0
hsa-mir-4316,0.0
hsa-mir-4314,0.0
hsa-mir-4313,0.0
hsa-mir-4311,0.0
hsa-mir-4419a,0.0
hsa-mir-4291,0.0
hsa-mir-4290,0.0
hsa-mir-4287,0.0
hsa-mir-4285,0.0
hsa-mir-4283-2,0.0
hsa-mir-3670-1,0.0
hsa-mir-548i-4,0.0
hsa-mir-548ae-1,0.0
hsa-mir-548aa-1,0.0
hsa-mir-3687-1,0.0
hsa-mir-3687-2,0.0
hsa-mir-3666,0.0
hsa-mir-4330,0.0
hsa-mir-4329,0.0
hsa-mir-569,0.0
hsa-mir-568,0.0
hsa-mir-5197,0.0
hsa-mir-4495,0.0
hsa-mir-4486,0.0
hsa-mir-4481,0.0
hsa-mir-6129,0.0
hsa-mir-633,0.0
hsa-mir-626,0.0
hsa-mir-4447,0.0
hsa-mir-4456,0.0
hsa-mir-4455,0.0
hsa-mir-620,0.0
hsa-mir-619,0.0
hsa-mir-3648-2,0.0
hsa-mir-3648-1,0.0
hsa-mir-3671,0.0
hsa-mir-3670-4,0.0
hsa-mir-3670-3,0.0
hsa-mir-3670-2,0.0
hsa-mir-4298,0.0
hsa-mir-4297,0.0
hsa-mir-649,0.0
hsa-mir-648,0.0
hsa-mir-4267,0.0
hsa-mir-4266,0.0
hsa-mir-4294,0.0
hsa-mir-4293,0.0
hsa-mir-7515,0.0
hsa-mir-7162,0.0
hsa-mir-7159,0.0
hsa-mir-7154,0.0
hsa-mir-7153,0.0
hsa-mir-7150,0.0
hsa-mir-6086,0.0
hsa-mir-6085,0.0
hsa-mir-6082,0.0
hsa-mir-4801,0.0
hsa-mir-4277,0.0
hsa-mir-4275,0.0
hsa-mir-4274,0.0
hsa-mir-4273,0.0
hsa-mir-5701-3,0.0
hsa-mir-5701-2,0.0
hsa-mir-5701-1,0.0
hsa-mir-5692b,0.0
hsa-mir-3714,0.0
hsa-mir-3713,0.0
hsa-mir-4477a,0.0
hsa-mir-4475,0.0
hsa-mir-4472-2,0.0
hsa-mir-4472-1,0.0
hsa-mir-557,0.0
hsa-mir-553,0.0
hsa-mir-759,0.0
hsa-mir-6128,0.0
hsa-mir-6089-2,0.0
hsa-mir-6089-1,0.0
hsa-mir-4509-1,0.0
hsa-mir-4500,0.0
hsa-mir-4499,0.0
hsa-mir-3690-2,0.0
hsa-mir-3689d-2,0.0
hsa-mir-3908,0.0
hsa-mir-4283-1,0.0
hsa-mir-4282,0.0
hsa-mir-4259,0.0
hsa-mir-4255,0.0
hsa-mir-4253,0.0
hsa-mir-4252,0.0
hsa-mir-4251,0.0
hsa-mir-4281,0.0
hsa-mir-5739,0.0
hsa-mir-4261,0.0
hsa-mir-3978,0.0
hsa-mir-3977,0.0
hsa-mir-3976,0.0
hsa-mir-3974,0.0
hsa-mir-6724-4,0.0
hsa-mir-6724-3,0.0
hsa-mir-6724-2,0.0
hsa-mir-6724-1,0.0
hsa-mir-4514,0.0
hsa-mir-4509-3,0.0
hsa-mir-4509-2,0.0
hsa-mir-4531,0.0
hsa-mir-4524b,0.0
hsa-mir-8067,0.0
hsa-mir-8065,0.0
hsa-mir-8063,0.0
hsa-mir-8062,0.0
hsa-mir-8061,0.0
hsa-mir-8060,0.0
hsa-mir-8057,0.0
hsa-mir-8056,0.0
hsa-mir-8055,0.0
hsa-mir-8054,0.0
hsa-mir-8053,0.0
hsa-mir-920,0.0
hsa-mir-548g,0.0
hsa-mir-4272,0.0
hsa-mir-4269,0.0
hsa-mir-4268,0.0
hsa-mir-4265,0.0
hsa-mir-4262,0.0
hsa-mir-5787,0.0
hsa-mir-8081,0.0
hsa-mir-8080,0.0
hsa-mir-8078,0.0
hsa-mir-8076,0.0
hsa-mir-8074,0.0
hsa-mir-8071-2,0.0
hsa-mir-8071-1,0.0
hsa-mir-8070,0.0
hsa-mir-8069-2,0.0
hsa-mir-8069-1,0.0
hsa-mir-8088,0.0
hsa-mir-8087,0.0
hsa-mir-8084,0.0
hsa-mir-548f-3,0.0
hsa-mir-548f-2,0.0
hsa-mir-941-5,0.0
hsa-mir-941-4,0.0
